frame_id,device_timestamp_us,sdk_system_timestamp_us,host_receive_us,bytes,source_gap,soi,sender_accepts,trimmed_bytes,first_eoi_end,last_eoi_end
1,61538667703,1789006405076472,1789006405077793,74076,0,1,1,42080,42080,42080
2,61538701011,1789006405109471,1789006405112155,74076,0,1,1,43055,43055,43055
3,61538734320,1789006405142728,1789006405144050,74076,0,1,1,41970,41970,41970
4,61538767628,1789006405176341,1789006405177257,74076,0,1,1,42800,42800,42800
5,61538800937,1789006405209496,1789006405210958,74076,0,1,1,42745,42745,42745
6,61538834246,1789006405243120,1789006405244723,74076,0,1,1,42904,42904,42904
7,61538867554,1789006405276699,1789006405277916,74076,0,1,1,41794,41794,41794
8,61538900863,1789006405309337,1789006405310772,74076,0,1,1,42638,42638,42638
9,61538934171,1789006405342746,1789006405344323,74076,0,1,1,42135,42135,42135
10,61538967480,1789006405376595,1789006405378703,74076,0,1,1,41992,41992,41992
11,61539000789,1789006405409314,1789006405410563,74076,0,1,1,42721,42721,42721
12,61539034097,1789006405442417,1789006405444354,74076,0,1,1,42033,42033,42033
13,61539067406,1789006405476475,1789006405478199,74076,0,1,1,42625,42625,42625
14,61539100714,1789006405509207,1789006405510603,74076,0,1,1,42142,42142,42142
15,61539134023,1789006405542493,1789006405544198,74076,0,1,1,42077,42077,42077
16,61539167332,1789006405576302,1789006405578097,74076,0,1,1,42858,42858,42858
17,61539200640,1789006405609186,1789006405610334,74076,0,1,1,42621,42621,42621
18,61539233949,1789006405642415,1789006405644187,74076,0,1,1,42898,42898,42898
19,61539267257,1789006405676268,1789006405678153,74076,0,1,1,42902,42902,42902
20,61539300566,1789006405709262,1789006405710502,74076,0,1,1,42793,42793,42793
21,61539333875,1789006405742402,1789006405744188,74076,0,1,1,42585,42585,42585
22,61539367183,1789006405775552,1789006405778346,74076,0,1,1,42006,42006,42006
23,61539400492,1789006405808936,1789006405810402,74076,0,1,1,42840,42840,42840
24,61539433800,1789006405842163,1789006405843695,74076,0,1,1,42861,42861,42861
25,61539467109,1789006405876058,1789006405877591,74076,0,1,1,43037,43037,43037
26,61539500418,1789006405908932,1789006405910338,74076,0,1,1,42705,42705,42705
27,61539533726,1789006405942557,1789006405944653,74076,0,1,1,42843,42843,42843
28,61539567035,1789006405976045,1789006405977663,74076,0,1,1,42899,42899,42899
29,61539600343,1789006406008805,1789006406010199,74076,0,1,1,43021,43021,43021
30,61539633652,1789006406042509,1789006406043622,74076,0,1,1,42758,42758,42758
31,61539666961,1789006406075804,1789006406077740,74076,0,1,1,42832,42832,42832
32,61539700269,1789006406108986,1789006406110345,74076,0,1,1,41917,41917,41917
33,61539733578,1789006406142140,1789006406143616,74076,0,1,1,42791,42791,42791
34,61539766886,1789006406175268,1789006406177302,74076,0,1,1,42093,42093,42093
35,61539800195,1789006406208962,1789006406210537,74076,0,1,1,42864,42864,42864
36,61539833504,1789006406241809,1789006406243481,74076,0,1,1,42850,42850,42850
37,61539866812,1789006406275281,1789006406277526,74076,0,1,1,42723,42723,42723
38,61539900121,1789006406309151,1789006406310607,74076,0,1,1,42077,42077,42077
39,61539933429,1789006406341752,1789006406343287,74076,0,1,1,42783,42783,42783
40,61539966738,1789006406375111,1789006406377498,74076,0,1,1,41950,41950,41950
41,61540000047,1789006406408930,1789006406410498,74076,0,1,1,42841,42841,42841
42,61540033355,1789006406441796,1789006406443170,74076,0,1,1,42938,42938,42938
43,61540066664,1789006406475015,1789006406476621,74076,0,1,1,42077,42077,42077
44,61540099972,1789006406509086,1789006406510591,74076,0,1,1,43040,43040,43040
45,61540133281,1789006406541784,1789006406543185,74076,0,1,1,43214,43214,43214
46,61540166590,1789006406575349,1789006406576810,74076,0,1,1,43161,43161,43161
47,61540199898,1789006406609043,1789006406610493,74076,0,1,1,42161,42161,42161
48,61540233207,1789006406641516,1789006406643197,74076,0,1,1,43041,43041,43041
49,61540266515,1789006406674952,1789006406676351,74076,0,1,1,42150,42150,42150
50,61540299824,1789006406708700,1789006406710718,74076,0,1,1,43078,43078,43078
51,61540333133,1789006406741572,1789006406743073,74076,0,1,1,42354,42354,42354
52,61540366441,1789006406774924,1789006406776419,74076,0,1,1,42344,42344,42344
53,61540399750,1789006406808610,1789006406810178,74076,0,1,1,42355,42355,42355
54,61540433058,1789006406841378,1789006406842918,74076,0,1,1,42292,42292,42292
55,61540466367,1789006406874929,1789006406876274,74076,0,1,1,42416,42416,42416
56,61540499676,1789006406908478,1789006406910091,74076,0,1,1,42357,42357,42357
57,61540532984,1789006406941469,1789006406943096,74076,0,1,1,42429,42429,42429
58,61540566293,1789006406975009,1789006406976399,74076,0,1,1,42401,42401,42401
59,61540599601,1789006407008472,1789006407010224,74076,0,1,1,43086,43086,43086
60,61540632910,1789006407041354,1789006407042971,74076,0,1,1,43168,43168,43168
61,61540666219,1789006407074617,1789006407076255,74076,0,1,1,43171,43171,43171
62,61540699527,1789006407107951,1789006407109579,74076,0,1,1,43147,43147,43147
63,61540732836,1789006407141295,1789006407142670,74076,0,1,1,43041,43041,43041
64,61540766144,1789006407174513,1789006407176315,74076,0,1,1,42422,42422,42422
65,61540799453,1789006407210152,1789006407211350,74076,0,1,1,43081,43081,43081
66,61540832762,1789006407241182,1789006407242487,74076,0,1,1,42325,42325,42325
67,61540866070,1789006407274432,1789006407275981,74076,0,1,1,42265,42265,42265
68,61540899379,1789006407307919,1789006407309353,74076,0,1,1,42893,42893,42893
69,61540932687,1789006407341483,1789006407343368,74076,0,1,1,43062,43062,43062
70,61540965996,1789006407374395,1789006407376293,74076,0,1,1,42955,42955,42955
71,61540999305,1789006407408104,1789006407410104,74076,0,1,1,43115,43115,43115
72,61541032613,1789006407441621,1789006407443274,74076,0,1,1,43180,43180,43180
73,61541065922,1789006407474380,1789006407475845,74076,0,1,1,42284,42284,42284
74,61541099230,1789006407507752,1789006407509271,74076,0,1,1,42313,42313,42313
75,61541132539,1789006407541561,1789006407543192,74076,0,1,1,42357,42357,42357
76,61541165848,1789006407574612,1789006407576164,74076,0,1,1,42444,42444,42444
77,61541199156,1789006407607627,1789006407609155,74076,0,1,1,42050,42050,42050
78,61541232465,1789006407640956,1789006407642656,74076,0,1,1,43035,43035,43035
79,61541265773,1789006407674182,1789006407675940,74076,0,1,1,42878,42878,42878
80,61541299082,1789006407707573,1789006407709199,74076,0,1,1,42832,42832,42832
81,61541332391,1789006407740798,1789006407742138,74076,0,1,1,42141,42141,42141
82,61541365699,1789006407774143,1789006407782498,74076,0,1,1,41960,41960,41960
83,61541399008,1789006407807708,1789006407809125,74076,0,1,1,42812,42812,42812
84,61541432316,1789006407840788,1789006407842306,74076,0,1,1,43008,43008,43008
85,61541465625,1789006407874134,1789006407875759,74076,0,1,1,42269,42269,42269
86,61541498934,1789006407907931,1789006407908947,74076,0,1,1,43255,43255,43255
87,61541532242,1789006407940650,1789006407942737,74076,0,1,1,42837,42837,42837
88,61541565551,1789006407974243,1789006407975743,74076,0,1,1,42926,42926,42926
89,61541598859,1789006408007444,1789006408008944,74076,0,1,1,42273,42273,42273
90,61541632168,1789006408041039,1789006408043287,74076,0,1,1,42302,42302,42302
91,61541665477,1789006408073842,1789006408075378,74076,0,1,1,42142,42142,42142
92,61541698785,1789006408107263,1789006408108751,74076,0,1,1,42967,42967,42967
93,61541732094,1789006408140502,1789006408141973,74076,0,1,1,42857,42857,42857
94,61541765402,1789006408173912,1789006408175440,74076,0,1,1,42014,42014,42014
95,61541798711,1789006408207440,1789006408208827,74076,0,1,1,42306,42306,42306
96,61541832020,1789006408240335,1789006408241951,74076,0,1,1,43027,43027,43027
97,61541865328,1789006408273930,1789006408275400,74076,0,1,1,42313,42313,42313
98,61541898637,1789006408307307,1789006408308655,74076,0,1,1,42256,42256,42256
99,61541931945,1789006408340885,1789006408342838,74076,0,1,1,43295,43295,43295
100,61541965254,1789006408373844,1789006408375431,74076,0,1,1,42080,42080,42080
101,61541998563,1789006408407152,1789006408408643,74076,0,1,1,42243,42243,42243
102,61542031871,1789006408440784,1789006408442671,74076,0,1,1,42318,42318,42318
103,61542065180,1789006408474145,1789006408475987,74076,0,1,1,43148,43148,43148
104,61542098488,1789006408506984,1789006408508493,74076,0,1,1,42935,42935,42935
105,61542131797,1789006408540328,1789006408542252,74076,0,1,1,42388,42388,42388
106,61542165106,1789006408574264,1789006408576084,74076,0,1,1,42988,42988,42988
107,61542198414,1789006408607111,1789006408608594,74076,0,1,1,43074,43074,43074
108,61542231723,1789006408640155,1789006408641597,74076,0,1,1,42325,42325,42325
109,61542265031,1789006408673935,1789006408676255,74076,0,1,1,42210,42210,42210
110,61542298340,1789006408706849,1789006408708343,74076,0,1,1,41984,41984,41984
111,61542331649,1789006408740173,1789006408741514,74076,0,1,1,43098,43098,43098
112,61542364957,1789006408774050,1789006408776651,74076,0,1,1,42214,42214,42214
113,61542398266,1789006408806753,1789006408808265,74076,0,1,1,42806,42806,42806
114,61542431574,1789006408839977,1789006408841561,74076,0,1,1,42307,42307,42307
115,61542464883,1789006408874013,1789006408875670,74076,0,1,1,42184,42184,42184
116,61542498192,1789006408906529,1789006408908083,74076,0,1,1,42170,42170,42170
117,61542531500,1789006408939971,1789006408941473,74076,0,1,1,43047,43047,43047
118,61542564809,1789006408973311,1789006408974816,74076,0,1,1,42967,42967,42967
119,61542598117,1789006409006486,1789006409008290,74076,0,1,1,42219,42219,42219
120,61542631426,1789006409039943,1789006409041351,74076,0,1,1,42348,42348,42348
121,61542664735,1789006409073927,1789006409075460,74076,0,1,1,42974,42974,42974
122,61542698043,1789006409106549,1789006409108377,74076,0,1,1,42703,42703,42703
123,61542731352,1789006409139953,1789006409141355,74076,0,1,1,42928,42928,42928
124,61542764660,1789006409173870,1789006409175596,74076,0,1,1,42166,42166,42166
125,61542797969,1789006409206410,1789006409207978,74076,0,1,1,42950,42950,42950
126,61542831278,1789006409239805,1789006409241338,74076,0,1,1,42924,42924,42924
127,61542864586,1789006409273084,1789006409275323,74076,0,1,1,42234,42234,42234
128,61542897895,1789006409306438,1789006409309967,74076,0,1,1,42880,42880,42880
129,61542931203,1789006409339781,1789006409341250,74076,0,1,1,42953,42953,42953
130,61542964512,1789006409373481,1789006409375379,74076,0,1,1,42238,42238,42238
131,61542997821,1789006409406373,1789006409408080,74076,0,1,1,42356,42356,42356
132,61543031129,1789006409439978,1789006409441119,74076,0,1,1,42112,42112,42112
133,61543064438,1789006409472953,1789006409474405,74076,0,1,1,41968,41968,41968
134,61543097746,1789006409506967,1789006409508180,74076,0,1,1,42988,42988,42988
135,61543131055,1789006409539563,1789006409540982,74076,0,1,1,42278,42278,42278
136,61543164364,1789006409572885,1789006409574342,74076,0,1,1,42195,42195,42195
137,61543197672,1789006409606943,1789006409608400,74076,0,1,1,42154,42154,42154
138,61543230981,1789006409639446,1789006409641029,74076,0,1,1,42325,42325,42325
139,61543264289,1789006409672812,1789006409674270,74076,0,1,1,42302,42302,42302
140,61543297598,1789006409706767,1789006409708410,74076,0,1,1,42193,42193,42193
141,61543330907,1789006409739446,1789006409740782,74076,0,1,1,42310,42310,42310
142,61543364215,1789006409772552,1789006409774187,74076,0,1,1,42248,42248,42248
143,61543397524,1789006409806084,1789006409807659,74076,0,1,1,43054,43054,43054
144,61543430832,1789006409839417,1789006409840681,74076,0,1,1,43031,43031,43031
145,61543464141,1789006409872609,1789006409874161,74076,0,1,1,42295,42295,42295
146,61543497450,1789006409906576,1789006409908164,74076,0,1,1,42842,42842,42842
147,61543530758,1789006409939375,1789006409940887,74076,0,1,1,42299,42299,42299
148,61543564067,1789006409972545,1789006409974030,74076,0,1,1,42540,42540,42540
149,61543597375,1789006410006277,1789006410008458,74076,0,1,1,42830,42830,42830
150,61543630684,1789006410039216,1789006410040732,74076,0,1,1,42922,42922,42922
151,61543663993,1789006410072400,1789006410074165,74076,0,1,1,42934,42934,42934
152,61543697301,1789006410106442,1789006410108398,74076,0,1,1,42243,42243,42243
153,61543730610,1789006410139179,1789006410140606,74076,0,1,1,42314,42314,42314
154,61543763918,1789006410172379,1789006410174021,74076,0,1,1,42975,42975,42975
155,61543797227,1789006410206265,1789006410208515,74076,0,1,1,42088,42088,42088
156,61543830536,1789006410238972,1789006410240722,74076,0,1,1,42089,42089,42089
157,61543863844,1789006410272327,1789006410273892,74076,0,1,1,42085,42085,42085
158,61543897153,1789006410306253,1789006410307838,74076,0,1,1,42278,42278,42278
159,61543930461,1789006410338950,1789006410342045,74076,0,1,1,42141,42141,42141
160,61543963770,1789006410372286,1789006410373714,74076,0,1,1,42143,42143,42143
161,61543997079,1789006410405907,1789006410407686,74076,0,1,1,42263,42263,42263
162,61544030387,1789006410439575,1789006410440641,74076,0,1,1,42807,42807,42807
163,61544063696,1789006410472207,1789006410473923,74076,0,1,1,42190,42190,42190
164,61544097004,1789006410505407,1789006410507132,74076,0,1,1,42326,42326,42326
165,61544130313,1789006410539313,1789006410540833,74076,0,1,1,42252,42252,42252
166,61544163622,1789006410572144,1789006410573515,74076,0,1,1,42971,42971,42971
167,61544196930,1789006410605893,1789006410607578,74076,0,1,1,43049,43049,43049
168,61544230239,1789006410639280,1789006410640721,74076,0,1,1,42271,42271,42271
169,61544263547,1789006410672074,1789006410673401,74076,0,1,1,42434,42434,42434
170,61544296856,1789006410705353,1789006410706890,74076,0,1,1,42312,42312,42312
171,61544330165,1789006410739035,1789006410740196,74076,0,1,1,42322,42322,42322
172,61544363473,1789006410771975,1789006410773318,74076,0,1,1,42301,42301,42301
173,61544396782,1789006410805324,1789006410806600,74076,0,1,1,42845,42845,42845
174,61544430090,1789006410839123,1789006410841357,74076,0,1,1,42434,42434,42434
175,61544463399,1789006410874047,1789006410875037,74076,0,1,1,42136,42136,42136
176,61544496708,1789006410905191,1789006410906550,74076,0,1,1,42995,42995,42995
177,61544530016,1789006410938548,1789006410940716,74076,0,1,1,42221,42221,42221
178,61544563325,1789006410971844,1789006410973274,74076,0,1,1,42828,42828,42828
179,61544596633,1789006411005227,1789006411006673,74076,0,1,1,42307,42307,42307
180,61544629942,1789006411038851,1789006411040547,74076,0,1,1,43263,43263,43263
181,61544663251,1789006411071752,1789006411073126,74076,0,1,1,42257,42257,42257
182,61544696559,1789006411105004,1789006411106537,74076,0,1,1,42314,42314,42314
183,61544729868,1789006411138916,1789006411140515,74076,0,1,1,42011,42011,42011
184,61544763176,1789006411171618,1789006411173279,74076,0,1,1,43099,43099,43099
185,61544796485,1789006411205011,1789006411206467,74076,0,1,1,42164,42164,42164
186,61544829794,1789006411239025,1789006411240539,74076,0,1,1,43094,43094,43094
187,61544863102,1789006411271604,1789006411273059,74076,0,1,1,42941,42941,42941
188,61544896411,1789006411305017,1789006411306435,74076,0,1,1,42151,42151,42151
189,61544929719,1789006411338304,1789006411339863,74076,0,1,1,42386,42386,42386
190,61544963028,1789006411371528,1789006411373112,74076,0,1,1,42132,42132,42132
191,61544996337,1789006411405336,1789006411406222,74076,0,1,1,42226,42226,42226
192,61545029645,1789006411438178,1789006411439715,74076,0,1,1,43269,43269,43269
193,61545062954,1789006411471494,1789006411472958,74076,0,1,1,43006,43006,43006
194,61545096262,1789006411505190,1789006411506159,74076,0,1,1,42834,42834,42834
195,61545129571,1789006411538160,1789006411539619,74076,0,1,1,42462,42462,42462
196,61545162880,1789006411572049,1789006411573397,74076,0,1,1,42884,42884,42884
197,61545196188,1789006411604513,1789006411606215,74076,0,1,1,42175,42175,42175
198,61545229497,1789006411638065,1789006411639589,74076,0,1,1,42233,42233,42233
199,61545262805,1789006411671687,1789006411673724,74076,0,1,1,42122,42122,42122
200,61545296114,1789006411704642,1789006411706035,74076,0,1,1,42273,42273,42273
201,61545329423,1789006411737936,1789006411739295,74076,0,1,1,42061,42061,42061
202,61545362731,1789006411771310,1789006411772828,74076,0,1,1,41937,41937,41937
203,61545396040,1789006411804487,1789006411806031,74076,0,1,1,42989,42989,42989
204,61545429348,1789006411837925,1789006411839345,74076,0,1,1,43003,43003,43003
205,61545462657,1789006411871748,1789006411873348,74076,0,1,1,42274,42274,42274
206,61545495966,1789006411904520,1789006411906059,74076,0,1,1,42192,42192,42192
207,61545529274,1789006411937803,1789006411939259,74076,0,1,1,42435,42435,42435
208,61545562583,1789006411971118,1789006411972970,74076,0,1,1,42935,42935,42935
209,61545595891,1789006412004448,1789006412005849,74076,0,1,1,42206,42206,42206
210,61545629200,1789006412037750,1789006412039134,74076,0,1,1,42159,42159,42159
211,61545662509,1789006412071514,1789006412073060,74076,0,1,1,42207,42207,42207
212,61545695817,1789006412104470,1789006412105857,74076,0,1,1,42740,42740,42740
213,61545729126,1789006412137730,1789006412139131,74076,0,1,1,43260,43260,43260
214,61545762434,1789006412171540,1789006412173470,74076,0,1,1,42939,42939,42939
215,61545795743,1789006412204277,1789006412206014,74076,0,1,1,42130,42130,42130
216,61545829052,1789006412237513,1789006412239159,74076,0,1,1,42999,42999,42999
217,61545862360,1789006412271212,1789006412273390,74076,0,1,1,42979,42979,42979
218,61545895669,1789006412304237,1789006412305971,74076,0,1,1,42225,42225,42225
219,61545928977,1789006412337595,1789006412339010,74076,0,1,1,42949,42949,42949
220,61545962286,1789006412371767,1789006412374198,74076,0,1,1,42249,42249,42249
221,61545995595,1789006412404041,1789006412405792,74076,0,1,1,42426,42426,42426
222,61546028903,1789006412437463,1789006412439223,74076,0,1,1,42951,42951,42951
223,61546062212,1789006412470871,1789006412472565,74076,0,1,1,42157,42157,42157
224,61546095520,1789006412504091,1789006412505795,74076,0,1,1,42118,42118,42118
225,61546128829,1789006412537470,1789006412538767,74076,0,1,1,43110,43110,43110
226,61546162138,1789006412571232,1789006412573429,74076,0,1,1,43046,43046,43046
227,61546195446,1789006412604144,1789006412605563,74076,0,1,1,42997,42997,42997
228,61546228755,1789006412637319,1789006412638828,74076,0,1,1,43060,43060,43060
229,61546262063,1789006412670621,1789006412671964,74076,0,1,1,42929,42929,42929
230,61546295372,1789006412704215,1789006412705683,74076,0,1,1,42794,42794,42794
231,61546328681,1789006412737232,1789006412738562,74076,0,1,1,42252,42252,42252
232,61546361989,1789006412770517,1789006412771965,74076,0,1,1,42188,42188,42188
233,61546395298,1789006412804211,1789006412806040,74076,0,1,1,42141,42141,42141
234,61546428606,1789006412837164,1789006412838580,74076,0,1,1,42342,42342,42342
235,61546461915,1789006412870457,1789006412871880,74076,0,1,1,42108,42108,42108
236,61546495224,1789006412904209,1789006412905848,74076,0,1,1,42200,42200,42200
237,61546528532,1789006412937091,1789006412938466,74076,0,1,1,41991,41991,41991
238,61546561841,1789006412970367,1789006412971754,74076,0,1,1,42876,42876,42876
239,61546595149,1789006413004018,1789006413006305,74076,0,1,1,42347,42347,42347
240,61546628458,1789006413036972,1789006413038386,74076,0,1,1,42961,42961,42961
241,61546661767,1789006413070285,1789006413071705,74076,0,1,1,42894,42894,42894
242,61546695075,1789006413104130,1789006413106320,74076,0,1,1,42933,42933,42933
243,61546728384,1789006413136991,1789006413138412,74076,0,1,1,42922,42922,42922
244,61546761692,1789006413170221,1789006413171646,74076,0,1,1,42226,42226,42226
245,61546795001,1789006413203516,1789006413206069,74076,0,1,1,42101,42101,42101
246,61546828310,1789006413236789,1789006413238199,74076,0,1,1,42425,42425,42425
247,61546861618,1789006413270148,1789006413271539,74076,0,1,1,43198,43198,43198
248,61546894927,1789006413303463,1789006413305111,74076,0,1,1,43125,43125,43125
249,61546928235,1789006413336822,1789006413338273,74076,0,1,1,42443,42443,42443
250,61546961544,1789006413370061,1789006413371390,74076,0,1,1,42903,42903,42903
251,61546994853,1789006413403692,1789006413405737,74076,0,1,1,43012,43012,43012
252,61547028161,1789006413436715,1789006413438096,74076,0,1,1,42347,42347,42347
253,61547061470,1789006413470075,1789006413471441,74076,0,1,1,42340,42340,42340
254,61547094778,1789006413503424,1789006413504948,74076,0,1,1,42862,42862,42862
255,61547128087,1789006413536626,1789006413538189,74076,0,1,1,43084,43084,43084
256,61547161396,1789006413570269,1789006413571579,74076,0,1,1,42268,42268,42268
257,61547194704,1789006413603576,1789006413605730,74076,0,1,1,42017,42017,42017
258,61547228013,1789006413636539,1789006413638132,74076,0,1,1,42336,42336,42336
259,61547261321,1789006413669908,1789006413671237,74076,0,1,1,42252,42252,42252
260,61547294630,1789006413703155,1789006413704724,74076,0,1,1,42136,42136,42136
261,61547327939,1789006413736742,1789006413738207,74076,0,1,1,43067,43067,43067
262,61547361247,1789006413769835,1789006413771158,74076,0,1,1,42258,42258,42258
263,61547394556,1789006413803119,1789006413804669,74076,0,1,1,42269,42269,42269
264,61547427864,1789006413836888,1789006413838425,74076,0,1,1,43039,43039,43039
265,61547461173,1789006413869768,1789006413871115,74076,0,1,1,43096,43096,43096
266,61547494482,1789006413903006,1789006413905207,74076,0,1,1,42332,42332,42332
267,61547527790,1789006413936943,1789006413938578,74076,0,1,1,43327,43327,43327
268,61547561099,1789006413969685,1789006413971143,74076,0,1,1,43014,43014,43014
269,61547594407,1789006414003025,1789006414004343,74076,0,1,1,43166,43166,43166
270,61547627716,1789006414036552,1789006414038343,74076,0,1,1,43030,43030,43030
271,61547661025,1789006414069666,1789006414071071,74076,0,1,1,42488,42488,42488
272,61547694333,1789006414102923,1789006414104453,74076,0,1,1,42340,42340,42340
273,61547727642,1789006414136235,1789006414137734,74076,0,1,1,42488,42488,42488
274,61547760950,1789006414169536,1789006414171155,74076,0,1,1,43009,43009,43009
275,61547794259,1789006414202690,1789006414204302,74076,0,1,1,42368,42368,42368
276,61547827568,1789006414236085,1789006414238287,74076,0,1,1,42495,42495,42495
277,61547860876,1789006414269431,1789006414270733,74076,0,1,1,43019,43019,43019
278,61547894185,1789006414302679,1789006414304195,74076,0,1,1,42500,42500,42500
279,61547927493,1789006414336870,1789006414338376,74076,0,1,1,42470,42470,42470
280,61547960802,1789006414369398,1789006414370619,74076,0,1,1,42480,42480,42480
281,61547994111,1789006414402644,1789006414404190,74076,0,1,1,42433,42433,42433
282,61548027419,1789006414436092,1789006414438291,74076,0,1,1,43128,43128,43128
283,61548060728,1789006414469249,1789006414470860,74076,0,1,1,42490,42490,42490
284,61548094036,1789006414502624,1789006414504711,74076,0,1,1,42318,42318,42318
285,61548127345,1789006414536230,1789006414538210,74076,0,1,1,42408,42408,42408
286,61548160654,1789006414569228,1789006414570592,74076,0,1,1,43075,43075,43075
287,61548193962,1789006414602508,1789006414604163,74076,0,1,1,43223,43223,43223
288,61548227271,1789006414635852,1789006414638004,74076,0,1,1,42180,42180,42180
289,61548260579,1789006414669172,1789006414670554,74076,0,1,1,42988,42988,42988
290,61548293888,1789006414702344,1789006414703809,74076,0,1,1,42939,42939,42939
291,61548327197,1789006414736083,1789006414738120,74076,0,1,1,42348,42348,42348
292,61548360505,1789006414769095,1789006414770374,74076,0,1,1,43041,43041,43041
293,61548393814,1789006414802322,1789006414803771,74076,0,1,1,42588,42588,42588
294,61548427122,1789006414835667,1789006414837194,74076,0,1,1,42280,42280,42280
295,61548460431,1789006414869588,1789006414871186,74076,0,1,1,43032,43032,43032
296,61548493740,1789006414902306,1789006414903736,74076,0,1,1,43265,43265,43265
297,61548527048,1789006414936038,1789006414938211,74076,0,1,1,42599,42599,42599
298,61548560357,1789006414969190,1789006414971202,74076,0,1,1,42341,42341,42341
299,61548593665,1789006415002139,1789006415003766,74076,0,1,1,42393,42393,42393
300,61548626974,1789006415035712,1789006415037829,74076,0,1,1,43176,43176,43176
301,61548660283,1789006415069260,1789006415071147,74076,0,1,1,43062,43062,43062
302,61548693591,1789006415102101,1789006415103597,74076,0,1,1,42435,42435,42435
303,61548726900,1789006415135404,1789006415137045,74076,0,1,1,42420,42420,42420
304,61548760208,1789006415169141,1789006415171030,74076,0,1,1,42334,42334,42334
305,61548793517,1789006415202085,1789006415203576,74076,0,1,1,42132,42132,42132
306,61548826826,1789006415235383,1789006415236984,74076,0,1,1,42962,42962,42962
307,61548860134,1789006415269090,1789006415270933,74076,0,1,1,43064,43064,43064
308,61548893443,1789006415302040,1789006415303480,74076,0,1,1,42982,42982,42982
309,61548926751,1789006415335276,1789006415336768,74076,0,1,1,42369,42369,42369
310,61548960060,1789006415368653,1789006415370720,74076,0,1,1,43111,43111,43111
311,61548993369,1789006415401922,1789006415403281,74076,0,1,1,42874,42874,42874
312,61549026677,1789006415435252,1789006415436789,74076,0,1,1,42154,42154,42154
313,61549059986,1789006415468973,1789006415470526,74076,0,1,1,42857,42857,42857
314,61549093294,1789006415501846,1789006415503186,74076,0,1,1,42042,42042,42042
315,61549126603,1789006415535129,1789006415536602,74076,0,1,1,42250,42250,42250
316,61549159912,1789006415570498,1789006415571608,74076,0,1,1,42997,42997,42997
317,61549193220,1789006415601801,1789006415603299,74076,0,1,1,42414,42414,42414
318,61549226529,1789006415635209,1789006415636584,74076,0,1,1,43188,43188,43188
319,61549259837,1789006415668495,1789006415670657,74076,0,1,1,43096,43096,43096
320,61549293146,1789006415701706,1789006415703207,74076,0,1,1,43062,43062,43062
321,61549326455,1789006415735180,1789006415736565,74076,0,1,1,42264,42264,42264
322,61549359763,1789006415768546,1789006415769916,74076,0,1,1,42442,42442,42442
323,61549393072,1789006415801655,1789006415803135,74076,0,1,1,42252,42252,42252
324,61549426380,1789006415835159,1789006415836526,74076,0,1,1,43064,43064,43064
325,61549459689,1789006415868553,1789006415870574,74076,0,1,1,42913,42913,42913
326,61549492998,1789006415901596,1789006415902843,74076,0,1,1,43191,43191,43191
327,61549526306,1789006415935339,1789006415936358,74076,0,1,1,42941,42941,42941
328,61549559615,1789006415968587,1789006415970581,74076,0,1,1,43050,43050,43050
329,61549592923,1789006416001932,1789006416003446,74076,0,1,1,42271,42271,42271
330,61549626232,1789006416034769,1789006416036474,74076,0,1,1,42282,42282,42282
331,61549659541,1789006416068092,1789006416069451,74076,0,1,1,42936,42936,42936
332,61549692849,1789006416102758,1789006416106320,74076,0,1,1,42927,42927,42927
333,61549726158,1789006416134688,1789006416136187,74076,0,1,1,42173,42173,42173
334,61549759466,1789006416168054,1789006416170130,74076,0,1,1,42182,42182,42182
335,61549792775,1789006416201853,1789006416203694,74076,0,1,1,41893,41893,41893
336,61549826084,1789006416234514,1789006416236169,74076,0,1,1,42270,42270,42270
337,61549859392,1789006416268055,1789006416269418,74076,0,1,1,43005,43005,43005
338,61549892701,1789006416301320,1789006416303290,74076,0,1,1,43005,43005,43005
339,61549926009,1789006416334397,1789006416336262,74076,0,1,1,42434,42434,42434
340,61549959318,1789006416367906,1789006416369214,74076,0,1,1,42294,42294,42294
341,61549992627,1789006416401664,1789006416404448,74076,0,1,1,42199,42199,42199
342,61550025935,1789006416434679,1789006416436098,74076,0,1,1,42453,42453,42453
343,61550059244,1789006416467776,1789006416469181,74076,0,1,1,42954,42954,42954
344,61550092552,1789006416501423,1789006416503460,74076,0,1,1,43023,43023,43023
345,61550125861,1789006416534384,1789006416536164,74076,0,1,1,43115,43115,43115
346,61550159170,1789006416567715,1789006416569100,74076,0,1,1,43047,43047,43047
347,61550192478,1789006416601388,1789006416603436,74076,0,1,1,42260,42260,42260
348,61550225787,1789006416634291,1789006416635770,74076,0,1,1,42315,42315,42315
349,61550259095,1789006416667610,1789006416669131,74076,0,1,1,42266,42266,42266
350,61550292404,1789006416701350,1789006416702891,74076,0,1,1,42251,42251,42251
351,61550325713,1789006416734292,1789006416736104,74076,0,1,1,42251,42251,42251
352,61550359021,1789006416767647,1789006416769157,74076,0,1,1,43014,43014,43014
353,61550392330,1789006416800914,1789006416803213,74076,0,1,1,42241,42241,42241
354,61550425638,1789006416834234,1789006416835751,74076,0,1,1,42259,42259,42259
355,61550458947,1789006416867521,1789006416869133,74076,0,1,1,43073,43073,43073
356,61550492256,1789006416901301,1789006416903438,74076,0,1,1,43051,43051,43051
357,61550525564,1789006416934099,1789006416935454,74076,0,1,1,42280,42280,42280
358,61550558873,1789006416967444,1789006416968892,74076,0,1,1,42310,42310,42310
359,61550592181,1789006417001026,1789006417002882,74076,0,1,1,43182,43182,43182
360,61550625490,1789006417035962,1789006417036288,74076,0,1,1,42026,42026,42026
361,61550658799,1789006417067412,1789006417068815,74076,0,1,1,42205,42205,42205
362,61550692107,1789006417100746,1789006417102090,74076,0,1,1,43160,43160,43160
363,61550725416,1789006417134587,1789006417137105,74076,0,1,1,42083,42083,42083
364,61550758724,1789006417167401,1789006417168781,74076,0,1,1,42054,42054,42054
365,61550792033,1789006417200614,1789006417202242,74076,0,1,1,43102,43102,43102
366,61550825342,1789006417234388,1789006417236036,74076,0,1,1,43009,43009,43009
367,61550858650,1789006417267306,1789006417268714,74076,0,1,1,42189,42189,42189
368,61550891959,1789006417300588,1789006417302163,74076,0,1,1,42178,42178,42178
369,61550925267,1789006417334310,1789006417336424,74076,0,1,1,42175,42175,42175
370,61550958576,1789006417367176,1789006417368623,74076,0,1,1,42986,42986,42986
371,61550991885,1789006417400492,1789006417401960,74076,0,1,1,41993,41993,41993
372,61551025193,1789006417434191,1789006417435957,74076,0,1,1,42923,42923,42923
373,61551058502,1789006417467101,1789006417468678,74076,0,1,1,42186,42186,42186
374,61551091810,1789006417500410,1789006417501902,74076,0,1,1,42847,42847,42847
375,61551125119,1789006417533668,1789006417535752,74076,0,1,1,42202,42202,42202
376,61551158428,1789006417567076,1789006417568470,74076,0,1,1,42929,42929,42929
377,61551191736,1789006417600339,1789006417601927,74076,0,1,1,42668,42668,42668
378,61551225045,1789006417633988,1789006417636348,74076,0,1,1,42878,42878,42878
379,61551258353,1789006417667214,1789006417671564,74076,0,1,1,42859,42859,42859
380,61551291662,1789006417700255,1789006417701902,74076,0,1,1,42920,42920,42920
381,61551324971,1789006417733499,1789006417735116,74076,0,1,1,42233,42233,42233
382,61551358279,1789006417766773,1789006417768188,74076,0,1,1,42234,42234,42234
383,61551391588,1789006417800058,1789006417801699,74076,0,1,1,42695,42695,42695
384,61551424896,1789006417833457,1789006417835656,74076,0,1,1,42790,42790,42790
385,61551458205,1789006417866828,1789006417868249,74076,0,1,1,42832,42832,42832
386,61551491514,1789006417900093,1789006417901449,74076,0,1,1,42860,42860,42860
387,61551524822,1789006417933409,1789006417935014,74076,0,1,1,42220,42220,42220
388,61551558131,1789006417966657,1789006417968247,74076,0,1,1,42184,42184,42184
389,61551591439,1789006417999819,1789006418001563,74076,0,1,1,42121,42121,42121
390,61551624748,1789006418033346,1789006418035631,74076,0,1,1,42843,42843,42843
391,61551658057,1789006418066651,1789006418068124,74076,0,1,1,42125,42125,42125
392,61551691365,1789006418099935,1789006418101331,74076,0,1,1,42124,42124,42124
393,61551724674,1789006418133750,1789006418135811,74076,0,1,1,42949,42949,42949
394,61551757982,1789006418166891,1789006418168693,74076,0,1,1,42754,42754,42754
395,61551791291,1789006418199845,1789006418201259,74076,0,1,1,42753,42753,42753
396,61551824600,1789006418233184,1789006418234752,74076,0,1,1,42102,42102,42102
397,61551857908,1789006418267017,1789006418268732,74076,0,1,1,43106,43106,43106
398,61551891217,1789006418299852,1789006418301209,74076,0,1,1,42910,42910,42910
399,61551924525,1789006418333069,1789006418335557,74076,0,1,1,42728,42728,42728
400,61551957834,1789006418366936,1789006418368485,74076,0,1,1,42078,42078,42078
401,61551991143,1789006418399716,1789006418401223,74076,0,1,1,42856,42856,42856
402,61552024451,1789006418433026,1789006418434254,74076,0,1,1,42223,42223,42223
403,61552057760,1789006418466750,1789006418468779,74076,0,1,1,42777,42777,42777
404,61552091068,1789006418499735,1789006418501158,74076,0,1,1,42096,42096,42096
405,61552124377,1789006418532861,1789006418534472,74076,0,1,1,42202,42202,42202
406,61552157686,1789006418566271,1789006418567762,74076,0,1,1,42216,42216,42216
407,61552190994,1789006418599585,1789006418601236,74076,0,1,1,42166,42166,42166
408,61552224303,1789006418632853,1789006418634377,74076,0,1,1,42243,42243,42243
409,61552257611,1789006418666659,1789006418668403,74076,0,1,1,42707,42707,42707
410,61552290920,1789006418699502,1789006418702827,74076,0,1,1,42721,42721,42721
411,61552324229,1789006418732738,1789006418734180,74076,0,1,1,42141,42141,42141
412,61552357537,1789006418766117,1789006418767745,74076,0,1,1,41877,41877,41877
413,61552390846,1789006418799451,1789006418801022,74076,0,1,1,42930,42930,42930
414,61552424154,1789006418832756,1789006418834219,74076,0,1,1,42263,42263,42263
415,61552457463,1789006418866344,1789006418868532,74076,0,1,1,42961,42961,42961
416,61552490772,1789006418899420,1789006418900967,74076,0,1,1,42789,42789,42789
417,61552524080,1789006418932658,1789006418934320,74076,0,1,1,42269,42269,42269
418,61552557389,1789006418966282,1789006418968324,74076,0,1,1,42562,42562,42562
419,61552590697,1789006418999556,1789006419000927,74076,0,1,1,42687,42687,42687
420,61552624006,1789006419032602,1789006419034216,74076,0,1,1,42083,42083,42083
421,61552657315,1789006419066227,1789006419068000,74076,0,1,1,42837,42837,42837
422,61552690623,1789006419099332,1789006419100816,74076,0,1,1,42147,42147,42147
423,61552723932,1789006419132527,1789006419134025,74076,0,1,1,42857,42857,42857
424,61552757240,1789006419165827,1789006419167256,74076,0,1,1,42138,42138,42138
425,61552790549,1789006419199109,1789006419200635,74076,0,1,1,42658,42658,42658
426,61552823858,1789006419232466,1789006419234076,74076,0,1,1,42102,42102,42102
427,61552857166,1789006419265733,1789006419267245,74076,0,1,1,42167,42167,42167
428,61552890475,1789006419299274,1789006419301105,74076,0,1,1,42793,42793,42793
429,61552923783,1789006419332372,1789006419333828,74076,0,1,1,42869,42869,42869
430,61552957092,1789006419365660,1789006419367224,74076,0,1,1,42878,42878,42878
431,61552990401,1789006419399354,1789006419401458,74076,0,1,1,42180,42180,42180
432,61553023709,1789006419432339,1789006419433890,74076,0,1,1,42263,42263,42263
433,61553057018,1789006419465614,1789006419467114,74076,0,1,1,42133,42133,42133
434,61553090326,1789006419499318,1789006419501247,74076,0,1,1,42911,42911,42911
435,61553123635,1789006419532137,1789006419533785,74076,0,1,1,42180,42180,42180
436,61553156944,1789006419565538,1789006419567166,74076,0,1,1,42188,42188,42188
437,61553190252,1789006419599335,1789006419601341,74076,0,1,1,42225,42225,42225
438,61553223561,1789006419632183,1789006419633625,74076,0,1,1,42963,42963,42963
439,61553256869,1789006419665439,1789006419666958,74076,0,1,1,42286,42286,42286
440,61553290178,1789006419699260,1789006419700706,74076,0,1,1,42218,42218,42218
441,61553323487,1789006419732087,1789006419733429,74076,0,1,1,42921,42921,42921
442,61553356795,1789006419765377,1789006419766691,74076,0,1,1,42195,42195,42195
443,61553390104,1789006419798728,1789006419800164,74076,0,1,1,42161,42161,42161
444,61553423412,1789006419831982,1789006419833506,74076,0,1,1,42200,42200,42200
445,61553456721,1789006419865253,1789006419866656,74076,0,1,1,42853,42853,42853
446,61553490030,1789006419899149,1789006419900588,74076,0,1,1,42862,42862,42862
447,61553523338,1789006419931880,1789006419933438,74076,0,1,1,43032,43032,43032
448,61553556647,1789006419965240,1789006419966652,74076,0,1,1,42254,42254,42254
449,61553589955,1789006419999034,1789006420000746,74076,0,1,1,42190,42190,42190
450,61553623264,1789006420031832,1789006420033400,74076,0,1,1,42194,42194,42194
451,61553656573,1789006420065177,1789006420066525,74076,0,1,1,42845,42845,42845
452,61553689881,1789006420098951,1789006420100717,74076,0,1,1,42273,42273,42273
453,61553723190,1789006420131750,1789006420133268,74076,0,1,1,42304,42304,42304
454,61553756498,1789006420165224,1789006420166669,74076,0,1,1,42228,42228,42228
455,61553789807,1789006420198681,1789006420199946,74076,0,1,1,42160,42160,42160
456,61553823116,1789006420231645,1789006420233155,74076,0,1,1,42862,42862,42862
457,61553856424,1789006420265257,1789006420266600,74076,0,1,1,42191,42191,42191
458,61553889733,1789006420298426,1789006420300236,74076,0,1,1,42102,42102,42102
459,61553923041,1789006420331626,1789006420333117,74076,0,1,1,42877,42877,42877
460,61553956350,1789006420365186,1789006420366513,74076,0,1,1,42881,42881,42881
461,61553989659,1789006420398275,1789006420400335,74076,0,1,1,42837,42837,42837
462,61554022967,1789006420431816,1789006420433569,74076,0,1,1,42904,42904,42904
463,61554056276,1789006420464866,1789006420466133,74076,0,1,1,42180,42180,42180
464,61554089584,1789006420498615,1789006420500113,74076,0,1,1,42993,42993,42993
465,61554122893,1789006420532029,1789006420533463,74076,0,1,1,42953,42953,42953
466,61554156202,1789006420564764,1789006420566304,74076,0,1,1,42752,42752,42752
467,61554189510,1789006420598146,1789006420599522,74076,0,1,1,42685,42685,42685
468,61554222819,1789006420632214,1789006420633764,74076,0,1,1,42309,42309,42309
469,61554256127,1789006420664707,1789006420666280,74076,0,1,1,42741,42741,42741
470,61554289436,1789006420698147,1789006420699502,74076,0,1,1,42179,42179,42179
471,61554322745,1789006420731356,1789006420733774,74076,0,1,1,42781,42781,42781
472,61554356053,1789006420764583,1789006420766223,74076,0,1,1,42950,42950,42950
473,61554389362,1789006420797971,1789006420799306,74076,0,1,1,42234,42234,42234
474,61554422670,1789006420831327,1789006420833486,74076,0,1,1,42115,42115,42115
475,61554455979,1789006420864683,1789006420866058,74076,0,1,1,42215,42215,42215
476,61554489288,1789006420897974,1789006420899330,74076,0,1,1,41905,41905,41905
477,61554522596,1789006420931230,1789006420933297,74076,0,1,1,42314,42314,42314
478,61554555905,1789006420964393,1789006420966245,74076,0,1,1,42132,42132,42132
479,61554589213,1789006420997716,1789006420999225,74076,0,1,1,42297,42297,42297
480,61554622522,1789006421031543,1789006421033215,74076,0,1,1,42099,42099,42099
481,61554655831,1789006421064404,1789006421066156,74076,0,1,1,42870,42870,42870
482,61554689139,1789006421097876,1789006421099206,74076,0,1,1,43033,43033,43033
483,61554722448,1789006421131051,1789006421133163,74076,0,1,1,42289,42289,42289
484,61554755756,1789006421164383,1789006421165838,74076,0,1,1,42230,42230,42230
485,61554789065,1789006421197698,1789006421199231,74076,0,1,1,42805,42805,42805
486,61554822374,1789006421231323,1789006421233379,74076,0,1,1,42900,42900,42900
487,61554855682,1789006421264267,1789006421266024,74076,0,1,1,42888,42888,42888
488,61554888991,1789006421297701,1789006421299482,74076,0,1,1,42216,42216,42216
489,61554922299,1789006421330922,1789006421332741,74076,0,1,1,42301,42301,42301
490,61554955608,1789006421364230,1789006421365992,74076,0,1,1,42111,42111,42111
491,61554988917,1789006421397564,1789006421399339,74076,0,1,1,42785,42785,42785
492,61555022225,1789006421431280,1789006421433375,74076,0,1,1,42895,42895,42895
493,61555055534,1789006421464299,1789006421465765,74076,0,1,1,42225,42225,42225
494,61555088842,1789006421497601,1789006421498831,74076,0,1,1,42892,42892,42892
495,61555122151,1789006421531215,1789006421532708,74076,0,1,1,43009,43009,43009
496,61555155460,1789006421564556,1789006421566201,74076,0,1,1,43144,43144,43144
497,61555188768,1789006421597358,1789006421598609,74076,0,1,1,41997,41997,41997
498,61555222077,1789006421630716,1789006421632298,74076,0,1,1,42831,42831,42831
499,61555255385,1789006421664529,1789006421665916,74076,0,1,1,41929,41929,41929
500,61555288694,1789006421697461,1789006421698765,74076,0,1,1,42848,42848,42848
501,61555322003,1789006421730623,1789006421732451,74076,0,1,1,43013,43013,43013
502,61555355311,1789006421763876,1789006421765430,74076,0,1,1,42212,42212,42212
503,61555388620,1789006421797242,1789006421798532,74076,0,1,1,43043,43043,43043
504,61555421928,1789006421830933,1789006421832226,74076,0,1,1,42273,42273,42273
505,61555455237,1789006421864397,1789006421865990,74076,0,1,1,42775,42775,42775
506,61555488546,1789006421897328,1789006421898699,74076,0,1,1,42154,42154,42154
507,61555521854,1789006421930438,1789006421931856,74076,0,1,1,42965,42965,42965
508,61555555163,1789006421964129,1789006421966488,74076,0,1,1,42890,42890,42890
509,61555588471,1789006421997118,1789006421998551,74076,0,1,1,42293,42293,42293
510,61555621780,1789006422030359,1789006422031773,74076,0,1,1,42985,42985,42985
511,61555655089,1789006422064257,1789006422066514,74076,0,1,1,42111,42111,42111
512,61555688397,1789006422097194,1789006422098607,74076,0,1,1,42947,42947,42947
513,61555721706,1789006422130292,1789006422131686,74076,0,1,1,42268,42268,42268
514,61555755014,1789006422163900,1789006422165921,74076,0,1,1,42872,42872,42872
515,61555788323,1789006422196979,1789006422198422,74076,0,1,1,42894,42894,42894
516,61555821632,1789006422230300,1789006422231618,74076,0,1,1,42923,42923,42923
517,61555854940,1789006422264140,1789006422265629,74076,0,1,1,42273,42273,42273
518,61555888249,1789006422296910,1789006422298271,74076,0,1,1,42216,42216,42216
519,61555921557,1789006422330147,1789006422331528,74076,0,1,1,42179,42179,42179
520,61555954866,1789006422364150,1789006422365509,74076,0,1,1,42829,42829,42829
521,61555988175,1789006422396818,1789006422398200,74076,0,1,1,42273,42273,42273
522,61556021483,1789006422430138,1789006422431533,74076,0,1,1,42960,42960,42960
523,61556054792,1789006422463388,1789006422464982,74076,0,1,1,42768,42768,42768
524,61556088100,1789006422496768,1789006422498192,74076,0,1,1,42907,42907,42907
525,61556121409,1789006422530044,1789006422531384,74076,0,1,1,42790,42790,42790
526,61556154718,1789006422563279,1789006422564798,74076,0,1,1,43010,43010,43010
527,61556188026,1789006422596706,1789006422598164,74076,0,1,1,42156,42156,42156
528,61556221335,1789006422629906,1789006422631245,74076,0,1,1,43097,43097,43097
529,61556254643,1789006422663256,1789006422664817,74076,0,1,1,43031,43031,43031
530,61556287952,1789006422696975,1789006422698585,74076,0,1,1,42137,42137,42137
531,61556321261,1789006422729839,1789006422731183,74076,0,1,1,42203,42203,42203
532,61556354569,1789006422763228,1789006422764744,74076,0,1,1,42193,42193,42193
533,61556387878,1789006422797054,1789006422798499,74076,0,1,1,43002,43002,43002
534,61556421186,1789006422829803,1789006422831146,74076,0,1,1,42132,42132,42132
535,61556454495,1789006422863181,1789006422865685,74076,0,1,1,42840,42840,42840
536,61556487804,1789006422896926,1789006422898371,74076,0,1,1,42937,42937,42937
537,61556521112,1789006422929742,1789006422931173,74076,0,1,1,42262,42262,42262
538,61556554421,1789006422963020,1789006422964579,74076,0,1,1,43014,43014,43014
539,61556587729,1789006422996401,1789006422998425,74076,0,1,1,42169,42169,42169
540,61556621038,1789006423029631,1789006423031048,74076,0,1,1,42263,42263,42263
541,61556654347,1789006423063031,1789006423064472,74076,0,1,1,42947,42947,42947
542,61556687655,1789006423096631,1789006423098672,74076,0,1,1,42968,42968,42968
543,61556720964,1789006423129578,1789006423130916,74076,0,1,1,42819,42819,42819
544,61556754272,1789006423162928,1789006423164354,74076,0,1,1,42929,42929,42929
545,61556787581,1789006423196533,1789006423198588,74076,0,1,1,42757,42757,42757
546,61556820890,1789006423229558,1789006423231068,74076,0,1,1,43019,43019,43019
547,61556854198,1789006423262815,1789006423264085,74076,0,1,1,42031,42031,42031
548,61556887507,1789006423296557,1789006423298683,74076,0,1,1,42896,42896,42896
549,61556920815,1789006423329506,1789006423330825,74076,0,1,1,42063,42063,42063
550,61556954124,1789006423362693,1789006423364291,74076,0,1,1,42110,42110,42110
551,61556987433,1789006423396655,1789006423398200,74076,0,1,1,42941,42941,42941
552,61557020741,1789006423429421,1789006423431095,74076,0,1,1,42958,42958,42958
553,61557054050,1789006423462667,1789006423464260,74076,0,1,1,42946,42946,42946
554,61557087358,1789006423496014,1789006423497531,74076,0,1,1,42238,42238,42238
555,61557120667,1789006423529336,1789006423530610,74076,0,1,1,42808,42808,42808
556,61557153976,1789006423562592,1789006423564012,74076,0,1,1,42984,42984,42984
557,61557187284,1789006423595924,1789006423597330,74076,0,1,1,42069,42069,42069
558,61557220593,1789006423629258,1789006423630593,74076,0,1,1,43124,43124,43124
559,61557253901,1789006423662502,1789006423663887,74076,0,1,1,43024,43024,43024
560,61557287210,1789006423695866,1789006423697353,74076,0,1,1,43058,43058,43058
561,61557320519,1789006423729361,1789006423731112,74076,0,1,1,42816,42816,42816
562,61557353827,1789006423762367,1789006423763796,74076,0,1,1,42779,42779,42779
563,61557387136,1789006423795767,1789006423797293,74076,0,1,1,42888,42888,42888
564,61557420444,1789006423829438,1789006423831385,74076,0,1,1,42804,42804,42804
565,61557453753,1789006423862434,1789006423863856,74076,0,1,1,42943,42943,42943
566,61557487062,1789006423895664,1789006423897781,74076,0,1,1,42299,42299,42299
567,61557520370,1789006423929425,1789006423931752,74076,0,1,1,42261,42261,42261
568,61557553679,1789006423962296,1789006423963652,74076,0,1,1,42954,42954,42954
569,61557586987,1789006423995579,1789006423997201,74076,0,1,1,42915,42915,42915
570,61557620296,1789006424029355,1789006424030977,74076,0,1,1,42225,42225,42225
571,61557653605,1789006424062242,1789006424063673,74076,0,1,1,42924,42924,42924
572,61557686913,1789006424095503,1789006424097147,74076,0,1,1,42961,42961,42961
573,61557720222,1789006424128904,1789006424130306,74076,0,1,1,42884,42884,42884
574,61557753530,1789006424162167,1789006424163628,74076,0,1,1,42245,42245,42245
575,61557786839,1789006424195417,1789006424197015,74076,0,1,1,42922,42922,42922
576,61557820148,1789006424228835,1789006424230223,74076,0,1,1,42268,42268,42268
577,61557853456,1789006424262216,1789006424263658,74076,0,1,1,42253,42253,42253
578,61557886765,1789006424295379,1789006424297026,74076,0,1,1,42151,42151,42151
579,61557920073,1789006424328749,1789006424330848,74076,0,1,1,42898,42898,42898
580,61557953382,1789006424361988,1789006424363673,74076,0,1,1,42325,42325,42325
581,61557986691,1789006424395299,1789006424396915,74076,0,1,1,42160,42160,42160
582,61558019999,1789006424428962,1789006424431048,74076,0,1,1,42832,42832,42832
583,61558053308,1789006424462206,1789006424463900,74076,0,1,1,42327,42327,42327
584,61558086616,1789006424495238,1789006424496801,74076,0,1,1,42255,42255,42255
585,61558119925,1789006424528895,1789006424530871,74076,0,1,1,42676,42676,42676
586,61558153234,1789006424561762,1789006424563213,74076,0,1,1,42976,42976,42976
587,61558186542,1789006424595520,1789006424596921,74076,0,1,1,43054,43054,43054
588,61558219851,1789006424628847,1789006424630770,74076,0,1,1,42836,42836,42836
589,61558253159,1789006424661880,1789006424663300,74076,0,1,1,43076,43076,43076
590,61558286468,1789006424695219,1789006424696805,74076,0,1,1,42169,42169,42169
591,61558319777,1789006424728979,1789006424730616,74076,0,1,1,42865,42865,42865
592,61558353085,1789006424761720,1789006424763629,74076,0,1,1,42114,42114,42114
593,61558386394,1789006424795240,1789006424796673,74076,0,1,1,42118,42118,42118
594,61558419702,1789006424828688,1789006424830867,74076,0,1,1,42988,42988,42988
595,61558453011,1789006424861967,1789006424864091,74076,0,1,1,42072,42072,42072
596,61558486320,1789006424895240,1789006424896671,74076,0,1,1,42099,42099,42099
597,61558519628,1789006424928375,1789006424930315,74076,0,1,1,42315,42315,42315
598,61558552937,1789006424962092,1789006424963884,74076,0,1,1,42108,42108,42108
599,61558586245,1789006424994866,1789006424996416,74076,0,1,1,42274,42274,42274
600,61558619554,1789006425028107,1789006425029566,74076,0,1,1,42325,42325,42325
601,61558652863,1789006425061837,1789006425063893,74076,0,1,1,42350,42350,42350
602,61558686171,1789006425095025,1789006425096452,74076,0,1,1,42194,42194,42194
603,61558719480,1789006425128142,1789006425129802,74076,0,1,1,42204,42204,42204
604,61558752788,1789006425161748,1789006425163621,74076,0,1,1,42909,42909,42909
605,61558786097,1789006425194854,1789006425196392,74076,0,1,1,42992,42992,42992
606,61558819406,1789006425228081,1789006425229592,74076,0,1,1,42405,42405,42405
607,61558852714,1789006425261829,1789006425263938,74076,0,1,1,42253,42253,42253
608,61558886023,1789006425294801,1789006425296293,74076,0,1,1,42169,42169,42169
609,61558919331,1789006425328070,1789006425329441,74076,0,1,1,42888,42888,42888
610,61558952640,1789006425361799,1789006425364002,74076,0,1,1,42895,42895,42895
611,61558985949,1789006425394760,1789006425396484,74076,0,1,1,42785,42785,42785
612,61559019257,1789006425427980,1789006425429384,74076,0,1,1,42954,42954,42954
613,61559052566,1789006425461651,1789006425463541,74076,0,1,1,42198,42198,42198
614,61559085874,1789006425494666,1789006425496205,74076,0,1,1,42206,42206,42206
615,61559119183,1789006425527918,1789006425529303,74076,0,1,1,43065,43065,43065
616,61559152492,1789006425561142,1789006425562562,74076,0,1,1,42389,42389,42389
617,61559185800,1789006425594344,1789006425596138,74076,0,1,1,42049,42049,42049
618,61559219109,1789006425627722,1789006425629221,74076,0,1,1,42213,42213,42213
619,61559252417,1789006425661113,1789006425663226,74076,0,1,1,42059,42059,42059
620,61559285726,1789006425694423,1789006425695989,74076,0,1,1,42156,42156,42156
621,61559319035,1789006425727618,1789006425729226,74076,0,1,1,42928,42928,42928
622,61559352343,1789006425760937,1789006425762438,74076,0,1,1,42210,42210,42210
623,61559385652,1789006425794423,1789006425795948,74076,0,1,1,42201,42201,42201
624,61559418960,1789006425827642,1789006425829275,74076,0,1,1,43030,43030,43030
625,61559452269,1789006425861431,1789006425863539,74076,0,1,1,42195,42195,42195
626,61559485578,1789006425895373,1789006425896866,74076,0,1,1,42968,42968,42968
627,61559518886,1789006425927579,1789006425929172,74076,0,1,1,42968,42968,42968
628,61559552195,1789006425961127,1789006425963181,74076,0,1,1,42912,42912,42912
629,61559585503,1789006425994842,1789006425996659,74076,0,1,1,42233,42233,42233
630,61559618812,1789006426027500,1789006426029050,74076,0,1,1,42826,42826,42826
631,61559652121,1789006426060876,1789006426062658,74076,0,1,1,42432,42432,42432
632,61559685429,1789006426094711,1789006426096368,74076,0,1,1,42970,42970,42970
633,61559718738,1789006426127592,1789006426129047,74076,0,1,1,42991,42991,42991
634,61559752046,1789006426160757,1789006426162295,74076,0,1,1,42261,42261,42261
635,61559785355,1789006426194018,1789006426195653,74076,0,1,1,42930,42930,42930
636,61559818664,1789006426227372,1789006426229187,74076,0,1,1,42156,42156,42156
637,61559851972,1789006426260701,1789006426262180,74076,0,1,1,43125,43125,43125
638,61559885281,1789006426294143,1789006426296244,74076,0,1,1,43016,43016,43016
639,61559918589,1789006426327294,1789006426328734,74076,0,1,1,43328,43328,43328
640,61559951898,1789006426360538,1789006426362042,74076,0,1,1,42336,42336,42336
641,61559985207,1789006426393829,1789006426395288,74076,0,1,1,42960,42960,42960
642,61560018515,1789006426427336,1789006426428724,74076,0,1,1,42151,42151,42151
643,61560051824,1789006426460515,1789006426462092,74076,0,1,1,42400,42400,42400
644,61560085132,1789006426494218,1789006426496455,74076,0,1,1,42260,42260,42260
645,61560118441,1789006426527179,1789006426528596,74076,0,1,1,42289,42289,42289
646,61560151750,1789006426560347,1789006426561917,74076,0,1,1,43274,43274,43274
647,61560185058,1789006426593658,1789006426595703,74076,0,1,1,42969,42969,42969
648,61560218367,1789006426627105,1789006426628675,74076,0,1,1,42911,42911,42911
649,61560251675,1789006426660401,1789006426661812,74076,0,1,1,42827,42827,42827
650,61560284984,1789006426694100,1789006426696330,74076,0,1,1,42053,42053,42053
651,61560318293,1789006426727037,1789006426728448,74076,0,1,1,42988,42988,42988
652,61560351601,1789006426760166,1789006426761588,74076,0,1,1,42266,42266,42266
653,61560384910,1789006426793553,1789006426795181,74076,0,1,1,42208,42208,42208
654,61560418218,1789006426826957,1789006426828346,74076,0,1,1,43081,43081,43081
655,61560451527,1789006426860259,1789006426861761,74076,0,1,1,42974,42974,42974
656,61560484836,1789006426893552,1789006426895956,74076,0,1,1,42889,42889,42889
657,61560518144,1789006426926863,1789006426928273,74076,0,1,1,41923,41923,41923
658,61560551453,1789006426959999,1789006426961629,74076,0,1,1,43025,43025,43025
659,61560584761,1789006426993465,1789006426995126,74076,0,1,1,42095,42095,42095
660,61560618070,1789006427028178,1789006427028898,74076,0,1,1,42194,42194,42194
661,61560651379,1789006427060082,1789006427061659,74076,0,1,1,42297,42297,42297
662,61560684687,1789006427093332,1789006427095702,74076,0,1,1,42203,42203,42203
663,61560717996,1789006427127202,1789006427128836,74076,0,1,1,42195,42195,42195
664,61560751304,1789006427159880,1789006427161521,74076,0,1,1,42284,42284,42284
665,61560784613,1789006427193272,1789006427194735,74076,0,1,1,42258,42258,42258
666,61560817922,1789006427227032,1789006427229094,74076,0,1,1,42910,42910,42910
667,61560851230,1789006427259991,1789006427261359,74076,0,1,1,43023,43023,43023
668,61560884539,1789006427293192,1789006427294614,74076,0,1,1,42997,42997,42997
669,61560917847,1789006427327310,1789006427328911,74076,0,1,1,43099,43099,43099
670,61560951156,1789006427359755,1789006427361298,74076,0,1,1,43005,43005,43005
671,61560984465,1789006427393148,1789006427394945,74076,0,1,1,42203,42203,42203
672,61561017773,1789006427426975,1789006427428602,74076,0,1,1,43117,43117,43117
673,61561051082,1789006427459790,1789006427461345,74076,0,1,1,42322,42322,42322
674,61561084390,1789006427493041,1789006427494545,74076,0,1,1,42224,42224,42224
675,61561117699,1789006427526869,1789006427528409,74076,0,1,1,42259,42259,42259
676,61561151008,1789006427559642,1789006427561220,74076,0,1,1,42327,42327,42327
677,61561184316,1789006427593093,1789006427594437,74076,0,1,1,42104,42104,42104
678,61561217625,1789006427626751,1789006427628203,74076,0,1,1,43008,43008,43008
679,61561250933,1789006427659645,1789006427661176,74076,0,1,1,43090,43090,43090
680,61561284242,1789006427692967,1789006427694436,74076,0,1,1,42316,42316,42316
681,61561317551,1789006427726632,1789006427728215,74076,0,1,1,43109,43109,43109
682,61561350859,1789006427759591,1789006427761175,74076,0,1,1,43122,43122,43122
683,61561384168,1789006427792885,1789006427794298,74076,0,1,1,43144,43144,43144
684,61561417476,1789006427826577,1789006427828261,74076,0,1,1,42266,42266,42266
685,61561450785,1789006427859511,1789006427860893,74076,0,1,1,43089,43089,43089
686,61561484094,1789006427892770,1789006427894371,74076,0,1,1,42324,42324,42324
687,61561517402,1789006427926539,1789006427928191,74076,0,1,1,42249,42249,42249
688,61561550711,1789006427959288,1789006427960820,74076,0,1,1,42294,42294,42294
689,61561584019,1789006427992686,1789006427994321,74076,0,1,1,43228,43228,43228
690,61561617328,1789006428026500,1789006428028082,74076,0,1,1,42367,42367,42367
691,61561650637,1789006428059357,1789006428060877,74076,0,1,1,43139,43139,43139
692,61561683945,1789006428092740,1789006428095797,74076,0,1,1,42284,42284,42284
693,61561717254,1789006428126190,1789006428128569,74076,0,1,1,43082,43082,43082
694,61561750562,1789006428159578,1789006428161286,74076,0,1,1,42506,42506,42506
695,61561783871,1789006428192526,1789006428194175,74076,0,1,1,43083,43083,43083
696,61561817180,1789006428225859,1789006428227318,74076,0,1,1,43187,43187,43187
697,61561850488,1789006428259797,1789006428261419,74076,0,1,1,42558,42558,42558
698,61561883797,1789006428292467,1789006428293920,74076,0,1,1,42201,42201,42201
699,61561917105,1789006428325858,1789006428327212,74076,0,1,1,43358,43358,43358
700,61561950414,1789006428359489,1789006428361147,74076,0,1,1,42245,42245,42245
701,61561983723,1789006428392330,1789006428393878,74076,0,1,1,42238,42238,42238
702,61562017031,1789006428425712,1789006428427225,74076,0,1,1,43164,43164,43164
703,61562050340,1789006428459402,1789006428461281,74076,0,1,1,43147,43147,43147
704,61562083648,1789006428492376,1789006428493911,74076,0,1,1,42245,42245,42245
705,61562116957,1789006428525642,1789006428526991,74076,0,1,1,42238,42238,42238
706,61562150266,1789006428559439,1789006428561196,74076,0,1,1,42488,42488,42488
707,61562183574,1789006428592250,1789006428593767,74076,0,1,1,42476,42476,42476
708,61562216883,1789006428626026,1789006428627519,74076,0,1,1,42558,42558,42558
709,61562250191,1789006428658990,1789006428660650,74076,0,1,1,43066,43066,43066
710,61562283500,1789006428692211,1789006428693777,74076,0,1,1,43314,43314,43314
711,61562316809,1789006428725472,1789006428727027,74076,0,1,1,43209,43209,43209
712,61562350117,1789006428759209,1789006428760805,74076,0,1,1,42337,42337,42337
713,61562383426,1789006428792145,1789006428793722,74076,0,1,1,42508,42508,42508
714,61562416734,1789006428825404,1789006428826913,74076,0,1,1,42535,42535,42535
715,61562450043,1789006428859250,1789006428860903,74076,0,1,1,43206,43206,43206
716,61562483352,1789006428892039,1789006428893623,74076,0,1,1,43060,43060,43060
717,61562516660,1789006428925278,1789006428926708,74076,0,1,1,43008,43008,43008
718,61562549969,1789006428958702,1789006428960135,74076,0,1,1,42483,42483,42483
719,61562583277,1789006428991977,1789006428993599,74076,0,1,1,42387,42387,42387
720,61562616586,1789006429025194,1789006429026985,74076,0,1,1,42447,42447,42447
721,61562649895,1789006429058538,1789006429059882,74076,0,1,1,43142,43142,43142
722,61562683203,1789006429091877,1789006429093432,74076,0,1,1,42430,42430,42430
723,61562716512,1789006429125284,1789006429126590,74076,0,1,1,42735,42735,42735
724,61562749820,1789006429158504,1789006429159835,74076,0,1,1,42599,42599,42599
725,61562783129,1789006429192091,1789006429194249,74076,0,1,1,42294,42294,42294
726,61562816438,1789006429225220,1789006429226575,74076,0,1,1,42473,42473,42473
727,61562849746,1789006429258545,1789006429260235,74076,0,1,1,42358,42358,42358
728,61562883055,1789006429292128,1789006429294063,74076,0,1,1,43263,43263,43263
729,61562916363,1789006429325283,1789006429326523,74076,0,1,1,42436,42436,42436
730,61562949672,1789006429358414,1789006429359852,74076,0,1,1,43098,43098,43098
731,61562982981,1789006429392106,1789006429393954,74076,0,1,1,43000,43000,43000
732,61563016289,1789006429425244,1789006429426456,74076,0,1,1,43048,43048,43048
733,61563049598,1789006429458408,1789006429459815,74076,0,1,1,42525,42525,42525
734,61563082906,1789006429491674,1789006429493635,74076,0,1,1,42413,42413,42413
735,61563116215,1789006429524891,1789006429526371,74076,0,1,1,42387,42387,42387
736,61563149524,1789006429558307,1789006429559765,74076,0,1,1,42533,42533,42533
737,61563182832,1789006429592010,1789006429593680,74076,0,1,1,42379,42379,42379
738,61563216141,1789006429624938,1789006429626505,74076,0,1,1,42979,42979,42979
739,61563249449,1789006429658175,1789006429660353,74076,0,1,1,42464,42464,42464
740,61563282758,1789006429691479,1789006429693813,74076,0,1,1,43059,43059,43059
741,61563316067,1789006429724711,1789006429726314,74076,0,1,1,42300,42300,42300
742,61563349375,1789006429758058,1789006429759388,74076,0,1,1,42578,42578,42578
743,61563382684,1789006429791396,1789006429792975,74076,0,1,1,42524,42524,42524
744,61563415992,1789006429824724,1789006429826079,74076,0,1,1,42639,42639,42639
745,61563449301,1789006429858099,1789006429859496,74076,0,1,1,43284,43284,43284
746,61563482610,1789006429891714,1789006429893640,74076,0,1,1,42401,42401,42401
747,61563515918,1789006429924683,1789006429926159,74076,0,1,1,42400,42400,42400
748,61563549227,1789006429957997,1789006429959264,74076,0,1,1,43289,43289,43289
749,61563582535,1789006429991712,1789006429993354,74076,0,1,1,43268,43268,43268
750,61563615844,1789006430024696,1789006430026125,74076,0,1,1,42507,42507,42507
751,61563649153,1789006430057892,1789006430059235,74076,0,1,1,43383,43383,43383
752,61563682461,1789006430091580,1789006430093748,74076,0,1,1,43211,43211,43211
753,61563715770,1789006430124489,1789006430126345,74076,0,1,1,43246,43246,43246
754,61563749078,1789006430157843,1789006430159367,74076,0,1,1,43235,43235,43235
755,61563782387,1789006430191675,1789006430194104,74076,0,1,1,43173,43173,43173
756,61563815696,1789006430224510,1789006430226169,74076,0,1,1,43266,43266,43266
757,61563849004,1789006430257834,1789006430259239,74076,0,1,1,42533,42533,42533
758,61563882313,1789006430291094,1789006430293044,74076,0,1,1,42451,42451,42451
759,61563915621,1789006430324902,1789006430326184,74076,0,1,1,42694,42694,42694
760,61563948930,1789006430357701,1789006430359025,74076,0,1,1,42628,42628,42628
761,61563982239,1789006430391020,1789006430392506,74076,0,1,1,42446,42446,42446
762,61564015547,1789006430424942,1789006430426331,74076,0,1,1,43106,43106,43106
763,61564048856,1789006430457706,1789006430459041,74076,0,1,1,42531,42531,42531
764,61564082164,1789006430490926,1789006430492770,74076,0,1,1,43254,43254,43254
765,61564115473,1789006430524907,1789006430526373,74076,0,1,1,43204,43204,43204
766,61564148782,1789006430557554,1789006430559091,74076,0,1,1,42532,42532,42532
767,61564182090,1789006430590807,1789006430592411,74076,0,1,1,43114,43114,43114
768,61564215399,1789006430624512,1789006430626698,74076,0,1,1,42574,42574,42574
769,61564248707,1789006430657486,1789006430658747,74076,0,1,1,43186,43186,43186
770,61564282016,1789006430690715,1789006430692359,74076,0,1,1,43260,43260,43260
771,61564315325,1789006430724859,1789006430726308,74076,0,1,1,43275,43275,43275
772,61564348633,1789006430757400,1789006430758733,74076,0,1,1,42466,42466,42466
773,61564381942,1789006430790709,1789006430792135,74076,0,1,1,43042,43042,43042
774,61564415250,1789006430824265,1789006430826271,74076,0,1,1,43152,43152,43152
775,61564448559,1789006430857405,1789006430858597,74076,0,1,1,42531,42531,42531
776,61564481868,1789006430890668,1789006430892083,74076,0,1,1,43381,43381,43381
777,61564515176,1789006430924146,1789006430926339,74076,0,1,1,42582,42582,42582
778,61564548485,1789006430957210,1789006430958549,74076,0,1,1,42568,42568,42568
779,61564581793,1789006430990560,1789006430992063,74076,0,1,1,42615,42615,42615
780,61564615102,1789006431024176,1789006431026313,74076,0,1,1,42324,42324,42324
781,61564648411,1789006431057101,1789006431058379,74076,0,1,1,42316,42316,42316
782,61564681719,1789006431090412,1789006431091869,74076,0,1,1,43082,43082,43082
783,61564715028,1789006431124230,1789006431126052,74076,0,1,1,42434,42434,42434
784,61564748336,1789006431157087,1789006431158474,74076,0,1,1,43172,43172,43172
785,61564781645,1789006431190400,1789006431191837,74076,0,1,1,42412,42412,42412
786,61564814954,1789006431223557,1789006431225042,74076,0,1,1,43267,43267,43267
787,61564848262,1789006431257082,1789006431258480,74076,0,1,1,43213,43213,43213
788,61564881571,1789006431290343,1789006431291780,74076,0,1,1,43190,43190,43190
789,61564914879,1789006431323616,1789006431325200,74076,0,1,1,43260,43260,43260
790,61564948188,1789006431356958,1789006431358349,74076,0,1,1,42561,42561,42561
791,61564981497,1789006431390296,1789006431391710,74076,0,1,1,43229,43229,43229
792,61565014805,1789006431423934,1789006431426100,74076,0,1,1,43044,43044,43044
793,61565048114,1789006431457231,1789006431458804,74076,0,1,1,43134,43134,43134
794,61565081422,1789006431490380,1789006431491804,74076,0,1,1,43294,43294,43294
795,61565114731,1789006431523531,1789006431525519,74076,0,1,1,43119,43119,43119
796,61565148040,1789006431557257,1789006431559373,74076,0,1,1,42404,42404,42404
797,61565181348,1789006431590051,1789006431591693,74076,0,1,1,43174,43174,43174
798,61565214657,1789006431623434,1789006431625087,74076,0,1,1,43116,43116,43116
799,61565247965,1789006431657081,1789006431658906,74076,0,1,1,43148,43148,43148
800,61565281274,1789006431690011,1789006431691475,74076,0,1,1,43135,43135,43135
801,61565314583,1789006431723262,1789006431724841,74076,0,1,1,43060,43060,43060
802,61565347891,1789006431756670,1789006431761062,74076,0,1,1,43073,43073,43073
803,61565381200,1789006431789978,1789006431791405,74076,0,1,1,43162,43162,43162
804,61565414508,1789006431823347,1789006431824771,74076,0,1,1,43149,43149,43149
805,61565447817,1789006431857018,1789006431859239,74076,0,1,1,43019,43019,43019
806,61565481126,1789006431889862,1789006431891228,74076,0,1,1,43107,43107,43107
807,61565514434,1789006431923181,1789006431924746,74076,0,1,1,42985,42985,42985
808,61565547743,1789006431957023,1789006431959220,74076,0,1,1,43088,43088,43088
809,61565581051,1789006431989770,1789006431991105,74076,0,1,1,42410,42410,42410
810,61565614360,1789006432023045,1789006432024636,74076,0,1,1,43185,43185,43185
811,61565647669,1789006432056878,1789006432058881,74076,0,1,1,43041,43041,43041
812,61565680977,1789006432089816,1789006432091146,74076,0,1,1,43154,43154,43154
813,61565714286,1789006432122931,1789006432124613,74076,0,1,1,43091,43091,43091
814,61565747594,1789006432156913,1789006432158688,74076,0,1,1,43151,43151,43151
815,61565780903,1789006432189741,1789006432191166,74076,0,1,1,42459,42459,42459
816,61565814212,1789006432222953,1789006432224518,74076,0,1,1,42397,42397,42397
817,61565847520,1789006432256352,1789006432257743,74076,0,1,1,43010,43010,43010
818,61565880829,1789006432289626,1789006432291058,74076,0,1,1,42544,42544,42544
819,61565914137,1789006432322930,1789006432324595,74076,0,1,1,42464,42464,42464
820,61565947446,1789006432356228,1789006432357658,74076,0,1,1,43279,43279,43279
821,61565980755,1789006432389558,1789006432390973,74076,0,1,1,43183,43183,43183
822,61566014063,1789006432422837,1789006432424343,74076,0,1,1,42453,42453,42453
823,61566047372,1789006432456170,1789006432457688,74076,0,1,1,42616,42616,42616
824,61566080680,1789006432489561,1789006432491214,74076,0,1,1,43520,43520,43520
825,61566113989,1789006432522726,1789006432524167,74076,0,1,1,43268,43268,43268
826,61566147298,1789006432556102,1789006432558236,74076,0,1,1,42530,42530,42530
827,61566180606,1789006432589985,1789006432591399,74076,0,1,1,42450,42450,42450
828,61566213915,1789006432622667,1789006432624220,74076,0,1,1,43053,43053,43053
829,61566247223,1789006432656287,1789006432658313,74076,0,1,1,42362,42362,42362
830,61566280532,1789006432689711,1789006432691971,74076,0,1,1,42593,42593,42593
831,61566313841,1789006432722463,1789006432724452,74076,0,1,1,43220,43220,43220
832,61566347149,1789006432755948,1789006432757426,74076,0,1,1,43274,43274,43274
833,61566380458,1789006432789627,1789006432791724,74076,0,1,1,43345,43345,43345
834,61566413766,1789006432823194,1789006432824881,74076,0,1,1,42505,42505,42505
835,61566447075,1789006432855785,1789006432857393,74076,0,1,1,42477,42477,42477
836,61566480384,1789006432889497,1789006432891606,74076,0,1,1,43293,43293,43293
837,61566513692,1789006432922419,1789006432923899,74076,0,1,1,42438,42438,42438
838,61566547001,1789006432955851,1789006432957361,74076,0,1,1,42487,42487,42487
839,61566580309,1789006432989480,1789006432991300,74076,0,1,1,42444,42444,42444
840,61566613618,1789006433022408,1789006433023851,74076,0,1,1,42386,42386,42386
841,61566646927,1789006433055732,1789006433057156,74076,0,1,1,42038,42038,42038
842,61566680235,1789006433089319,1789006433091248,74076,0,1,1,42610,42610,42610
843,61566713544,1789006433122276,1789006433123833,74076,0,1,1,42590,42590,42590
844,61566746852,1789006433155528,1789006433157224,74076,0,1,1,42842,42842,42842
845,61566780161,1789006433188978,1789006433190398,74076,0,1,1,42496,42496,42496
846,61566813470,1789006433222309,1789006433223811,74076,0,1,1,43142,43142,43142
847,61566846778,1789006433255497,1789006433256910,74076,0,1,1,42369,42369,42369
848,61566880087,1789006433289271,1789006433291389,74076,0,1,1,42555,42555,42555
849,61566913395,1789006433322104,1789006433323591,74076,0,1,1,42445,42445,42445
850,61566946704,1789006433355409,1789006433357074,74076,0,1,1,42653,42653,42653
851,61566980013,1789006433389152,1789006433390922,74076,0,1,1,42539,42539,42539
852,61567013321,1789006433422164,1789006433423577,74076,0,1,1,43280,43280,43280
853,61567046630,1789006433455467,1789006433456898,74076,0,1,1,43227,43227,43227
854,61567079938,1789006433488816,1789006433490941,74076,0,1,1,43397,43397,43397
855,61567113247,1789006433522869,1789006433523828,74076,0,1,1,42414,42414,42414
856,61567146556,1789006433555485,1789006433556886,74076,0,1,1,43211,43211,43211
857,61567179864,1789006433589356,1789006433590947,74076,0,1,1,42637,42637,42637
858,61567213173,1789006433622386,1789006433624062,74076,0,1,1,42565,42565,42565
859,61567246481,1789006433655496,1789006433656911,74076,0,1,1,43336,43336,43336
860,61567279790,1789006433688527,1789006433690961,74076,0,1,1,43295,43295,43295
861,61567313099,1789006433722193,1789006433724301,74076,0,1,1,43193,43193,43193
862,61567346407,1789006433755376,1789006433756716,74076,0,1,1,43197,43197,43197
863,61567379716,1789006433788460,1789006433789895,74076,0,1,1,42552,42552,42552
864,61567413024,1789006433821779,1789006433823330,74076,0,1,1,42465,42465,42465
865,61567446333,1789006433855331,1789006433856695,74076,0,1,1,43349,43349,43349
866,61567479642,1789006433888469,1789006433889793,74076,0,1,1,42469,42469,42469
867,61567512950,1789006433922474,1789006433923779,74076,0,1,1,43203,43203,43203
868,61567546259,1789006433955333,1789006433956661,74076,0,1,1,42421,42421,42421
869,61567579567,1789006433988417,1789006433989849,74076,0,1,1,43027,43027,43027
870,61567612876,1789006434021577,1789006434023988,74076,0,1,1,42552,42552,42552
871,61567646185,1789006434055274,1789006434056578,74076,0,1,1,43167,43167,43167
872,61567679493,1789006434088363,1789006434089688,74076,0,1,1,42588,42588,42588
873,61567712802,1789006434121540,1789006434123612,74076,0,1,1,42520,42520,42520
874,61567746110,1789006434154775,1789006434156571,74076,0,1,1,42510,42510,42510
875,61567779419,1789006434188319,1789006434189727,74076,0,1,1,43191,43191,43191
876,61567812728,1789006434221992,1789006434223410,74076,0,1,1,43254,43254,43254
877,61567846036,1789006434254690,1789006434256317,74076,0,1,1,42393,42393,42393
878,61567879345,1789006434288208,1789006434289655,74076,0,1,1,42477,42477,42477
879,61567912653,1789006434321403,1789006434322871,74076,0,1,1,43139,43139,43139
880,61567945962,1789006434354988,1789006434356382,74076,0,1,1,42413,42413,42413
881,61567979271,1789006434388093,1789006434389613,74076,0,1,1,42576,42576,42576
882,61568012579,1789006434421907,1789006434424015,74076,0,1,1,42130,42130,42130
883,61568045888,1789006434454698,1789006434456133,74076,0,1,1,42534,42534,42534
884,61568079196,1789006434488022,1789006434489436,74076,0,1,1,42995,42995,42995
885,61568112505,1789006434521735,1789006434523697,74076,0,1,1,42499,42499,42499
886,61568145814,1789006434554887,1789006434556250,74076,0,1,1,42359,42359,42359
887,61568179122,1789006434588033,1789006434589628,74076,0,1,1,42454,42454,42454
888,61568212431,1789006434621271,1789006434623453,74076,0,1,1,42365,42365,42365
889,61568245739,1789006434655686,1789006434656869,74076,0,1,1,42493,42493,42493
890,61568279048,1789006434687859,1789006434689277,74076,0,1,1,42287,42287,42287
891,61568312357,1789006434721368,1789006434723375,74076,0,1,1,43184,43184,43184
892,61568345665,1789006434754907,1789006434756480,74076,0,1,1,42455,42455,42455
893,61568378974,1789006434787747,1789006434789184,74076,0,1,1,43219,43219,43219
894,61568412282,1789006434821134,1789006434822587,74076,0,1,1,43064,43064,43064
895,61568445591,1789006434855021,1789006434857099,74076,0,1,1,43256,43256,43256
896,61568478900,1789006434887678,1789006434889264,74076,0,1,1,43506,43506,43506
897,61568512208,1789006434920974,1789006434922501,74076,0,1,1,43189,43189,43189
898,61568545517,1789006434955114,1789006434957792,74076,0,1,1,43440,43440,43440
899,61568578825,1789006434987646,1789006434989075,74076,0,1,1,42625,42625,42625
900,61568612134,1789006435020889,1789006435022479,74076,0,1,1,42398,42398,42398
901,61568645443,1789006435055081,1789006435056146,74076,0,1,1,43296,43296,43296
902,61568678751,1789006435087642,1789006435089134,74076,0,1,1,43044,43044,43044
903,61568712060,1789006435120858,1789006435122410,74076,0,1,1,43028,43028,43028
904,61568745368,1789006435154204,1789006435156221,74076,0,1,1,43151,43151,43151
905,61568778677,1789006435187645,1789006435189260,74076,0,1,1,43101,43101,43101
906,61568811986,1789006435220842,1789006435222210,74076,0,1,1,43062,43062,43062
907,61568845294,1789006435254971,1789006435256095,74076,0,1,1,42321,42321,42321
908,61568878603,1789006435287484,1789006435288958,74076,0,1,1,42446,42446,42446
909,61568911911,1789006435320660,1789006435322263,74076,0,1,1,42370,42370,42370
910,61568945220,1789006435354050,1789006435355695,74076,0,1,1,43391,43391,43391
911,61568978529,1789006435387437,1789006435388872,74076,0,1,1,43107,43107,43107
912,61569011837,1789006435420711,1789006435422271,74076,0,1,1,43246,43246,43246
913,61569045146,1789006435455043,1789006435456795,74076,0,1,1,42355,42355,42355
914,61569078454,1789006435487259,1789006435488763,74076,0,1,1,42365,42365,42365
915,61569111763,1789006435520566,1789006435522156,74076,0,1,1,42625,42625,42625
916,61569145072,1789006435553878,1789006435555728,74076,0,1,1,42551,42551,42551
917,61569178380,1789006435587301,1789006435588842,74076,0,1,1,42642,42642,42642
918,61569211689,1789006435620555,1789006435622095,74076,0,1,1,42229,42229,42229
919,61569244997,1789006435653807,1789006435655350,74076,0,1,1,43064,43064,43064
920,61569278306,1789006435687137,1789006435688632,74076,0,1,1,43026,43026,43026
921,61569311615,1789006435720330,1789006435721907,74076,0,1,1,43315,43315,43315
922,61569344923,1789006435753695,1789006435755370,74076,0,1,1,42543,42543,42543
923,61569378232,1789006435787086,1789006435788954,74076,0,1,1,43275,43275,43275
924,61569411540,1789006435820401,1789006435821888,74076,0,1,1,43235,43235,43235
925,61569444849,1789006435853638,1789006435855274,74076,0,1,1,42535,42535,42535
926,61569478158,1789006435887362,1789006435889346,74076,0,1,1,42478,42478,42478
927,61569511466,1789006435920263,1789006435921835,74076,0,1,1,43217,43217,43217
928,61569544775,1789006435953558,1789006435955158,74076,0,1,1,42563,42563,42563
929,61569578083,1789006435987438,1789006435988968,74076,0,1,1,42477,42477,42477
930,61569611392,1789006436020326,1789006436021827,74076,0,1,1,42557,42557,42557
931,61569644701,1789006436053530,1789006436055085,74076,0,1,1,43515,43515,43515
932,61569678009,1789006436087247,1789006436089218,74076,0,1,1,43298,43298,43298
933,61569711318,1789006436120127,1789006436121680,74076,0,1,1,42499,42499,42499
934,61569744626,1789006436153355,1789006436155221,74076,0,1,1,42404,42404,42404
935,61569777935,1789006436186718,1789006436188581,74076,0,1,1,42435,42435,42435
936,61569811244,1789006436220122,1789006436221552,74076,0,1,1,42519,42519,42519
937,61569844552,1789006436253367,1789006436255109,74076,0,1,1,42457,42457,42457
938,61569877861,1789006436287053,1789006436289152,74076,0,1,1,42418,42418,42418
939,61569911169,1789006436319904,1789006436321511,74076,0,1,1,42440,42440,42440
940,61569944478,1789006436353314,1789006436354821,74076,0,1,1,42479,42479,42479
941,61569977787,1789006436386599,1789006436388414,74076,0,1,1,42538,42538,42538
942,61570011095,1789006436419899,1789006436421701,74076,0,1,1,42468,42468,42468
943,61570044404,1789006436453239,1789006436454814,74076,0,1,1,43265,43265,43265
944,61570077712,1789006436486694,1789006436488796,74076,0,1,1,42694,42694,42694
945,61570111021,1789006436519813,1789006436521326,74076,0,1,1,42487,42487,42487
946,61570144330,1789006436553169,1789006436554525,74076,0,1,1,43074,43074,43074
947,61570177638,1789006436586444,1789006436588201,74076,0,1,1,43127,43127,43127
948,61570210947,1789006436619829,1789006436621300,74076,0,1,1,42581,42581,42581
949,61570244255,1789006436652995,1789006436654553,74076,0,1,1,42586,42586,42586
950,61570277564,1789006436686363,1789006436687990,74076,0,1,1,42529,42529,42529
951,61570310873,1789006436719722,1789006436721186,74076,0,1,1,43075,43075,43075
952,61570344181,1789006436752903,1789006436754354,74076,0,1,1,43158,43158,43158
953,61570377490,1789006436786303,1789006436787794,74076,0,1,1,42692,42692,42692
954,61570410798,1789006436819655,1789006436821169,74076,0,1,1,42567,42567,42567
955,61570444107,1789006436852911,1789006436854401,74076,0,1,1,43078,43078,43078
956,61570477416,1789006436886227,1789006436887773,74076,0,1,1,43228,43228,43228
957,61570510724,1789006436919706,1789006436921396,74076,0,1,1,42546,42546,42546
958,61570544033,1789006436952827,1789006436954352,74076,0,1,1,43265,43265,43265
959,61570577341,1789006436986164,1789006436987721,74076,0,1,1,43276,43276,43276
960,61570610650,1789006437019918,1789006437022044,74076,0,1,1,42560,42560,42560
961,61570643959,1789006437053167,1789006437056414,74076,0,1,1,43218,43218,43218
962,61570677267,1789006437086019,1789006437087460,74076,0,1,1,42440,42440,42440
963,61570710576,1789006437119875,1789006437121891,74076,0,1,1,43281,43281,43281
964,61570743884,1789006437152688,1789006437154263,74076,0,1,1,43148,43148,43148
965,61570777193,1789006437186010,1789006437187461,74076,0,1,1,43228,43228,43228
966,61570810502,1789006437219707,1789006437221845,74076,0,1,1,42469,42469,42469
967,61570843810,1789006437252636,1789006437254198,74076,0,1,1,43299,43299,43299
968,61570877119,1789006437285931,1789006437287382,74076,0,1,1,43202,43202,43202
969,61570910427,1789006437319712,1789006437321778,74076,0,1,1,43329,43329,43329
970,61570943736,1789006437352565,1789006437354141,74076,0,1,1,43164,43164,43164
971,61570977045,1789006437385844,1789006437387371,74076,0,1,1,42505,42505,42505
972,61571010353,1789006437419698,1789006437421244,74076,0,1,1,43238,43238,43238
973,61571043662,1789006437452530,1789006437454016,74076,0,1,1,43079,43079,43079
974,61571076970,1789006437485785,1789006437487288,74076,0,1,1,42543,42543,42543
975,61571110279,1789006437519449,1789006437521830,74076,0,1,1,42529,42529,42529
976,61571143588,1789006437552445,1789006437553970,74076,0,1,1,43139,43139,43139
977,61571176896,1789006437585852,1789006437587205,74076,0,1,1,43236,43236,43236
978,61571210205,1789006437619334,1789006437621458,74076,0,1,1,43193,43193,43193
979,61571243513,1789006437652332,1789006437653889,74076,0,1,1,42359,42359,42359
980,61571276822,1789006437685646,1789006437687111,74076,0,1,1,43162,43162,43162
981,61571310131,1789006437719374,1789006437721418,74076,0,1,1,43145,43145,43145
982,61571343439,1789006437752341,1789006437753724,74076,0,1,1,43079,43079,43079
983,61571376748,1789006437785555,1789006437787064,74076,0,1,1,43223,43223,43223
984,61571410056,1789006437818918,1789006437820469,74076,0,1,1,42419,42419,42419
985,61571443365,1789006437852245,1789006437853661,74076,0,1,1,42605,42605,42605
986,61571476674,1789006437885472,1789006437886912,74076,0,1,1,42635,42635,42635
987,61571509982,1789006437919263,1789006437921228,74076,0,1,1,42519,42519,42519
988,61571543291,1789006437952090,1789006437953592,74076,0,1,1,42510,42510,42510
989,61571576599,1789006437985493,1789006437986890,74076,0,1,1,42640,42640,42640
990,61571609908,1789006438019304,1789006438020936,74076,0,1,1,42596,42596,42596
991,61571643217,1789006438052416,1789006438054480,74076,0,1,1,43073,43073,43073
992,61571676525,1789006438085808,1789006438087980,74076,0,1,1,43341,43341,43341
993,61571709834,1789006438118628,1789006438120134,74076,0,1,1,43278,43278,43278
994,61571743142,1789006438152397,1789006438154143,74076,0,1,1,43246,43246,43246
995,61571776451,1789006438185506,1789006438186781,74076,0,1,1,42287,42287,42287
996,61571809760,1789006438218633,1789006438220067,74076,0,1,1,42409,42409,42409
997,61571843068,1789006438252285,1789006438254307,74076,0,1,1,43050,43050,43050
998,61571876377,1789006438285520,1789006438286883,74076,0,1,1,42443,42443,42443
999,61571909685,1789006438318878,1789006438319937,74076,0,1,1,43259,43259,43259
1000,61571942994,1789006438352250,1789006438354001,74076,0,1,1,43145,43145,43145
1001,61571976303,1789006438385112,1789006438386625,74076,0,1,1,42413,42413,42413
1002,61572009611,1789006438418491,1789006438419912,74076,0,1,1,42522,42522,42522
1003,61572042920,1789006438451828,1789006438453920,74076,0,1,1,43182,43182,43182
1004,61572076228,1789006438485083,1789006438486575,74076,0,1,1,43272,43272,43272
1005,61572109537,1789006438518340,1789006438519685,74076,0,1,1,43166,43166,43166
1006,61572142846,1789006438552108,1789006438553937,74076,0,1,1,42506,42506,42506
1007,61572176154,1789006438585038,1789006438586476,74076,0,1,1,43325,43325,43325
1008,61572209463,1789006438618323,1789006438619646,74076,0,1,1,42577,42577,42577
1009,61572242771,1789006438651973,1789006438654118,74076,0,1,1,42331,42331,42331
1010,61572276080,1789006438684926,1789006438686388,74076,0,1,1,43088,43088,43088
1011,61572309389,1789006438718265,1789006438719719,74076,0,1,1,42548,42548,42548
1012,61572342697,1789006438751525,1789006438753091,74076,0,1,1,43310,43310,43310
1013,61572376006,1789006438784837,1789006438786205,74076,0,1,1,43306,43306,43306
1014,61572409314,1789006438818252,1789006438819691,74076,0,1,1,43264,43264,43264
1015,61572442623,1789006438851438,1789006438852913,74076,0,1,1,43408,43408,43408
1016,61572475932,1789006438884791,1789006438886264,74076,0,1,1,43391,43391,43391
1017,61572509240,1789006438918121,1789006438919543,74076,0,1,1,42534,42534,42534
1018,61572542549,1789006438951768,1789006438953980,74076,0,1,1,42516,42516,42516
1019,61572575857,1789006438984779,1789006438986225,74076,0,1,1,42649,42649,42649
1020,61572609166,1789006439018022,1789006439019472,74076,0,1,1,42519,42519,42519
1021,61572642475,1789006439051712,1789006439053859,74076,0,1,1,43292,43292,43292
1022,61572675783,1789006439084741,1789006439086236,74076,0,1,1,43201,43201,43201
1023,61572709092,1789006439117976,1789006439119345,74076,0,1,1,42515,42515,42515
1024,61572742400,1789006439151822,1789006439153489,74076,0,1,1,42687,42687,42687
1025,61572775709,1789006439184993,1789006439186294,74076,0,1,1,43106,43106,43106
1026,61572809018,1789006439217916,1789006439219234,74076,0,1,1,42500,42500,42500
1027,61572842326,1789006439251202,1789006439252747,74076,0,1,1,42505,42505,42505
1028,61572875635,1789006439285059,1789006439287074,74076,0,1,1,42448,42448,42448
1029,61572908943,1789006439317846,1789006439319176,74076,0,1,1,42553,42553,42553
1030,61572942252,1789006439351103,1789006439352641,74076,0,1,1,42471,42471,42471
1031,61572975561,1789006439385304,1789006439386753,74076,0,1,1,42433,42433,42433
1032,61573008869,1789006439417762,1789006439419119,74076,0,1,1,42531,42531,42531
1033,61573042178,1789006439451085,1789006439452477,74076,0,1,1,42413,42413,42413
1034,61573075486,1789006439484672,1789006439487237,74076,0,1,1,42544,42544,42544
1035,61573108795,1789006439517698,1789006439519140,74076,0,1,1,43177,43177,43177
1036,61573142104,1789006439550974,1789006439552577,74076,0,1,1,43165,43165,43165
1037,61573175412,1789006439584933,1789006439586530,74076,0,1,1,42446,42446,42446
1038,61573208721,1789006439617629,1789006439618989,74076,0,1,1,43199,43199,43199
1039,61573242029,1789006439650922,1789006439653926,74076,0,1,1,42418,42418,42418
1040,61573275338,1789006439684151,1789006439685850,74076,0,1,1,42530,42530,42530
1041,61573308647,1789006439717567,1789006439718927,74076,0,1,1,42671,42671,42671
1042,61573341955,1789006439750876,1789006439752297,74076,0,1,1,42511,42511,42511
1043,61573375264,1789006439784142,1789006439785628,74076,0,1,1,42498,42498,42498
1044,61573408572,1789006439817460,1789006439818732,74076,0,1,1,42518,42518,42518
1045,61573441881,1789006439850706,1789006439852305,74076,0,1,1,43309,43309,43309
1046,61573475190,1789006439884538,1789006439886677,74076,0,1,1,42434,42434,42434
1047,61573508498,1789006439917414,1789006439918815,74076,0,1,1,43341,43341,43341
1048,61573541807,1789006439950702,1789006439952171,74076,0,1,1,43218,43218,43218
1049,61573575115,1789006439984386,1789006439986709,74076,0,1,1,42528,42528,42528
1050,61573608424,1789006440017315,1789006440018505,74076,0,1,1,42636,42636,42636
1051,61573641733,1789006440050523,1789006440052083,74076,0,1,1,42529,42529,42529
1052,61573675041,1789006440084327,1789006440086331,74076,0,1,1,42561,42561,42561
1053,61573708350,1789006440117196,1789006440118480,74076,0,1,1,42526,42526,42526
1054,61573741658,1789006440150599,1789006440152034,74076,0,1,1,43226,43226,43226
1055,61573774967,1789006440183880,1789006440185202,74076,0,1,1,42335,42335,42335
1056,61573808276,1789006440217222,1789006440218939,74076,0,1,1,42555,42555,42555
1057,61573841584,1789006440250487,1789006440251948,74076,0,1,1,43279,43279,43279
1058,61573874893,1789006440284337,1789006440285853,74076,0,1,1,42510,42510,42510
1059,61573908201,1789006440317635,1789006440318736,74076,0,1,1,42667,42667,42667
1060,61573941510,1789006440350409,1789006440351829,74076,0,1,1,42598,42598,42598
1061,61573974819,1789006440383724,1789006440385249,74076,0,1,1,42561,42561,42561
1062,61574008127,1789006440417342,1789006440419668,74076,0,1,1,42705,42705,42705
1063,61574041436,1789006440450346,1789006440451738,74076,0,1,1,43306,43306,43306
1064,61574074744,1789006440483581,1789006440485302,74076,0,1,1,43309,43309,43309
1065,61574108053,1789006440517433,1789006440519554,74076,0,1,1,43206,43206,43206
1066,61574141362,1789006440550258,1789006440551692,74076,0,1,1,43134,43134,43134
1067,61574174670,1789006440583549,1789006440585207,74076,0,1,1,43240,43240,43240
1068,61574207979,1789006440617290,1789006440619403,74076,0,1,1,43187,43187,43187
1069,61574241287,1789006440650258,1789006440651665,74076,0,1,1,42493,42493,42493
1070,61574274596,1789006440683497,1789006440684829,74076,0,1,1,42461,42461,42461
1071,61574307905,1789006440716838,1789006440718418,74076,0,1,1,43234,43234,43234
1072,61574341213,1789006440750154,1789006440751574,74076,0,1,1,42577,42577,42577
1073,61574374522,1789006440783318,1789006440785016,74076,0,1,1,43115,43115,43115
1074,61574407830,1789006440817146,1789006440819182,74076,0,1,1,43112,43112,43112
1075,61574441139,1789006440850064,1789006440851379,74076,0,1,1,42384,42384,42384
1076,61574474448,1789006440883241,1789006440884917,74076,0,1,1,42528,42528,42528
1077,61574507756,1789006440917107,1789006440919180,74076,0,1,1,42506,42506,42506
1078,61574541065,1789006440949920,1789006440951378,74076,0,1,1,43152,43152,43152
1079,61574574373,1789006440983189,1789006440984752,74076,0,1,1,43356,43356,43356
1080,61574607682,1789006441016635,1789006441018080,74076,0,1,1,42690,42690,42690
1081,61574640991,1789006441049951,1789006441051279,74076,0,1,1,42326,42326,42326
1082,61574674299,1789006441083174,1789006441084678,74076,0,1,1,43185,43185,43185
1083,61574707608,1789006441116795,1789006441118879,74076,0,1,1,43177,43177,43177
1084,61574740916,1789006441149713,1789006441151112,74076,0,1,1,43319,43319,43319
1085,61574774225,1789006441183095,1789006441184665,74076,0,1,1,42415,42415,42415
1086,61574807534,1789006441216515,1789006441219990,74076,0,1,1,42473,42473,42473
1087,61574840842,1789006441249764,1789006441251129,74076,0,1,1,43269,43269,43269
1088,61574874151,1789006441283074,1789006441284511,74076,0,1,1,42637,42637,42637
1089,61574907459,1789006441316373,1789006441317887,74076,0,1,1,42485,42485,42485
1090,61574940768,1789006441349909,1789006441351169,74076,0,1,1,42565,42565,42565
1091,61574974077,1789006441383012,1789006441384553,74076,0,1,1,43300,43300,43300
1092,61575007385,1789006441416279,1789006441417711,74076,0,1,1,42546,42546,42546
1093,61575040694,1789006441449869,1789006441451713,74076,0,1,1,43479,43479,43479
1094,61575074002,1789006441482867,1789006441484463,74076,0,1,1,43218,43218,43218
1095,61575107311,1789006441516235,1789006441517736,74076,0,1,1,42647,42647,42647
1096,61575140620,1789006441549934,1789006441551637,74076,0,1,1,42612,42612,42612
1097,61575173928,1789006441583255,1789006441584416,74076,0,1,1,42517,42517,42517
1098,61575207237,1789006441616148,1789006441617657,74076,0,1,1,42527,42527,42527
1099,61575240545,1789006441649941,1789006441651716,74076,0,1,1,43300,43300,43300
1100,61575273854,1789006441682704,1789006441684173,74076,0,1,1,42437,42437,42437
1101,61575307163,1789006441716104,1789006441717490,74076,0,1,1,42637,42637,42637
1102,61575340471,1789006441751425,1789006441752419,74076,0,1,1,43217,43217,43217
1103,61575373780,1789006441782565,1789006441784107,74076,0,1,1,43441,43441,43441
1104,61575407088,1789006441815995,1789006441817518,74076,0,1,1,43331,43331,43331
1105,61575440397,1789006441849707,1789006441852448,74076,0,1,1,43333,43333,43333
1106,61575473706,1789006441882526,1789006441884035,74076,0,1,1,43065,43065,43065
1107,61575507014,1789006441915948,1789006441917456,74076,0,1,1,42641,42641,42641
1108,61575540323,1789006441949648,1789006441951486,74076,0,1,1,42642,42642,42642
1109,61575573631,1789006441982553,1789006441983948,74076,0,1,1,42975,42975,42975
1110,61575606940,1789006442015870,1789006442017290,74076,0,1,1,43275,43275,43275
1111,61575640249,1789006442049181,1789006442050538,74076,0,1,1,42546,42546,42546
1112,61575673557,1789006442082421,1789006442083952,74076,0,1,1,42569,42569,42569
1113,61575706866,1789006442115685,1789006442117272,74076,0,1,1,42645,42645,42645
1114,61575740174,1789006442149110,1789006442150435,74076,0,1,1,43084,43084,43084
1115,61575773483,1789006442182424,1789006442183881,74076,0,1,1,42557,42557,42557
1116,61575806792,1789006442215652,1789006442217303,74076,0,1,1,42588,42588,42588
1117,61575840100,1789006442249320,1789006442251275,74076,0,1,1,42585,42585,42585
1118,61575873409,1789006442282445,1789006442283826,74076,0,1,1,42672,42672,42672
1119,61575906717,1789006442315602,1789006442317184,74076,0,1,1,43080,43080,43080
1120,61575940026,1789006442349407,1789006442350855,74076,0,1,1,42586,42586,42586
1121,61575973335,1789006442382726,1789006442383900,74076,0,1,1,42513,42513,42513
1122,61576006643,1789006442415561,1789006442417252,74076,0,1,1,42522,42522,42522
1123,61576039952,1789006442448912,1789006442450299,74076,0,1,1,43272,43272,43272
1124,61576073260,1789006442482563,1789006442484553,74076,0,1,1,43155,43155,43155
1125,61576106569,1789006442515564,1789006442516954,74076,0,1,1,43253,43253,43253
1126,61576139878,1789006442549043,1789006442551067,74076,0,1,1,43348,43348,43348
1127,61576173186,1789006442582986,1789006442584480,74076,0,1,1,42592,42592,42592
1128,61576206495,1789006442615452,1789006442616836,74076,0,1,1,42656,42656,42656
1129,61576239803,1789006442648754,1789006442650269,74076,0,1,1,43333,43333,43333
1130,61576273112,1789006442682051,1789006442684204,74076,0,1,1,43339,43339,43339
1131,61576306421,1789006442715530,1789006442716886,74076,0,1,1,43335,43335,43335
1132,61576339729,1789006442748610,1789006442749928,74076,0,1,1,42613,42613,42613
1133,61576373038,1789006442781888,1789006442783381,74076,0,1,1,42675,42675,42675
1134,61576406346,1789006442815525,1789006442816818,74076,0,1,1,43299,43299,43299
1135,61576439655,1789006442848584,1789006442850027,74076,0,1,1,42687,42687,42687
1136,61576472964,1789006442882341,1789006442884409,74076,0,1,1,43243,43243,43243
1137,61576506272,1789006442915254,1789006442916679,74076,0,1,1,42711,42711,42711
1138,61576539581,1789006442948451,1789006442950031,74076,0,1,1,42716,42716,42716
1139,61576572889,1789006442982094,1789006442984243,74076,0,1,1,43197,43197,43197
1140,61576606198,1789006443015058,1789006443016569,74076,0,1,1,43241,43241,43241
1141,61576639507,1789006443048504,1789006443049902,74076,0,1,1,43297,43297,43297
1142,61576672815,1789006443081719,1789006443083249,74076,0,1,1,43256,43256,43256
1143,61576706124,1789006443114987,1789006443116559,74076,0,1,1,42593,42593,42593
1144,61576739432,1789006443148300,1789006443149806,74076,0,1,1,42556,42556,42556
1145,61576772741,1789006443182164,1789006443183732,74076,0,1,1,42565,42565,42565
1146,61576806050,1789006443214966,1789006443216747,74076,0,1,1,42485,42485,42485
1147,61576839358,1789006443248340,1789006443249719,74076,0,1,1,42617,42617,42617
1148,61576872667,1789006443281581,1789006443283998,74076,0,1,1,42482,42482,42482
1149,61576905975,1789006443315397,1789006443317738,74076,0,1,1,42512,42512,42512
1150,61576939284,1789006443348208,1789006443349619,74076,0,1,1,43157,43157,43157
1151,61576972593,1789006443381541,1789006443383096,74076,0,1,1,43321,43321,43321
1152,61577005901,1789006443415455,1789006443417070,74076,0,1,1,43397,43397,43397
1153,61577039210,1789006443448147,1789006443449536,74076,0,1,1,43435,43435,43435
1154,61577072518,1789006443481490,1789006443482985,74076,0,1,1,42551,42551,42551
1155,61577105827,1789006443515432,1789006443516794,74076,0,1,1,43256,43256,43256
1156,61577139136,1789006443548006,1789006443549606,74076,0,1,1,42522,42522,42522
1157,61577172444,1789006443581386,1789006443582983,74076,0,1,1,42606,42606,42606
1158,61577205753,1789006443615158,1789006443616838,74076,0,1,1,43389,43389,43389
1159,61577239061,1789006443648018,1789006443649638,74076,0,1,1,42640,42640,42640
1160,61577272370,1789006443681276,1789006443682823,74076,0,1,1,43297,43297,43297
1161,61577305679,1789006443714618,1789006443716458,74076,0,1,1,42505,42505,42505
1162,61577338987,1789006443747873,1789006443749645,74076,0,1,1,42741,42741,42741
1163,61577372296,1789006443781215,1789006443782555,74076,0,1,1,43070,43070,43070
1164,61577405604,1789006443814626,1789006443816301,74076,0,1,1,42482,42482,42482
1165,61577438913,1789006443848047,1789006443849300,74076,0,1,1,42739,42739,42739
1166,61577472222,1789006443881083,1789006443882481,74076,0,1,1,43517,43517,43517
1167,61577505530,1789006443915037,1789006443916805,74076,0,1,1,43369,43369,43369
1168,61577538839,1789006443947732,1789006443949367,74076,0,1,1,42653,42653,42653
1169,61577572147,1789006443981111,1789006443982537,74076,0,1,1,42694,42694,42694
1170,61577605456,1789006444015144,1789006444016114,74076,0,1,1,43262,43262,43262
1171,61577638765,1789006444047652,1789006444049244,74076,0,1,1,42806,42806,42806
1172,61577672073,1789006444080985,1789006444082534,74076,0,1,1,43216,43216,43216
1173,61577705382,1789006444115211,1789006444116894,74076,0,1,1,43143,43143,43143
1174,61577738690,1789006444147673,1789006444149091,74076,0,1,1,42693,42693,42693
1175,61577771999,1789006444180994,1789006444182419,74076,0,1,1,43325,43325,43325
1176,61577805308,1789006444215021,1789006444216363,74076,0,1,1,42573,42573,42573
1177,61577838616,1789006444247590,1789006444249003,74076,0,1,1,42494,42494,42494
1178,61577871925,1789006444280819,1789006444282406,74076,0,1,1,42534,42534,42534
1179,61577905233,1789006444314158,1789006444315832,74076,0,1,1,42542,42542,42542
1180,61577938542,1789006444347475,1789006444348913,74076,0,1,1,42761,42761,42761
1181,61577971851,1789006444380812,1789006444382221,74076,0,1,1,42725,42725,42725
1182,61578005159,1789006444414391,1789006444416578,74076,0,1,1,42585,42585,42585
1183,61578038468,1789006444448207,1789006444449721,74076,0,1,1,42672,42672,42672
1184,61578071776,1789006444480708,1789006444482283,74076,0,1,1,43286,43286,43286
1185,61578105085,1789006444514029,1789006444516599,74076,0,1,1,42506,42506,42506
1186,61578138394,1789006444548040,1789006444549303,74076,0,1,1,43482,43482,43482
1187,61578171702,1789006444580681,1789006444582223,74076,0,1,1,42353,42353,42353
1188,61578205011,1789006444613970,1789006444615596,74076,0,1,1,42536,42536,42536
1189,61578238319,1789006444647660,1789006444649639,74076,0,1,1,43269,43269,43269
1190,61578271628,1789006444680572,1789006444682115,74076,0,1,1,42549,42549,42549
1191,61578304937,1789006444713869,1789006444715336,74076,0,1,1,43440,43440,43440
1192,61578338245,1789006444747679,1789006444749149,74076,0,1,1,42554,42554,42554
1193,61578371554,1789006444780496,1789006444781983,74076,0,1,1,43279,43279,43279
1194,61578404862,1789006444813770,1789006444815373,74076,0,1,1,42585,42585,42585
1195,61578438171,1789006444847560,1789006444849130,74076,0,1,1,43436,43436,43436
1196,61578471480,1789006444880242,1789006444883430,74076,0,1,1,42571,42571,42571
1197,61578504788,1789006444913723,1789006444915326,74076,0,1,1,43116,43116,43116
1198,61578538097,1789006444947382,1789006444949219,74076,0,1,1,43306,43306,43306
1199,61578571405,1789006444980396,1789006444981850,74076,0,1,1,43264,43264,43264
1200,61578604714,1789006445013663,1789006445015155,74076,0,1,1,43326,43326,43326
1201,61578638023,1789006445047450,1789006445049051,74076,0,1,1,42565,42565,42565
1202,61578671331,1789006445080247,1789006445081676,74076,0,1,1,43306,43306,43306
1203,61578704640,1789006445113593,1789006445115239,74076,0,1,1,42457,42457,42457
1204,61578737948,1789006445146909,1789006445148371,74076,0,1,1,42772,42772,42772
1205,61578771257,1789006445180253,1789006445181687,74076,0,1,1,43237,43237,43237
1206,61578804566,1789006445213486,1789006445215141,74076,0,1,1,43211,43211,43211
1207,61578837874,1789006445246876,1789006445248482,74076,0,1,1,42662,42662,42662
1208,61578871183,1789006445280068,1789006445281635,74076,0,1,1,42655,42655,42655
1209,61578904491,1789006445313404,1789006445314877,74076,0,1,1,43503,43503,43503
1210,61578937800,1789006445346726,1789006445349076,74076,0,1,1,42702,42702,42702
1211,61578971109,1789006445380072,1789006445381664,74076,0,1,1,43287,43287,43287
1212,61579004417,1789006445413504,1789006445414723,74076,0,1,1,42562,42562,42562
1213,61579037726,1789006445447146,1789006445448751,74076,0,1,1,42724,42724,42724
1214,61579071034,1789006445480052,1789006445481617,74076,0,1,1,42594,42594,42594
1215,61579104343,1789006445513267,1789006445514689,74076,0,1,1,43279,43279,43279
1216,61579137652,1789006445547133,1789006445548564,74076,0,1,1,42480,42480,42480
1217,61579170960,1789006445580372,1789006445582213,74076,0,1,1,43155,43155,43155
1218,61579204269,1789006445613173,1789006445614486,74076,0,1,1,43221,43221,43221
1219,61579237577,1789006445646435,1789006445647953,74076,0,1,1,43453,43453,43453
1220,61579270886,1789006445680268,1789006445682022,74076,0,1,1,43305,43305,43305
1221,61579304195,1789006445713115,1789006445714552,74076,0,1,1,42348,42348,42348
1222,61579337503,1789006445746418,1789006445748175,74076,0,1,1,42573,42573,42573
1223,61579370812,1789006445780082,1789006445781963,74076,0,1,1,42624,42624,42624
1224,61579404120,1789006445813083,1789006445814556,74076,0,1,1,42566,42566,42566
1225,61579437429,1789006445846345,1789006445847832,74076,0,1,1,43362,43362,43362
1226,61579470738,1789006445880302,1789006445881828,74076,0,1,1,42658,42658,42658
1227,61579504046,1789006445912954,1789006445916022,74076,0,1,1,42708,42708,42708
1228,61579537355,1789006445946278,1789006445947731,74076,0,1,1,43286,43286,43286
1229,61579570663,1789006445980043,1789006445981693,74076,0,1,1,42522,42522,42522
1230,61579603972,1789006446012916,1789006446014346,74076,0,1,1,42620,42620,42620
1231,61579637281,1789006446046191,1789006446047606,74076,0,1,1,42653,42653,42653
1232,61579670589,1789006446079943,1789006446082086,74076,0,1,1,42715,42715,42715
1233,61579703898,1789006446112825,1789006446114386,74076,0,1,1,43260,43260,43260
1234,61579737206,1789006446146115,1789006446147590,74076,0,1,1,42570,42570,42570
1235,61579770515,1789006446179902,1789006446181563,74076,0,1,1,43299,43299,43299
1236,61579803824,1789006446212757,1789006446214291,74076,0,1,1,42688,42688,42688
1237,61579837132,1789006446246042,1789006446247597,74076,0,1,1,43510,43510,43510
1238,61579870441,1789006446279820,1789006446281662,74076,0,1,1,43440,43440,43440
1239,61579903749,1789006446312647,1789006446314175,74076,0,1,1,42616,42616,42616
1240,61579937058,1789006446345966,1789006446347462,74076,0,1,1,43177,43177,43177
1241,61579970367,1789006446379358,1789006446380803,74076,0,1,1,43222,43222,43222
1242,61580003675,1789006446412633,1789006446414153,74076,0,1,1,43423,43423,43423
1243,61580036984,1789006446445877,1789006446448751,74076,0,1,1,43327,43327,43327
1244,61580070292,1789006446479269,1789006446481428,74076,0,1,1,43324,43324,43324
1245,61580103601,1789006446512583,1789006446513958,74076,0,1,1,42670,42670,42670
1246,61580136910,1789006446545842,1789006446547181,74076,0,1,1,43445,43445,43445
1247,61580170218,1789006446579219,1789006446580620,74076,0,1,1,43459,43459,43459
1248,61580203527,1789006446613055,1789006446614002,74076,0,1,1,43203,43203,43203
1249,61580236835,1789006446645783,1789006446647145,74076,0,1,1,42683,42683,42683
1250,61580270144,1789006446679078,1789006446680710,74076,0,1,1,42501,42501,42501
1251,61580303453,1789006446712733,1789006446714899,74076,0,1,1,42369,42369,42369
1252,61580336761,1789006446745875,1789006446747285,74076,0,1,1,42691,42691,42691
1253,61580370070,1789006446779158,1789006446780708,74076,0,1,1,43353,43353,43353
1254,61580403378,1789006446812622,1789006446814655,74076,0,1,1,43127,43127,43127
1255,61580436687,1789006446845585,1789006446847146,74076,0,1,1,42563,42563,42563
1256,61580469996,1789006446878994,1789006446880527,74076,0,1,1,43296,43296,43296
1257,61580503304,1789006446912251,1789006446914280,74076,0,1,1,43288,43288,43288
1258,61580536613,1789006446945597,1789006446946921,74076,0,1,1,43111,43111,43111
1259,61580569921,1789006446978963,1789006446980425,74076,0,1,1,42764,42764,42764
1260,61580603230,1789006447012690,1789006447014171,74076,0,1,1,43252,43252,43252
1261,61580636539,1789006447045608,1789006447046965,74076,0,1,1,43320,43320,43320
1262,61580669847,1789006447078851,1789006447080428,74076,0,1,1,42630,42630,42630
1263,61580703156,1789006447112478,1789006447114472,74076,0,1,1,43289,43289,43289
1264,61580736464,1789006447145591,1789006447146966,74076,0,1,1,43379,43379,43379
1265,61580769773,1789006447178777,1789006447180223,74076,0,1,1,42733,42733,42733
1266,61580803082,1789006447212127,1789006447214085,74076,0,1,1,43310,43310,43310
1267,61580836390,1789006447245598,1789006447246822,74076,0,1,1,43273,43273,43273
1268,61580869699,1789006447278669,1789006447280144,74076,0,1,1,43102,43102,43102
1269,61580903007,1789006447312584,1789006447314116,74076,0,1,1,43180,43180,43180
1270,61580936316,1789006447345226,1789006447346610,74076,0,1,1,43297,43297,43297
1271,61580969625,1789006447378696,1789006447380150,74076,0,1,1,42605,42605,42605
1272,61581002933,1789006447411971,1789006447414058,74076,0,1,1,43193,43193,43193
1273,61581036242,1789006447445219,1789006447446437,74076,0,1,1,43342,43342,43342
1274,61581069550,1789006447478609,1789006447480040,74076,0,1,1,42639,42639,42639
1275,61581102859,1789006447511992,1789006447513911,74076,0,1,1,42613,42613,42613
1276,61581136168,1789006447545200,1789006447546510,74076,0,1,1,43542,43542,43542
1277,61581169476,1789006447578465,1789006447579904,74076,0,1,1,42636,42636,42636
1278,61581202785,1789006447611723,1789006447613901,74076,0,1,1,42800,42800,42800
1279,61581236093,1789006447645108,1789006447646582,74076,0,1,1,43394,43394,43394
1280,61581269402,1789006447678610,1789006447679977,74076,0,1,1,43373,43373,43373
1281,61581302711,1789006447711703,1789006447713660,74076,0,1,1,42619,42619,42619
1282,61581336019,1789006447745638,1789006447746519,74076,0,1,1,42748,42748,42748
1283,61581369328,1789006447778333,1789006447779861,74076,0,1,1,43518,43518,43518
1284,61581402636,1789006447811625,1789006447813117,74076,0,1,1,42364,42364,42364
1285,61581435945,1789006447845048,1789006447847588,74076,0,1,1,43489,43489,43489
1286,61581469254,1789006447878243,1789006447879688,74076,0,1,1,43367,43367,43367
1287,61581502562,1789006447911483,1789006447912902,74076,0,1,1,42668,42668,42668
1288,61581535871,1789006447945288,1789006447946983,74076,0,1,1,42653,42653,42653
1289,61581569179,1789006447978202,1789006447979560,74076,0,1,1,43424,43424,43424
1290,61581602488,1789006448011690,1789006448013079,74076,0,1,1,43345,43345,43345
1291,61581635797,1789006448045137,1789006448047454,74076,0,1,1,43359,43359,43359
1292,61581669105,1789006448078101,1789006448079599,74076,0,1,1,43297,43297,43297
1293,61581702414,1789006448111380,1789006448113003,74076,0,1,1,43456,43456,43456
1294,61581735722,1789006448145260,1789006448146899,74076,0,1,1,42639,42639,42639
1295,61581769031,1789006448178118,1789006448179592,74076,0,1,1,42593,42593,42593
1296,61581802340,1789006448211326,1789006448212871,74076,0,1,1,42545,42545,42545
1297,61581835648,1789006448245150,1789006448247254,74076,0,1,1,43248,43248,43248
1298,61581868957,1789006448277949,1789006448279375,74076,0,1,1,43288,43288,43288
1299,61581902265,1789006448311214,1789006448312754,74076,0,1,1,43433,43433,43433
1300,61581935574,1789006448344504,1789006448346223,74076,0,1,1,42622,42622,42622
1301,61581968883,1789006448377948,1789006448379323,74076,0,1,1,42690,42690,42690
1302,61582002191,1789006448411109,1789006448412647,74076,0,1,1,42714,42714,42714
1303,61582035500,1789006448445164,1789006448447025,74076,0,1,1,43424,43424,43424
1304,61582068808,1789006448477725,1789006448479139,74076,0,1,1,43152,43152,43152
1305,61582102117,1789006448511008,1789006448512696,74076,0,1,1,43355,43355,43355
1306,61582135426,1789006448544789,1789006448546639,74076,0,1,1,42530,42530,42530
1307,61582168734,1789006448577773,1789006448579139,74076,0,1,1,42657,42657,42657
1308,61582202043,1789006448611339,1789006448612728,74076,0,1,1,43171,43171,43171
1309,61582235351,1789006448644279,1789006448645773,74076,0,1,1,43220,43220,43220
1310,61582268660,1789006448677672,1789006448679168,74076,0,1,1,43175,43175,43175
1311,61582301969,1789006448710998,1789006448712584,74076,0,1,1,43375,43375,43375
1312,61582335277,1789006448744237,1789006448745804,74076,0,1,1,43216,43216,43216
1313,61582368586,1789006448777923,1789006448779757,74076,0,1,1,43344,43344,43344
1314,61582401894,1789006448810928,1789006448812327,74076,0,1,1,42775,42775,42775
1315,61582435203,1789006448844134,1789006448845635,74076,0,1,1,43389,43389,43389
1316,61582468512,1789006448878051,1789006448879650,74076,0,1,1,42621,42621,42621
1317,61582501820,1789006448910845,1789006448912318,74076,0,1,1,43381,43381,43381
1318,61582535129,1789006448944201,1789006448945718,74076,0,1,1,42742,42742,42742
1319,61582568437,1789006448977859,1789006448980057,74076,0,1,1,42410,42410,42410
1320,61582601746,1789006449010750,1789006449012186,74076,0,1,1,42447,42447,42447
1321,61582635055,1789006449043956,1789006449046140,74076,0,1,1,42644,42644,42644
1322,61582668363,1789006449077844,1789006449079894,74076,0,1,1,42580,42580,42580
1323,61582701672,1789006449110686,1789006449112091,74076,0,1,1,43428,43428,43428
1324,61582734980,1789006449143932,1789006449145537,74076,0,1,1,42484,42484,42484
1325,61582768289,1789006449177733,1789006449179385,74076,0,1,1,43282,43282,43282
1326,61582801598,1789006449210512,1789006449212130,74076,0,1,1,42687,42687,42687
1327,61582834906,1789006449243884,1789006449245551,74076,0,1,1,42457,42457,42457
1328,61582868215,1789006449277717,1789006449279162,74076,0,1,1,43202,43202,43202
1329,61582901523,1789006449310455,1789006449311896,74076,0,1,1,42718,42718,42718
1330,61582934832,1789006449343756,1789006449345464,74076,0,1,1,42496,42496,42496
1331,61582968141,1789006449377805,1789006449379632,74076,0,1,1,42629,42629,42629
1332,61583001449,1789006449410449,1789006449411877,74076,0,1,1,43367,43367,43367
1333,61583034758,1789006449443714,1789006449445300,74076,0,1,1,42678,42678,42678
1334,61583068066,1789006449477403,1789006449479621,74076,0,1,1,43334,43334,43334
1335,61583101375,1789006449510404,1789006449511859,74076,0,1,1,43360,43360,43360
1336,61583134684,1789006449543681,1789006449545246,74076,0,1,1,42659,42659,42659
1337,61583167992,1789006449577111,1789006449578555,74076,0,1,1,42737,42737,42737
1338,61583201301,1789006449610338,1789006449611776,74076,0,1,1,43519,43519,43519
1339,61583234609,1789006449643579,1789006449645238,74076,0,1,1,43541,43541,43541
1340,61583267918,1789006449676926,1789006449678464,74076,0,1,1,43564,43564,43564
1341,61583301227,1789006449710188,1789006449711668,74076,0,1,1,42631,42631,42631
1342,61583334535,1789006449743521,1789006449745020,74076,0,1,1,42707,42707,42707
1343,61583367844,1789006449777348,1789006449779299,74076,0,1,1,42787,42787,42787
1344,61583401152,1789006449810071,1789006449811588,74076,0,1,1,42716,42716,42716
1345,61583434461,1789006449843457,1789006449845211,74076,0,1,1,42502,42502,42502
1346,61583467770,1789006449877247,1789006449879153,74076,0,1,1,42491,42491,42491
1347,61583501078,1789006449910569,1789006449912153,74076,0,1,1,43651,43651,43651
1348,61583534387,1789006449943363,1789006449944924,74076,0,1,1,43442,43442,43442
1349,61583567695,1789006449977133,1789006449979256,74076,0,1,1,43423,43423,43423
1350,61583601004,1789006450010422,1789006450012101,74076,0,1,1,42754,42754,42754
1351,61583634313,1789006450043228,1789006450044749,74076,0,1,1,43406,43406,43406
1352,61583667621,1789006450076637,1789006450078169,74076,0,1,1,42509,42509,42509
1353,61583700930,1789006450110313,1789006450112106,74076,0,1,1,43575,43575,43575
1354,61583734238,1789006450143830,1789006450144792,74076,0,1,1,43169,43169,43169
1355,61583767547,1789006450176571,1789006450178068,74076,0,1,1,42710,42710,42710
1356,61583800856,1789006450210137,1789006450211968,74076,0,1,1,42666,42666,42666
1357,61583834164,1789006450243201,1789006450244839,74076,0,1,1,42624,42624,42624
1358,61583867473,1789006450276511,1789006450278084,74076,0,1,1,43446,43446,43446
1359,61583900781,1789006450310173,1789006450312323,74076,0,1,1,43406,43406,43406
1360,61583934090,1789006450343112,1789006450344673,74076,0,1,1,42639,42639,42639
1361,61583967399,1789006450376409,1789006450377876,74076,0,1,1,42417,42417,42417
1362,61584000707,1789006450410209,1789006450411880,74076,0,1,1,43550,43550,43550
1363,61584034016,1789006450443017,1789006450444532,74076,0,1,1,43448,43448,43448
1364,61584067324,1789006450476357,1789006450477828,74076,0,1,1,43273,43273,43273
1365,61584100633,1789006450509981,1789006450512075,74076,0,1,1,42676,42676,42676
1366,61584133942,1789006450542980,1789006450544501,74076,0,1,1,42670,42670,42670
1367,61584167250,1789006450576367,1789006450577819,74076,0,1,1,42762,42762,42762
1368,61584200559,1789006450610076,1789006450611580,74076,0,1,1,43303,43303,43303
1369,61584233867,1789006450642882,1789006450644409,74076,0,1,1,43196,43196,43196
1370,61584267176,1789006450676116,1789006450677700,74076,0,1,1,42512,42512,42512
1371,61584300485,1789006450709481,1789006450710818,74076,0,1,1,43763,43763,43763
1372,61584333793,1789006450742851,1789006450744300,74076,0,1,1,42643,42643,42643
1373,61584367102,1789006450776056,1789006450777755,74076,0,1,1,43258,43258,43258
1374,61584400410,1789006450810335,1789006450811880,74076,0,1,1,42632,42632,42632
1375,61584433719,1789006450842728,1789006450844214,74076,0,1,1,43233,43233,43233
1376,61584467028,1789006450876031,1789006450877641,74076,0,1,1,43270,43270,43270
1377,61584500336,1789006450909725,1789006450911766,74076,0,1,1,43441,43441,43441
1378,61584533645,1789006450942773,1789006450944348,74076,0,1,1,42653,42653,42653
1379,61584566953,1789006450975947,1789006450977536,74076,0,1,1,43267,43267,43267
1380,61584600262,1789006451009601,1789006451011404,74076,0,1,1,42727,42727,42727
1381,61584633571,1789006451043092,1789006451044571,74076,0,1,1,42694,42694,42694
1382,61584666879,1789006451075855,1789006451077480,74076,0,1,1,42630,42630,42630
1383,61584700188,1789006451109150,1789006451110601,74076,0,1,1,43419,43419,43419
1384,61584733496,1789006451144115,1789006451145504,74076,0,1,1,42603,42603,42603
1385,61584766805,1789006451175743,1789006451177431,74076,0,1,1,43273,43273,43273
1386,61584800114,1789006451209164,1789006451210679,74076,0,1,1,42584,42584,42584
1387,61584833422,1789006451242870,1789006451244840,74076,0,1,1,42671,42671,42671
1388,61584866731,1789006451275645,1789006451277243,74076,0,1,1,42692,42692,42692
1389,61584900039,1789006451309062,1789006451310605,74076,0,1,1,42678,42678,42678
1390,61584933348,1789006451342776,1789006451344496,74076,0,1,1,43480,43480,43480
1391,61584966657,1789006451375939,1789006451377457,74076,0,1,1,42816,42816,42816
1392,61584999965,1789006451409015,1789006451410518,74076,0,1,1,42622,42622,42622
1393,61585033274,1789006451442770,1789006451444268,74076,0,1,1,42565,42565,42565
1394,61585066582,1789006451475764,1789006451477196,74076,0,1,1,43300,43300,43300
1395,61585099891,1789006451508926,1789006451510449,74076,0,1,1,42735,42735,42735
1396,61585133200,1789006451542082,1789006451544259,74076,0,1,1,42661,42661,42661
1397,61585166508,1789006451575731,1789006451577180,74076,0,1,1,42641,42641,42641
1398,61585199817,1789006451608801,1789006451610359,74076,0,1,1,42725,42725,42725
1399,61585233125,1789006451642481,1789006451644577,74076,0,1,1,42737,42737,42737
1400,61585266434,1789006451675616,1789006451676980,74076,0,1,1,43398,43398,43398
1401,61585299743,1789006451708642,1789006451710129,74076,0,1,1,43387,43387,43387
1402,61585333051,1789006451742491,1789006451744439,74076,0,1,1,43413,43413,43413
1403,61585366360,1789006451775350,1789006451776810,74076,0,1,1,42722,42722,42722
1404,61585399668,1789006451808564,1789006451810139,74076,0,1,1,42758,42758,42758
1405,61585432977,1789006451841949,1789006451843475,74076,0,1,1,43333,43333,43333
1406,61585466286,1789006451875370,1789006451876798,74076,0,1,1,43521,43521,43521
1407,61585499594,1789006451908665,1789006451909977,74076,0,1,1,43423,43423,43423
1408,61585532903,1789006451942466,1789006451944114,74076,0,1,1,43352,43352,43352
1409,61585566211,1789006451975271,1789006451976701,74076,0,1,1,43183,43183,43183
1410,61585599520,1789006452008621,1789006452010038,74076,0,1,1,42915,42915,42915
1411,61585632829,1789006452041820,1789006452043269,74076,0,1,1,43353,43353,43353
1412,61585666137,1789006452075488,1789006452076971,74076,0,1,1,43427,43427,43427
1413,61585699446,1789006452108456,1789006452109849,74076,0,1,1,42674,42674,42674
1414,61585732754,1789006452142094,1789006452144193,74076,0,1,1,42705,42705,42705
1415,61585766063,1789006452175593,1789006452178834,74076,0,1,1,42692,42692,42692
1416,61585799372,1789006452208334,1789006452209855,74076,0,1,1,43339,43339,43339
1417,61585832680,1789006452241672,1789006452243279,74076,0,1,1,42682,42682,42682
1418,61585865989,1789006452275846,1789006452277883,74076,0,1,1,42547,42547,42547
1419,61585899297,1789006452308360,1789006452309687,74076,0,1,1,43587,43587,43587
1420,61585932606,1789006452341666,1789006452343124,74076,0,1,1,43449,43449,43449
1421,61585965915,1789006452376699,1789006452378320,74076,0,1,1,42613,42613,42613
1422,61585999223,1789006452408179,1789006452409729,74076,0,1,1,42764,42764,42764
1423,61586032532,1789006452441918,1789006452443211,74076,0,1,1,42812,42812,42812
1424,61586065840,1789006452475366,1789006452477442,74076,0,1,1,43483,43483,43483
1425,61586099149,1789006452508287,1789006452509702,74076,0,1,1,43337,43337,43337
1426,61586132458,1789006452541480,1789006452543231,74076,0,1,1,43520,43520,43520
1427,61586165766,1789006452575232,1789006452577262,74076,0,1,1,42666,42666,42666
1428,61586199075,1789006452608046,1789006452609813,74076,0,1,1,42640,42640,42640
1429,61586232383,1789006452641397,1789006452642817,74076,0,1,1,42778,42778,42778
1430,61586265692,1789006452675171,1789006452677195,74076,0,1,1,43381,43381,43381
1431,61586299001,1789006452707975,1789006452709577,74076,0,1,1,43464,43464,43464
1432,61586332309,1789006452741371,1789006452742554,74076,0,1,1,42759,42759,42759
1433,61586365618,1789006452776014,1789006452778019,74076,0,1,1,42626,42626,42626
1434,61586398926,1789006452807909,1789006452809576,74076,0,1,1,42636,42636,42636
1435,61586432235,1789006452841212,1789006452842621,74076,0,1,1,43556,43556,43556
1436,61586465544,1789006452875249,1789006452877404,74076,0,1,1,42743,42743,42743
1437,61586498852,1789006452907881,1789006452909542,74076,0,1,1,43618,43618,43618
1438,61586532161,1789006452941175,1789006452942559,74076,0,1,1,43272,43272,43272
1439,61586565469,1789006452975212,1789006452976210,74076,0,1,1,43212,43212,43212
1440,61586598778,1789006453007823,1789006453009429,74076,0,1,1,42696,42696,42696
1441,61586632087,1789006453041104,1789006453042704,74076,0,1,1,42958,42958,42958
1442,61586665395,1789006453075292,1789006453076344,74076,0,1,1,42697,42697,42697
1443,61586698704,1789006453107617,1789006453109433,74076,0,1,1,42548,42548,42548
1444,61586732012,1789006453141089,1789006453142476,74076,0,1,1,43522,43522,43522
1445,61586765321,1789006453174310,1789006453176171,74076,0,1,1,43495,43495,43495
1446,61586798630,1789006453207706,1789006453209250,74076,0,1,1,43336,43336,43336
1447,61586831938,1789006453241093,1789006453242681,74076,0,1,1,42828,42828,42828
1448,61586865247,1789006453274289,1789006453276025,74076,0,1,1,42721,42721,42721
1449,61586898555,1789006453307910,1789006453309512,74076,0,1,1,42630,42630,42630
1450,61586931864,1789006453340861,1789006453342391,74076,0,1,1,42772,42772,42772
1451,61586965173,1789006453374186,1789006453375878,74076,0,1,1,43368,43368,43368
1452,61586998481,1789006453407759,1789006453409923,74076,0,1,1,42724,42724,42724
1453,61587031790,1789006453440823,1789006453442256,74076,0,1,1,42832,42832,42832
1454,61587065098,1789006453474146,1789006453476188,74076,0,1,1,42677,42677,42677
1455,61587098407,1789006453507796,1789006453509862,74076,0,1,1,43641,43641,43641
1456,61587131716,1789006453540803,1789006453542156,74076,0,1,1,42657,42657,42657
1457,61587165024,1789006453574045,1789006453575750,74076,0,1,1,42744,42744,42744
1458,61587198333,1789006453607370,1789006453609581,74076,0,1,1,43453,43453,43453
1459,61587231641,1789006453640629,1789006453642167,74076,0,1,1,42803,42803,42803
1460,61587264950,1789006453673991,1789006453675643,74076,0,1,1,43535,43535,43535
1461,61587298259,1789006453707838,1789006453709291,74076,0,1,1,43378,43378,43378
1462,61587331567,1789006453740644,1789006453741946,74076,0,1,1,42782,42782,42782
1463,61587364876,1789006453773936,1789006453775344,74076,0,1,1,43355,43355,43355
1464,61587398184,1789006453807265,1789006453808708,74076,0,1,1,42575,42575,42575
1465,61587431493,1789006453840455,1789006453842122,74076,0,1,1,42817,42817,42817
1466,61587464802,1789006453873793,1789006453875399,74076,0,1,1,42713,42713,42713
1467,61587498110,1789006453907650,1789006453909158,74076,0,1,1,42638,42638,42638
1468,61587531419,1789006453940452,1789006453941829,74076,0,1,1,42810,42810,42810
1469,61587564727,1789006453973639,1789006453975235,74076,0,1,1,43489,43489,43489
1470,61587598036,1789006454007745,1789006454008933,74076,0,1,1,43349,43349,43349
1471,61587631345,1789006454040382,1789006454041881,74076,0,1,1,43614,43614,43614
1472,61587664653,1789006454073631,1789006454075298,74076,0,1,1,43475,43475,43475
1473,61587697962,1789006454107256,1789006454109345,74076,0,1,1,43307,43307,43307
1474,61587731270,1789006454140340,1789006454141742,74076,0,1,1,42611,42611,42611
1475,61587764579,1789006454173573,1789006454175110,74076,0,1,1,42806,42806,42806
1476,61587797888,1789006454206907,1789006454208818,74076,0,1,1,42718,42718,42718
1477,61587831196,1789006454240191,1789006454241762,74076,0,1,1,42678,42678,42678
1478,61587864505,1789006454273541,1789006454274971,74076,0,1,1,43557,43557,43557
1479,61587897813,1789006454307295,1789006454308900,74076,0,1,1,42764,42764,42764
1480,61587931122,1789006454340174,1789006454341839,74076,0,1,1,42799,42799,42799
1481,61587964431,1789006454373439,1789006454374958,74076,0,1,1,42761,42761,42761
1482,61587997739,1789006454406723,1789006454408740,74076,0,1,1,43269,43269,43269
1483,61588031048,1789006454440396,1789006454442257,74076,0,1,1,42836,42836,42836
1484,61588064356,1789006454473363,1789006454474944,74076,0,1,1,43202,43202,43202
1485,61588097665,1789006454506674,1789006454508410,74076,0,1,1,42744,42744,42744
1486,61588130974,1789006454540469,1789006454542277,74076,0,1,1,43312,43312,43312
1487,61588164282,1789006454573313,1789006454574855,74076,0,1,1,43323,43323,43323
1488,61588197591,1789006454606587,1789006454608169,74076,0,1,1,43475,43475,43475
1489,61588230899,1789006454640361,1789006454642105,74076,0,1,1,42763,42763,42763
1490,61588264208,1789006454673235,1789006454674728,74076,0,1,1,43551,43551,43551
1491,61588297517,1789006454706538,1789006454708021,74076,0,1,1,42595,42595,42595
1492,61588330825,1789006454740316,1789006454742033,74076,0,1,1,43614,43614,43614
1493,61588364134,1789006454773129,1789006454774634,74076,0,1,1,43525,43525,43525
1494,61588397442,1789006454806445,1789006454807915,74076,0,1,1,42695,42695,42695
1495,61588430751,1789006454840021,1789006454842108,74076,0,1,1,42633,42633,42633
1496,61588464060,1789006454873110,1789006454874639,74076,0,1,1,42669,42669,42669
1497,61588497368,1789006454906378,1789006454907893,74076,0,1,1,42512,42512,42512
1498,61588530677,1789006454939731,1789006454942180,74076,0,1,1,42752,42752,42752
1499,61588563985,1789006454973020,1789006454974397,74076,0,1,1,43551,43551,43551
1500,61588597294,1789006455006254,1789006455007682,74076,0,1,1,42683,42683,42683
1501,61588630603,1789006455039696,1789006455041792,74076,0,1,1,43343,43343,43343
1502,61588663911,1789006455072906,1789006455074517,74076,0,1,1,43444,43444,43444
1503,61588697220,1789006455106238,1789006455107704,74076,0,1,1,43256,43256,43256
1504,61588730528,1789006455139656,1789006455141802,74076,0,1,1,43536,43536,43536
1505,61588763837,1789006455172833,1789006455174198,74076,0,1,1,43406,43406,43406
1506,61588797146,1789006455206121,1789006455207704,74076,0,1,1,43526,43526,43526
1507,61588830454,1789006455239992,1789006455242044,74076,0,1,1,43285,43285,43285
1508,61588863763,1789006455272769,1789006455274126,74076,0,1,1,42619,42619,42619
1509,61588897071,1789006455306027,1789006455307911,74076,0,1,1,42606,42606,42606
1510,61588930380,1789006455340837,1789006455345358,74076,0,1,1,42790,42790,42790
1511,61588963689,1789006455372746,1789006455374273,74076,0,1,1,42594,42594,42594
1512,61588996997,1789006455406015,1789006455407380,74076,0,1,1,42667,42667,42667
1513,61589030306,1789006455439315,1789006455440904,74076,0,1,1,43696,43696,43696
1514,61589063614,1789006455472742,1789006455474211,74076,0,1,1,42793,42793,42793
1515,61589096923,1789006455505941,1789006455507305,74076,0,1,1,42618,42618,42618
1516,61589130232,1789006455539307,1789006455540691,74076,0,1,1,43495,43495,43495
1517,61589163540,1789006455572940,1789006455574701,74076,0,1,1,42622,42622,42622
1518,61589196849,1789006455605777,1789006455607423,74076,0,1,1,42729,42729,42729
1519,61589230157,1789006455639573,1789006455641588,74076,0,1,1,43473,43473,43473
1520,61589263466,1789006455672909,1789006455675030,74076,0,1,1,42618,42618,42618
1521,61589296775,1789006455705757,1789006455707181,74076,0,1,1,42589,42589,42589
1522,61589330083,1789006455739125,1789006455740790,74076,0,1,1,42609,42609,42609
1523,61589363392,1789006455772948,1789006455775006,74076,0,1,1,42666,42666,42666
1524,61589396700,1789006455805732,1789006455807186,74076,0,1,1,42712,42712,42712
1525,61589430009,1789006455839014,1789006455840595,74076,0,1,1,42645,42645,42645
1526,61589463318,1789006455872509,1789006455874362,74076,0,1,1,43417,43417,43417
1527,61589496626,1789006455905727,1789006455907181,74076,0,1,1,43511,43511,43511
1528,61589529935,1789006455939088,1789006455940478,74076,0,1,1,42727,42727,42727
1529,61589563243,1789006455972718,1789006455974363,74076,0,1,1,43452,43452,43452
1530,61589596552,1789006456005628,1789006456006946,74076,0,1,1,42724,42724,42724
1531,61589629861,1789006456038960,1789006456040444,74076,0,1,1,43437,43437,43437
1532,61589663169,1789006456072201,1789006456074132,74076,0,1,1,43313,43313,43313
1533,61589696478,1789006456105581,1789006456106959,74076,0,1,1,43461,43461,43461
1534,61589729786,1789006456138959,1789006456140331,74076,0,1,1,43442,43442,43442
1535,61589763095,1789006456172395,1789006456174657,74076,0,1,1,42805,42805,42805
1536,61589796404,1789006456205710,1789006456206865,74076,0,1,1,42592,42592,42592
1537,61589829712,1789006456238717,1789006456240269,74076,0,1,1,42765,42765,42765
1538,61589863021,1789006456272376,1789006456274496,74076,0,1,1,42759,42759,42759
1539,61589896329,1789006456305830,1789006456306746,74076,0,1,1,43389,43389,43389
1540,61589929638,1789006456338769,1789006456340155,74076,0,1,1,43435,43435,43435
1541,61589962947,1789006456372367,1789006456377543,74076,0,1,1,42874,42874,42874
1542,61589996255,1789006456405386,1789006456406836,74076,0,1,1,43385,43385,43385
1543,61590029564,1789006456438636,1789006456440048,74076,0,1,1,43721,43721,43721
1544,61590062872,1789006456472213,1789006456474276,74076,0,1,1,42781,42781,42781
1545,61590096181,1789006456505301,1789006456506695,74076,0,1,1,42775,42775,42775
1546,61590129490,1789006456538627,1789006456540032,74076,0,1,1,43370,43370,43370
1547,61590162798,1789006456571813,1789006456574045,74076,0,1,1,42762,42762,42762
1548,61590196107,1789006456605233,1789006456606728,74076,0,1,1,43604,43604,43604
1549,61590229415,1789006456638531,1789006456639950,74076,0,1,1,42728,42728,42728
1550,61590262724,1789006456672175,1789006456674142,74076,0,1,1,42664,42664,42664
1551,61590296033,1789006456705655,1789006456707473,74076,0,1,1,43440,43440,43440
1552,61590329341,1789006456738372,1789006456739806,74076,0,1,1,42627,42627,42627
1553,61590362650,1789006456771725,1789006456773830,74076,0,1,1,42723,42723,42723
1554,61590395958,1789006456805005,1789006456806336,74076,0,1,1,43452,43452,43452
1555,61590429267,1789006456838368,1789006456839820,74076,0,1,1,43437,43437,43437
1556,61590462576,1789006456871622,1789006456873263,74076,0,1,1,43548,43548,43548
1557,61590495884,1789006456905568,1789006456907706,74076,0,1,1,43386,43386,43386
1558,61590529193,1789006456938322,1789006456939765,74076,0,1,1,43435,43435,43435
1559,61590562501,1789006456971549,1789006456973104,74076,0,1,1,43387,43387,43387
1560,61590595810,1789006457005252,1789006457007779,74076,0,1,1,42693,42693,42693
1561,61590629119,1789006457038200,1789006457039653,74076,0,1,1,43473,43473,43473
1562,61590662427,1789006457071666,1789006457073049,74076,0,1,1,43499,43499,43499
1563,61590695736,1789006457104865,1789006457107214,74076,0,1,1,42736,42736,42736
1564,61590729044,1789006457138124,1789006457139588,74076,0,1,1,43368,43368,43368
1565,61590762353,1789006457171423,1789006457172987,74076,0,1,1,42611,42611,42611
1566,61590795662,1789006457205612,1789006457207655,74076,0,1,1,43637,43637,43637
1567,61590828970,1789006457238073,1789006457239426,74076,0,1,1,43495,43495,43495
1568,61590862279,1789006457271320,1789006457272755,74076,0,1,1,42399,42399,42399
1569,61590895587,1789006457305296,1789006457307016,74076,0,1,1,42829,42829,42829
1570,61590928896,1789006457338072,1789006457339427,74076,0,1,1,43490,43490,43490
1571,61590962205,1789006457371301,1789006457372618,74076,0,1,1,43335,43335,43335
1572,61590995513,1789006457404904,1789006457406764,74076,0,1,1,43436,43436,43436
1573,61591028822,1789006457438303,1789006457439642,74076,0,1,1,43429,43429,43429
1574,61591062130,1789006457471210,1789006457472766,74076,0,1,1,42598,42598,42598
1575,61591095439,1789006457504893,1789006457507012,74076,0,1,1,42813,42813,42813
1576,61591128748,1789006457537818,1789006457539195,74076,0,1,1,42747,42747,42747
1577,61591162056,1789006457571125,1789006457572750,74076,0,1,1,42832,42832,42832
1578,61591195365,1789006457605198,1789006457606626,74076,0,1,1,43477,43477,43477
1579,61591228673,1789006457637807,1789006457639206,74076,0,1,1,42734,42734,42734
1580,61591261982,1789006457671119,1789006457672567,74076,0,1,1,42759,42759,42759
1581,61591295291,1789006457704279,1789006457705968,74076,0,1,1,43689,43689,43689
1582,61591328599,1789006457737797,1789006457739147,74076,0,1,1,42807,42807,42807
1583,61591361908,1789006457771043,1789006457772399,74076,0,1,1,43431,43431,43431
1584,61591395216,1789006457804160,1789006457805757,74076,0,1,1,43413,43413,43413
1585,61591428525,1789006457837615,1789006457839037,74076,0,1,1,42783,42783,42783
1586,61591461834,1789006457870939,1789006457872454,74076,0,1,1,42710,42710,42710
1587,61591495142,1789006457904150,1789006457906529,74076,0,1,1,42896,42896,42896
1588,61591528451,1789006457937965,1789006457940037,74076,0,1,1,43377,43377,43377
1589,61591561759,1789006457970902,1789006457972422,74076,0,1,1,42819,42819,42819
1590,61591595068,1789006458004040,1789006458005792,74076,0,1,1,42816,42816,42816
1591,61591628377,1789006458037949,1789006458040047,74076,0,1,1,43372,43372,43372
1592,61591661685,1789006458070743,1789006458072369,74076,0,1,1,43604,43604,43604
1593,61591694994,1789006458104022,1789006458105656,74076,0,1,1,42847,42847,42847
1594,61591728302,1789006458138081,1789006458139668,74076,0,1,1,42719,42719,42719
1595,61591761611,1789006458170690,1789006458172135,74076,0,1,1,42754,42754,42754
1596,61591794920,1789006458203939,1789006458205637,74076,0,1,1,43509,43509,43509
1597,61591828228,1789006458237724,1789006458239771,74076,0,1,1,42636,42636,42636
1598,61591861537,1789006458270505,1789006458272032,74076,0,1,1,42711,42711,42711
1599,61591894845,1789006458303837,1789006458305497,74076,0,1,1,43459,43459,43459
1600,61591928154,1789006458337557,1789006458339652,74076,0,1,1,42726,42726,42726
1601,61591961463,1789006458370513,1789006458371978,74076,0,1,1,42572,42572,42572
1602,61591994771,1789006458403810,1789006458405490,74076,0,1,1,43665,43665,43665
1603,61592028080,1789006458437130,1789006458438548,74076,0,1,1,42730,42730,42730
1604,61592061388,1789006458470455,1789006458471942,74076,0,1,1,42681,42681,42681
1605,61592094697,1789006458503772,1789006458505383,74076,0,1,1,43268,43268,43268
1606,61592128006,1789006458537599,1789006458539355,74076,0,1,1,43578,43578,43578
1607,61592161314,1789006458570435,1789006458571949,74076,0,1,1,42740,42740,42740
1608,61592194623,1789006458603701,1789006458605391,74076,0,1,1,42663,42663,42663
1609,61592227931,1789006458637569,1789006458639264,74076,0,1,1,42652,42652,42652
1610,61592261240,1789006458670348,1789006458671789,74076,0,1,1,42641,42641,42641
1611,61592294549,1789006458703636,1789006458705099,74076,0,1,1,42858,42858,42858
1612,61592327857,1789006458737270,1789006458739175,74076,0,1,1,42913,42913,42913
1613,61592361166,1789006458770296,1789006458771719,74076,0,1,1,42689,42689,42689
1614,61592394474,1789006458803564,1789006458805334,74076,0,1,1,42709,42709,42709
1615,61592427783,1789006458837212,1789006458839230,74076,0,1,1,42876,42876,42876
1616,61592461092,1789006458870181,1789006458871656,74076,0,1,1,43499,43499,43499
1617,61592494400,1789006458904008,1789006458904966,74076,0,1,1,43552,43552,43552
1618,61592527709,1789006458937140,1789006458939244,74076,0,1,1,42780,42780,42780
1619,61592561017,1789006458970521,1789006458971920,74076,0,1,1,42717,42717,42717
1620,61592594326,1789006459003531,1789006459004939,74076,0,1,1,42750,42750,42750
1621,61592627635,1789006459037289,1789006459038697,74076,0,1,1,43523,43523,43523
1622,61592660943,1789006459070488,1789006459072245,74076,0,1,1,43468,43468,43468
1623,61592694252,1789006459103306,1789006459104751,74076,0,1,1,42712,42712,42712
1624,61592727560,1789006459136739,1789006459138138,74076,0,1,1,42781,42781,42781
1625,61592760869,1789006459170292,1789006459172408,74076,0,1,1,43500,43500,43500
1626,61592794178,1789006459203320,1789006459204732,74076,0,1,1,43452,43452,43452
1627,61592827486,1789006459236604,1789006459238040,74076,0,1,1,42861,42861,42861
1628,61592860795,1789006459270430,1789006459272067,74076,0,1,1,43382,43382,43382
1629,61592894103,1789006459303122,1789006459304656,74076,0,1,1,42547,42547,42547
1630,61592927412,1789006459336442,1789006459338060,74076,0,1,1,43501,43501,43501
1631,61592960721,1789006459370193,1789006459371774,74076,0,1,1,43512,43512,43512
1632,61592994029,1789006459403189,1789006459404623,74076,0,1,1,43419,43419,43419
1633,61593027338,1789006459436388,1789006459437906,74076,0,1,1,42828,42828,42828
1634,61593060646,1789006459470242,1789006459472352,74076,0,1,1,42626,42626,42626
1635,61593093955,1789006459503078,1789006459505976,74076,0,1,1,42673,42673,42673
1636,61593127264,1789006459536289,1789006459537650,74076,0,1,1,42676,42676,42676
1637,61593160572,1789006459570571,1789006459572104,74076,0,1,1,42680,42680,42680
1638,61593193881,1789006459602892,1789006459604429,74076,0,1,1,42877,42877,42877
1639,61593227189,1789006459636294,1789006459637694,74076,0,1,1,42811,42811,42811
1640,61593260498,1789006459669931,1789006459672050,74076,0,1,1,43421,43421,43421
1641,61593293807,1789006459702940,1789006459704376,74076,0,1,1,43461,43461,43461
1642,61593327115,1789006459736160,1789006459737679,74076,0,1,1,43451,43451,43451
1643,61593360424,1789006459769861,1789006459771896,74076,0,1,1,42676,42676,42676
1644,61593393732,1789006459802687,1789006459804347,74076,0,1,1,42867,42867,42867
1645,61593427041,1789006459836164,1789006459837557,74076,0,1,1,43481,43481,43481
1646,61593460350,1789006459869826,1789006459871726,74076,0,1,1,43521,43521,43521
1647,61593493658,1789006459902738,1789006459904397,74076,0,1,1,43634,43634,43634
1648,61593526967,1789006459936131,1789006459937564,74076,0,1,1,42807,42807,42807
1649,61593560275,1789006459969439,1789006459970882,74076,0,1,1,42792,42792,42792
1650,61593593584,1789006460003222,1789006460004346,74076,0,1,1,43476,43476,43476
1651,61593626893,1789006460036564,1789006460038067,74076,0,1,1,43686,43686,43686
1652,61593660201,1789006460069563,1789006460071657,74076,0,1,1,42752,42752,42752
1653,61593693510,1789006460103633,1789006460105018,74076,0,1,1,42695,42695,42695
1654,61593726818,1789006460135862,1789006460137519,74076,0,1,1,43544,43544,43544
1655,61593760127,1789006460169260,1789006460170730,74076,0,1,1,43428,43428,43428
1656,61593793436,1789006460203011,1789006460205355,74076,0,1,1,42925,42925,42925
1657,61593826744,1789006460235713,1789006460237379,74076,0,1,1,43601,43601,43601
1658,61593860053,1789006460269234,1789006460270696,74076,0,1,1,42717,42717,42717
1659,61593893361,1789006460302999,1789006460304681,74076,0,1,1,42796,42796,42796
1660,61593926670,1789006460335994,1789006460337708,74076,0,1,1,42842,42842,42842
1661,61593959979,1789006460369143,1789006460370604,74076,0,1,1,43547,43547,43547
1662,61593993287,1789006460402849,1789006460404497,74076,0,1,1,42755,42755,42755
1663,61594026596,1789006460435760,1789006460437393,74076,0,1,1,43410,43410,43410
1664,61594059904,1789006460469060,1789006460470589,74076,0,1,1,43243,43243,43243
1665,61594093213,1789006460502304,1789006460503697,74076,0,1,1,43321,43321,43321
1666,61594126522,1789006460535799,1789006460537339,74076,0,1,1,42942,42942,42942
1667,61594159830,1789006460568978,1789006460570238,74076,0,1,1,43456,43456,43456
1668,61594193139,1789006460602200,1789006460604390,74076,0,1,1,43386,43386,43386
1669,61594226447,1789006460635865,1789006460637220,74076,0,1,1,42817,42817,42817
1670,61594259756,1789006460668817,1789006460670251,74076,0,1,1,43533,43533,43533
1671,61594293065,1789006460702132,1789006460704221,74076,0,1,1,43313,43313,43313
1672,61594326373,1789006460735683,1789006460737086,74076,0,1,1,43524,43524,43524
1673,61594359682,1789006460768778,1789006460770390,74076,0,1,1,42406,42406,42406
1674,61594392990,1789006460802458,1789006460804591,74076,0,1,1,43522,43522,43522
1675,61594426299,1789006460835482,1789006460836886,74076,0,1,1,42644,42644,42644
1676,61594459608,1789006460868748,1789006460870110,74076,0,1,1,43380,43380,43380
1677,61594492916,1789006460902039,1789006460903619,74076,0,1,1,42711,42711,42711
1678,61594526225,1789006460935308,1789006460936843,74076,0,1,1,43778,43778,43778
1679,61594559533,1789006460968720,1789006460970066,74076,0,1,1,42732,42732,42732
1680,61594592842,1789006461001933,1789006461003450,74076,0,1,1,43448,43448,43448
1681,61594626151,1789006461035242,1789006461036746,74076,0,1,1,43519,43519,43519
1682,61594659459,1789006461068578,1789006461070130,74076,0,1,1,43508,43508,43508
1683,61594692768,1789006461101902,1789006461103438,74076,0,1,1,43571,43571,43571
1684,61594726076,1789006461136220,1789006461137753,74076,0,1,1,43493,43493,43493
1685,61594759385,1789006461168506,1789006461170142,74076,0,1,1,43471,43471,43471
1686,61594792694,1789006461201738,1789006461203249,74076,0,1,1,42962,42962,42962
1687,61594826002,1789006461235756,1789006461237277,74076,0,1,1,43493,43493,43493
1688,61594859311,1789006461268370,1789006461269956,74076,0,1,1,43495,43495,43495
1689,61594892619,1789006461301737,1789006461303069,74076,0,1,1,43464,43464,43464
1690,61594925928,1789006461335618,1789006461337771,74076,0,1,1,42844,42844,42844
1691,61594959237,1789006461368332,1789006461369829,74076,0,1,1,43662,43662,43662
1692,61594992545,1789006461401651,1789006461403116,74076,0,1,1,42649,42649,42649
1693,61595025854,1789006461435444,1789006461437132,74076,0,1,1,43623,43623,43623
1694,61595059162,1789006461468313,1789006461469816,74076,0,1,1,43920,43920,43920
1695,61595092471,1789006461501658,1789006461503111,74076,0,1,1,42669,42669,42669
1696,61595125780,1789006461535398,1789006461537906,74076,0,1,1,43412,43412,43412
1697,61595159088,1789006461568157,1789006461569783,74076,0,1,1,42905,42905,42905
1698,61595192397,1789006461601583,1789006461602867,74076,0,1,1,42819,42819,42819
1699,61595225705,1789006461634963,1789006461636777,74076,0,1,1,42707,42707,42707
1700,61595259014,1789006461668097,1789006461669560,74076,0,1,1,43721,43721,43721
1701,61595292323,1789006461701499,1789006461702819,74076,0,1,1,43476,43476,43476
1702,61595325631,1789006461735457,1789006461736565,74076,0,1,1,43652,43652,43652
1703,61595358940,1789006461768011,1789006461769712,74076,0,1,1,43603,43603,43603
1704,61595392248,1789006461801350,1789006461802704,74076,0,1,1,42858,42858,42858
1705,61595425557,1789006461834654,1789006461836277,74076,0,1,1,42894,42894,42894
1706,61595458866,1789006461867998,1789006461869637,74076,0,1,1,42772,42772,42772
1707,61595492174,1789006461901346,1789006461902704,74076,0,1,1,42779,42779,42779
1708,61595525483,1789006461935310,1789006461936703,74076,0,1,1,43397,43397,43397
1709,61595558791,1789006461967785,1789006461969679,74076,0,1,1,42883,42883,42883
1710,61595592100,1789006462001189,1789006462002754,74076,0,1,1,42566,42566,42566
1711,61595625409,1789006462035421,1789006462036546,74076,0,1,1,42865,42865,42865
1712,61595658717,1789006462067799,1789006462069413,74076,0,1,1,43674,43674,43674
1713,61595692026,1789006462101136,1789006462102546,74076,0,1,1,43426,43426,43426
1714,61595725334,1789006462134423,1789006462136305,74076,0,1,1,42912,42912,42912
1715,61595758643,1789006462167724,1789006462169277,74076,0,1,1,42820,42820,42820
1716,61595791952,1789006462201007,1789006462202583,74076,0,1,1,42660,42660,42660
1717,61595825260,1789006462234628,1789006462236745,74076,0,1,1,43656,43656,43656
1718,61595858569,1789006462267882,1789006462269691,74076,0,1,1,43330,43330,43330
1719,61595891877,1789006462300998,1789006462302372,74076,0,1,1,42825,42825,42825
1720,61595925186,1789006462334587,1789006462336665,74076,0,1,1,43620,43620,43620
1721,61595958495,1789006462367952,1789006462370099,74076,0,1,1,43494,43494,43494
1722,61595991803,1789006462400856,1789006462402439,74076,0,1,1,42960,42960,42960
1723,61596025112,1789006462434256,1789006462436096,74076,0,1,1,43350,43350,43350
1724,61596058420,1789006462468005,1789006462469510,74076,0,1,1,43439,43439,43439
1725,61596091729,1789006462500943,1789006462502318,74076,0,1,1,42810,42810,42810
1726,61596125038,1789006462534151,1789006462535818,74076,0,1,1,43665,43665,43665
1727,61596158346,1789006462567417,1789006462569779,74076,0,1,1,42796,42796,42796
1728,61596191655,1789006462600781,1789006462602354,74076,0,1,1,42902,42902,42902
1729,61596224963,1789006462634149,1789006462635639,74076,0,1,1,42760,42760,42760
1730,61596258272,1789006462667824,1789006462669411,74076,0,1,1,42838,42838,42838
1731,61596291581,1789006462700760,1789006462702214,74076,0,1,1,43606,43606,43606
1732,61596324889,1789006462733910,1789006462735479,74076,0,1,1,42752,42752,42752
1733,61596358198,1789006462767388,1789006462769316,74076,0,1,1,43594,43594,43594
1734,61596391506,1789006462800638,1789006462802223,74076,0,1,1,42861,42861,42861
1735,61596424815,1789006462833913,1789006462835408,74076,0,1,1,43344,43344,43344
1736,61596458124,1789006462867680,1789006462869833,74076,0,1,1,42866,42866,42866
1737,61596491432,1789006462900611,1789006462902102,74076,0,1,1,43496,43496,43496
1738,61596524741,1789006462933755,1789006462935325,74076,0,1,1,42778,42778,42778
1739,61596558049,1789006462967641,1789006462969625,74076,0,1,1,43492,43492,43492
1740,61596591358,1789006463000404,1789006463001931,74076,0,1,1,43591,43591,43591
1741,61596624667,1789006463033806,1789006463035320,74076,0,1,1,42730,42730,42730
1742,61596657975,1789006463067156,1789006463068549,74076,0,1,1,43586,43586,43586
1743,61596691284,1789006463100484,1789006463101856,74076,0,1,1,43583,43583,43583
1744,61596724592,1789006463133691,1789006463135253,74076,0,1,1,42700,42700,42700
1745,61596757901,1789006463167365,1789006463168899,74076,0,1,1,42783,42783,42783
1746,61596791210,1789006463200360,1789006463201871,74076,0,1,1,43484,43484,43484
1747,61596824518,1789006463233552,1789006463235139,74076,0,1,1,42820,42820,42820
1748,61596857827,1789006463267012,1789006463268985,74076,0,1,1,42780,42780,42780
1749,61596891135,1789006463300401,1789006463301884,74076,0,1,1,42833,42833,42833
1750,61596924444,1789006463333495,1789006463334977,74076,0,1,1,42764,42764,42764
1751,61596957753,1789006463366832,1789006463368857,74076,0,1,1,43007,43007,43007
1752,61596991061,1789006463400525,1789006463402215,74076,0,1,1,43280,43280,43280
1753,61597024370,1789006463433533,1789006463434967,74076,0,1,1,42763,42763,42763
1754,61597057678,1789006463467335,1789006463468770,74076,0,1,1,43522,43522,43522
1755,61597090987,1789006463500709,1789006463502403,74076,0,1,1,42713,42713,42713
1756,61597124296,1789006463533446,1789006463534815,74076,0,1,1,43504,43504,43504
1757,61597157604,1789006463566726,1789006463568521,74076,0,1,1,42981,42981,42981
1758,61597190913,1789006463600588,1789006463602309,74076,0,1,1,42912,42912,42912
1759,61597224221,1789006463633357,1789006463634646,74076,0,1,1,42781,42781,42781
1760,61597257530,1789006463666663,1789006463668164,74076,0,1,1,43632,43632,43632
1761,61597290839,1789006463700551,1789006463702100,74076,0,1,1,42879,42879,42879
1762,61597324147,1789006463733207,1789006463734461,74076,0,1,1,43602,43602,43602
1763,61597357456,1789006463766507,1789006463768149,74076,0,1,1,43050,43050,43050
1764,61597390764,1789006463800092,1789006463802183,74076,0,1,1,42839,42839,42839
1765,61597424073,1789006463833216,1789006463834745,74076,0,1,1,43565,43565,43565
1766,61597457382,1789006463866518,1789006463868014,74076,0,1,1,42820,42820,42820
1767,61597490690,1789006463900344,1789006463902024,74076,0,1,1,42898,42898,42898
1768,61597523999,1789006463933057,1789006463934400,74076,0,1,1,43829,43829,43829
1769,61597557307,1789006463966407,1789006463967943,74076,0,1,1,43454,43454,43454
1770,61597590616,1789006463999796,1789006464001714,74076,0,1,1,42801,42801,42801
1771,61597623925,1789006464033081,1789006464034646,74076,0,1,1,42751,42751,42751
1772,61597657233,1789006464066287,1789006464067894,74076,0,1,1,43525,43525,43525
1773,61597690542,1789006464099703,1789006464101783,74076,0,1,1,42836,42836,42836
1774,61597723850,1789006464132984,1789006464134471,74076,0,1,1,43500,43500,43500
1775,61597757159,1789006464166298,1789006464167855,74076,0,1,1,42814,42814,42814
1776,61597790468,1789006464199644,1789006464201791,74076,0,1,1,43579,43579,43579
1777,61597823776,1789006464232864,1789006464234228,74076,0,1,1,42712,42712,42712
1778,61597857085,1789006464266140,1789006464267548,74076,0,1,1,42725,42725,42725
1779,61597890393,1789006464299522,1789006464301088,74076,0,1,1,42933,42933,42933
1780,61597923702,1789006464332884,1789006464334459,74076,0,1,1,43451,43451,43451
1781,61597957011,1789006464366167,1789006464367646,74076,0,1,1,42835,42835,42835
1782,61597990319,1789006464399396,1789006464401545,74076,0,1,1,42874,42874,42874
1783,61598023628,1789006464432826,1789006464434156,74076,0,1,1,42795,42795,42795
1784,61598056936,1789006464466036,1789006464467610,74076,0,1,1,43613,43613,43613
1785,61598090245,1789006464499353,1789006464500944,74076,0,1,1,43619,43619,43619
1786,61598123554,1789006464533019,1789006464534689,74076,0,1,1,43577,43577,43577
1787,61598156862,1789006464565934,1789006464567611,74076,0,1,1,42811,42811,42811
1788,61598190171,1789006464599300,1789006464600988,74076,0,1,1,42676,42676,42676
1789,61598223479,1789006464633027,1789006464635168,74076,0,1,1,43360,43360,43360
1790,61598256788,1789006464665882,1789006464667706,74076,0,1,1,42674,42674,42674
1791,61598290097,1789006464699300,1789006464701303,74076,0,1,1,43415,43415,43415
1792,61598323405,1789006464732930,1789006464734959,74076,0,1,1,43376,43376,43376
1793,61598356714,1789006464765814,1789006464767488,74076,0,1,1,43583,43583,43583
1794,61598390022,1789006464799237,1789006464800749,74076,0,1,1,43041,43041,43041
1795,61598423331,1789006464833102,1789006464834688,74076,0,1,1,42679,42679,42679
1796,61598456640,1789006464865826,1789006464867197,74076,0,1,1,43586,43586,43586
1797,61598489948,1789006464899173,1789006464900679,74076,0,1,1,43537,43537,43537
1798,61598523257,1789006464932374,1789006464934884,74076,0,1,1,42922,42922,42922
1799,61598556565,1789006464965873,1789006464967284,74076,0,1,1,43577,43577,43577
1800,61598589874,1789006464999070,1789006465000570,74076,0,1,1,43594,43594,43594
1801,61598623183,1789006465032622,1789006465034584,74076,0,1,1,43501,43501,43501
1802,61598656491,1789006465065896,1789006465067199,74076,0,1,1,43716,43716,43716
1803,61598689800,1789006465099112,1789006465100557,74076,0,1,1,43590,43590,43590
1804,61598723108,1789006465132686,1789006465134751,74076,0,1,1,42716,42716,42716
1805,61598756417,1789006465165853,1789006465166970,74076,0,1,1,42797,42797,42797
1806,61598789726,1789006465198940,1789006465200444,74076,0,1,1,43681,43681,43681
1807,61598823034,1789006465232576,1789006465234592,74076,0,1,1,42883,42883,42883
1808,61598856343,1789006465265508,1789006465266962,74076,0,1,1,43369,43369,43369
1809,61598889651,1789006465298905,1789006465300437,74076,0,1,1,43530,43530,43530
1810,61598922960,1789006465332650,1789006465334692,74076,0,1,1,42921,42921,42921
1811,61598956269,1789006465365484,1789006465367081,74076,0,1,1,43645,43645,43645
1812,61598989577,1789006465398765,1789006465400219,74076,0,1,1,43614,43614,43614
1813,61599022886,1789006465432516,1789006465434305,74076,0,1,1,43604,43604,43604
1814,61599056194,1789006465465448,1789006465466772,74076,0,1,1,43482,43482,43482
1815,61599089503,1789006465498576,1789006465499965,74076,0,1,1,42861,42861,42861
1816,61599122812,1789006465532023,1789006465534067,74076,0,1,1,42935,42935,42935
1817,61599156120,1789006465565407,1789006465566909,74076,0,1,1,43432,43432,43432
1818,61599189429,1789006465598651,1789006465600097,74076,0,1,1,43609,43609,43609
1819,61599222737,1789006465631875,1789006465634038,74076,0,1,1,43542,43542,43542
1820,61599256046,1789006465665784,1789006465667620,74076,0,1,1,42876,42876,42876
1821,61599289355,1789006465698547,1789006465700042,74076,0,1,1,43575,43575,43575
1822,61599322663,1789006465731857,1789006465733791,74076,0,1,1,43632,43632,43632
1823,61599355972,1789006465765700,1789006465767791,74076,0,1,1,42816,42816,42816
1824,61599389280,1789006465798517,1789006465800239,74076,0,1,1,43441,43441,43441
1825,61599422589,1789006465831666,1789006465833241,74076,0,1,1,42818,42818,42818
1826,61599455898,1789006465864998,1789006465866401,74076,0,1,1,43554,43554,43554
1827,61599489206,1789006465898421,1789006465899844,74076,0,1,1,43494,43494,43494
1828,61599522515,1789006465931644,1789006465933416,74076,0,1,1,42885,42885,42885
1829,61599555823,1789006465965353,1789006465967872,74076,0,1,1,42888,42888,42888
1830,61599589132,1789006465998337,1789006465999766,74076,0,1,1,42687,42687,42687
1831,61599622441,1789006466031606,1789006466033026,74076,0,1,1,42897,42897,42897
1832,61599655749,1789006466065385,1789006466067715,74076,0,1,1,43437,43437,43437
1833,61599689058,1789006466098259,1789006466099766,74076,0,1,1,43649,43649,43649
1834,61599722366,1789006466131480,1789006466133048,74076,0,1,1,42798,42798,42798
1835,61599755675,1789006466165395,1789006466166891,74076,0,1,1,42873,42873,42873
1836,61599788984,1789006466198190,1789006466199590,74076,0,1,1,43029,43029,43029
1837,61599822292,1789006466231474,1789006466233001,74076,0,1,1,43532,43532,43532
1838,61599855601,1789006466265419,1789006466266857,74076,0,1,1,43586,43586,43586
1839,61599888909,1789006466298291,1789006466299633,74076,0,1,1,42987,42987,42987
1840,61599922218,1789006466331436,1789006466333110,74076,0,1,1,43333,43333,43333
1841,61599955527,1789006466364674,1789006466366318,74076,0,1,1,42779,42779,42779
1842,61599988835,1789006466398053,1789006466399380,74076,0,1,1,43399,43399,43399
1843,61600022144,1789006466431338,1789006466432920,74076,0,1,1,42896,42896,42896
1844,61600055452,1789006466464604,1789006466466113,74076,0,1,1,42859,42859,42859
1845,61600088761,1789006466497981,1789006466499387,74076,0,1,1,43650,43650,43650
1846,61600122070,1789006466531305,1789006466532853,74076,0,1,1,42923,42923,42923
1847,61600155378,1789006466565034,1789006466567284,74076,0,1,1,43466,43466,43466
1848,61600188687,1789006466597906,1789006466599283,74076,0,1,1,43530,43530,43530
1849,61600221995,1789006466631267,1789006466632663,74076,0,1,1,42840,42840,42840
1850,61600255304,1789006466664460,1789006466666393,74076,0,1,1,42820,42820,42820
1851,61600288613,1789006466698575,1789006466699660,74076,0,1,1,42983,42983,42983
1852,61600321921,1789006466731159,1789006466732643,74076,0,1,1,42890,42890,42890
1853,61600355230,1789006466764678,1789006466766659,74076,0,1,1,42685,42685,42685
1854,61600388538,1789006466798221,1789006466800088,74076,0,1,1,43612,43612,43612
1855,61600421847,1789006466831101,1789006466832519,74076,0,1,1,42853,42853,42853
1856,61600455156,1789006466864271,1789006466865877,74076,0,1,1,43524,43524,43524
1857,61600488464,1789006466898163,1789006466900351,74076,0,1,1,42752,42752,42752
1858,61600521773,1789006466930954,1789006466932509,74076,0,1,1,43683,43683,43683
1859,61600555081,1789006466964231,1789006466965910,74076,0,1,1,43392,43392,43392
1860,61600588390,1789006466998087,1789006466999685,74076,0,1,1,42863,42863,42863
1861,61600621699,1789006467030874,1789006467032384,74076,0,1,1,42781,42781,42781
1862,61600655007,1789006467064208,1789006467065774,74076,0,1,1,42774,42774,42774
1863,61600688316,1789006467097823,1789006467099787,74076,0,1,1,42911,42911,42911
1864,61600721624,1789006467130818,1789006467132176,74076,0,1,1,43706,43706,43706
1865,61600754933,1789006467164166,1789006467165776,74076,0,1,1,42874,42874,42874
1866,61600788242,1789006467197954,1789006467199389,74076,0,1,1,42693,42693,42693
1867,61600821550,1789006467230776,1789006467232117,74076,0,1,1,42769,42769,42769
1868,61600854859,1789006467263995,1789006467265706,74076,0,1,1,42822,42822,42822
1869,61600888167,1789006467297765,1789006467299920,74076,0,1,1,42798,42798,42798
1870,61600921476,1789006467330695,1789006467332091,74076,0,1,1,42951,42951,42951
1871,61600954785,1789006467363858,1789006467365531,74076,0,1,1,42906,42906,42906
1872,61600988093,1789006467397492,1789006467399539,74076,0,1,1,43440,43440,43440
1873,61601021402,1789006467430653,1789006467432070,74076,0,1,1,43442,43442,43442
1874,61601054710,1789006467463828,1789006467465899,74076,0,1,1,42849,42849,42849
1875,61601088019,1789006467497255,1789006467498636,74076,0,1,1,43645,43645,43645
1876,61601121328,1789006467530503,1789006467531998,74076,0,1,1,42895,42895,42895
1877,61601154636,1789006467563667,1789006467565455,74076,0,1,1,43530,43530,43530
1878,61601187945,1789006467597669,1789006467599755,74076,0,1,1,43637,43637,43637
1879,61601221253,1789006467630424,1789006467631843,74076,0,1,1,42907,42907,42907
1880,61601254562,1789006467663749,1789006467665126,74076,0,1,1,42906,42906,42906
1881,61601287871,1789006467697348,1789006467699452,74076,0,1,1,43423,43423,43423
1882,61601321179,1789006467730377,1789006467731765,74076,0,1,1,42820,42820,42820
1883,61601354488,1789006467763681,1789006467765235,74076,0,1,1,43004,43004,43004
1884,61601387796,1789006467797363,1789006467799406,74076,0,1,1,42902,42902,42902
1885,61601421105,1789006467830639,1789006467832078,74076,0,1,1,42936,42936,42936
1886,61601454414,1789006467863564,1789006467865071,74076,0,1,1,42659,42659,42659
1887,61601487722,1789006467896979,1789006467898315,74076,0,1,1,42821,42821,42821
1888,61601521031,1789006467931322,1789006467933170,74076,0,1,1,43548,43548,43548
1889,61601554339,1789006467963497,1789006467964928,74076,0,1,1,43459,43459,43459
1890,61601587648,1789006467996861,1789006467998258,74076,0,1,1,42808,42808,42808
1891,61601620957,1789006468030585,1789006468032342,74076,0,1,1,43659,43659,43659
1892,61601654265,1789006468063474,1789006468064891,74076,0,1,1,42860,42860,42860
1893,61601687574,1789006468096778,1789006468098154,74076,0,1,1,43462,43462,43462
1894,61601720882,1789006468130873,1789006468132376,74076,0,1,1,43687,43687,43687
1895,61601754191,1789006468163448,1789006468164860,74076,0,1,1,42852,42852,42852
1896,61601787500,1789006468196651,1789006468198137,74076,0,1,1,43495,43495,43495
1897,61601820808,1789006468230431,1789006468232156,74076,0,1,1,43658,43658,43658
1898,61601854117,1789006468263267,1789006468264899,74076,0,1,1,42852,42852,42852
1899,61601887425,1789006468296656,1789006468298015,74076,0,1,1,43397,43397,43397
1900,61601920734,1789006468330330,1789006468332197,74076,0,1,1,43644,43644,43644
1901,61601954043,1789006468363294,1789006468364833,74076,0,1,1,43749,43749,43749
1902,61601987351,1789006468396581,1789006468398054,74076,0,1,1,42797,42797,42797
1903,61602020660,1789006468430194,1789006468432378,74076,0,1,1,43578,43578,43578
1904,61602053968,1789006468463300,1789006468464719,74076,0,1,1,43710,43710,43710
1905,61602087277,1789006468496514,1789006468497985,74076,0,1,1,43449,43449,43449
1906,61602120586,1789006468530193,1789006468531802,74076,0,1,1,42824,42824,42824
1907,61602153894,1789006468563164,1789006468564599,74076,0,1,1,43631,43631,43631
1908,61602187203,1789006468596447,1789006468597880,74076,0,1,1,43516,43516,43516
1909,61602220511,1789006468630078,1789006468632196,74076,0,1,1,42966,42966,42966
1910,61602253820,1789006468663045,1789006468664407,74076,0,1,1,43618,43618,43618
1911,61602287129,1789006468696263,1789006468697786,74076,0,1,1,42851,42851,42851
1912,61602320437,1789006468730042,1789006468732239,74076,0,1,1,42738,42738,42738
1913,61602353746,1789006468762816,1789006468764514,74076,0,1,1,43120,43120,43120
1914,61602387054,1789006468796302,1789006468797823,74076,0,1,1,43545,43545,43545
1915,61602420363,1789006468829965,1789006468832003,74076,0,1,1,42958,42958,42958
1916,61602453672,1789006468862926,1789006468864452,74076,0,1,1,43021,43021,43021
1917,61602486980,1789006468896156,1789006468897800,74076,0,1,1,42814,42814,42814
1918,61602520289,1789006468929569,1789006468931023,74076,0,1,1,42848,42848,42848
1919,61602553597,1789006468963563,1789006468964541,74076,0,1,1,43855,43855,43855
1920,61602586906,1789006468996117,1789006468997600,74076,0,1,1,43610,43610,43610
1921,61602620215,1789006469029477,1789006469030686,74076,0,1,1,43507,43507,43507
1922,61602653523,1789006469063326,1789006469064929,74076,0,1,1,42979,42979,42979
1923,61602686832,1789006469095975,1789006469097559,74076,0,1,1,42704,42704,42704
1924,61602720140,1789006469129862,1789006469131871,74076,0,1,1,42968,42968,42968
1925,61602753449,1789006469163142,1789006469164866,74076,0,1,1,43653,43653,43653
1926,61602786758,1789006469195952,1789006469197375,74076,0,1,1,42961,42961,42961
1927,61602820066,1789006469229254,1789006469230529,74076,0,1,1,42820,42820,42820
1928,61602853375,1789006469263215,1789006469264681,74076,0,1,1,42820,42820,42820
1929,61602886683,1789006469295851,1789006469297411,74076,0,1,1,43643,43643,43643
1930,61602919992,1789006469329245,1789006469330571,74076,0,1,1,43629,43629,43629
1931,61602953301,1789006469363031,1789006469364719,74076,0,1,1,42858,42858,42858
1932,61602986609,1789006469395836,1789006469397303,74076,0,1,1,42667,42667,42667
1933,61603019918,1789006469429123,1789006469430387,74076,0,1,1,43511,43511,43511
1934,61603053226,1789006469462867,1789006469465030,74076,0,1,1,43058,43058,43058
1935,61603086535,1789006469495993,1789006469497392,74076,0,1,1,42894,42894,42894
1936,61603119844,1789006469529102,1789006469530428,74076,0,1,1,42858,42858,42858
1937,61603153152,1789006469562628,1789006469564706,74076,0,1,1,42940,42940,42940
1938,61603186461,1789006469595704,1789006469597270,74076,0,1,1,43547,43547,43547
1939,61603219769,1789006469629027,1789006469630478,74076,0,1,1,42933,42933,42933
1940,61603253078,1789006469662199,1789006469664376,74076,0,1,1,42842,42842,42842
1941,61603286387,1789006469695757,1789006469697124,74076,0,1,1,43552,43552,43552
1942,61603319695,1789006469728950,1789006469730469,74076,0,1,1,43688,43688,43688
1943,61603353004,1789006469762681,1789006469764530,74076,0,1,1,43627,43627,43627
1944,61603386312,1789006469795486,1789006469797033,74076,0,1,1,43638,43638,43638
1945,61603419621,1789006469828806,1789006469830264,74076,0,1,1,42901,42901,42901
1946,61603452930,1789006469862157,1789006469863627,74076,0,1,1,42867,42867,42867
1947,61603486238,1789006469895456,1789006469896858,74076,0,1,1,43708,43708,43708
1948,61603519547,1789006469928735,1789006469930304,74076,0,1,1,43527,43527,43527
1949,61603552855,1789006469962441,1789006469964257,74076,0,1,1,43545,43545,43545
1950,61603586164,1789006469995399,1789006469996955,74076,0,1,1,43007,43007,43007
1951,61603619473,1789006470028667,1789006470030079,74076,0,1,1,43619,43619,43619
1952,61603652781,1789006470062050,1789006470064106,74076,0,1,1,43551,43551,43551
1953,61603686090,1789006470096342,1789006470097483,74076,0,1,1,42840,42840,42840
1954,61603719398,1789006470128619,1789006470130041,74076,0,1,1,43654,43654,43654
1955,61603752707,1789006470161849,1789006470163243,74076,0,1,1,42941,42941,42941
1956,61603786016,1789006470195734,1789006470197550,74076,0,1,1,42878,42878,42878
1957,61603819324,1789006470228539,1789006470230025,74076,0,1,1,42958,42958,42958
1958,61603852633,1789006470261826,1789006470263333,74076,0,1,1,42822,42822,42822
1959,61603885941,1789006470295558,1789006470297590,74076,0,1,1,43607,43607,43607
1960,61603919250,1789006470328429,1789006470329877,74076,0,1,1,42877,42877,42877
1961,61603952559,1789006470361761,1789006470363143,74076,0,1,1,42975,42975,42975
1962,61603985867,1789006470395589,1789006470397601,74076,0,1,1,43053,43053,43053
1963,61604019176,1789006470428426,1789006470429751,74076,0,1,1,42837,42837,42837
1964,61604052484,1789006470461761,1789006470463326,74076,0,1,1,43524,43524,43524
1965,61604085793,1789006470495600,1789006470497571,74076,0,1,1,43627,43627,43627
1966,61604119102,1789006470528386,1789006470530501,74076,0,1,1,43537,43537,43537
1967,61604152410,1789006470561584,1789006470563167,74076,0,1,1,42903,42903,42903
1968,61604185719,1789006470594927,1789006470596881,74076,0,1,1,42707,42707,42707
1969,61604219027,1789006470628215,1789006470629750,74076,0,1,1,43588,43588,43588
1970,61604252336,1789006470661622,1789006470663119,74076,0,1,1,43565,43565,43565
1971,61604285645,1789006470695534,1789006470697150,74076,0,1,1,43624,43624,43624
1972,61604318953,1789006470728104,1789006470729659,74076,0,1,1,42925,42925,42925
1973,61604352262,1789006470761374,1789006470762746,74076,0,1,1,43315,43315,43315
1974,61604385570,1789006470795555,1789006470797121,74076,0,1,1,43669,43669,43669
1975,61604418879,1789006470828076,1789006470829612,74076,0,1,1,42915,42915,42915
1976,61604452188,1789006470861463,1789006470862739,74076,0,1,1,43734,43734,43734
1977,61604485496,1789006470895404,1789006470896993,74076,0,1,1,42856,42856,42856
1978,61604518805,1789006470928086,1789006470929432,74076,0,1,1,43664,43664,43664
1979,61604552113,1789006470961344,1789006470962834,74076,0,1,1,42904,42904,42904
1980,61604585422,1789006470994664,1789006470996166,74076,0,1,1,43689,43689,43689
1981,61604618731,1789006471027978,1789006471029500,74076,0,1,1,43742,43742,43742
1982,61604652039,1789006471061334,1789006471062600,74076,0,1,1,43020,43020,43020
1983,61604685348,1789006471094577,1789006471096206,74076,0,1,1,43598,43598,43598
1984,61604718656,1789006471127920,1789006471129269,74076,0,1,1,43675,43675,43675
1985,61604751965,1789006471161232,1789006471162697,74076,0,1,1,42975,42975,42975
1986,61604785274,1789006471194485,1789006471196040,74076,0,1,1,43544,43544,43544
1987,61604818582,1789006471228521,1789006471229649,74076,0,1,1,42889,42889,42889
1988,61604851891,1789006471261199,1789006471262635,74076,0,1,1,42986,42986,42986
1989,61604885199,1789006471294701,1789006471296844,74076,0,1,1,42909,42909,42909
1990,61604918508,1789006471328070,1789006471330249,74076,0,1,1,43730,43730,43730
1991,61604951817,1789006471361088,1789006471362496,74076,0,1,1,42985,42985,42985
1992,61604985125,1789006471394349,1789006471396354,74076,0,1,1,42975,42975,42975
1993,61605018434,1789006471427996,1789006471429573,74076,0,1,1,43659,43659,43659
1994,61605051742,1789006471460960,1789006471462564,74076,0,1,1,43591,43591,43591
1995,61605085051,1789006471494234,1789006471495864,74076,0,1,1,43655,43655,43655
1996,61605118360,1789006471527882,1789006471529417,74076,0,1,1,42669,42669,42669
1997,61605151668,1789006471560945,1789006471562402,74076,0,1,1,42800,42800,42800
1998,61605184977,1789006471594179,1789006471595818,74076,0,1,1,42911,42911,42911
1999,61605218285,1789006471628021,1789006471629559,74076,0,1,1,43472,43472,43472
2000,61605251594,1789006471660896,1789006471662312,74076,0,1,1,43637,43637,43637
2001,61605284903,1789006471694155,1789006471695534,74076,0,1,1,42889,42889,42889
2002,61605318211,1789006471727469,1789006471729248,74076,0,1,1,42918,42918,42918
2003,61605351520,1789006471760783,1789006471762286,74076,0,1,1,43544,43544,43544
2004,61605384828,1789006471794086,1789006471795673,74076,0,1,1,42960,42960,42960
2005,61605418137,1789006471827325,1789006471828825,74076,0,1,1,42846,42846,42846
2006,61605451446,1789006471860688,1789006471862229,74076,0,1,1,42876,42876,42876
2007,61605484754,1789006471893987,1789006471895705,74076,0,1,1,43600,43600,43600
2008,61605518063,1789006471927366,1789006471929446,74076,0,1,1,42999,42999,42999
2009,61605551371,1789006471960516,1789006471962207,74076,0,1,1,43010,43010,43010
2010,61605584680,1789006471993929,1789006471995341,74076,0,1,1,42970,42970,42970
2011,61605617989,1789006472027268,1789006472029272,74076,0,1,1,42907,42907,42907
2012,61605651297,1789006472060632,1789006472061955,74076,0,1,1,42753,42753,42753
2013,61605684606,1789006472093898,1789006472095237,74076,0,1,1,43599,43599,43599
2014,61605717914,1789006472127624,1789006472129167,74076,0,1,1,42922,42922,42922
2015,61605751223,1789006472160429,1789006472161921,74076,0,1,1,42989,42989,42989
2016,61605784532,1789006472193704,1789006472195210,74076,0,1,1,43679,43679,43679
2017,61605817840,1789006472227175,1789006472228537,74076,0,1,1,43655,43655,43655
2018,61605851149,1789006472260378,1789006472261948,74076,0,1,1,43729,43729,43729
2019,61605884457,1789006472293667,1789006472295145,74076,0,1,1,43591,43591,43591
2020,61605917766,1789006472327030,1789006472329107,74076,0,1,1,43602,43602,43602
2021,61605951075,1789006472360490,1789006472362308,74076,0,1,1,42857,42857,42857
2022,61605984383,1789006472393595,1789006472395012,74076,0,1,1,43545,43545,43545
2023,61606017692,1789006472427476,1789006472428973,74076,0,1,1,43619,43619,43619
2024,61606051000,1789006472460718,1789006472462416,74076,0,1,1,42481,42481,42481
2025,61606084309,1789006472493547,1789006472494862,74076,0,1,1,42971,42971,42971
2026,61606117618,1789006472526824,1789006472528874,74076,0,1,1,43610,43610,43610
2027,61606150926,1789006472560596,1789006472562122,74076,0,1,1,43593,43593,43593
2028,61606184235,1789006472593567,1789006472594823,74076,0,1,1,43679,43679,43679
2029,61606217543,1789006472626713,1789006472628232,74076,0,1,1,43532,43532,43532
2030,61606250852,1789006472660195,1789006472662335,74076,0,1,1,43606,43606,43606
2031,61606284161,1789006472693428,1789006472694948,74076,0,1,1,43038,43038,43038
2032,61606317469,1789006472726634,1789006472728137,74076,0,1,1,43090,43090,43090
2033,61606350778,1789006472760106,1789006472762114,74076,0,1,1,42977,42977,42977
2034,61606384086,1789006472793316,1789006472794889,74076,0,1,1,43586,43586,43586
2035,61606417395,1789006472826487,1789006472828086,74076,0,1,1,43750,43750,43750
2036,61606450704,1789006472860349,1789006472862252,74076,0,1,1,42703,42703,42703
2037,61606484012,1789006472893292,1789006472894662,74076,0,1,1,43111,43111,43111
2038,61606517321,1789006472926546,1789006472927954,74076,0,1,1,43894,43894,43894
2039,61606550629,1789006472960536,1789006472962043,74076,0,1,1,43853,43853,43853
2040,61606583938,1789006472993224,1789006472994690,74076,0,1,1,42983,42983,42983
2041,61606617247,1789006473026494,1789006473027798,74076,0,1,1,42954,42954,42954
2042,61606650555,1789006473060289,1789006473062415,74076,0,1,1,42868,42868,42868
2043,61606683864,1789006473093123,1789006473094542,74076,0,1,1,42987,42987,42987
2044,61606717172,1789006473126574,1789006473128741,74076,0,1,1,42996,42996,42996
2045,61606750481,1789006473159808,1789006473162071,74076,0,1,1,42862,42862,42862
2046,61606783790,1789006473193073,1789006473194367,74076,0,1,1,43837,43837,43837
2047,61606817098,1789006473226274,1789006473227695,74076,0,1,1,43735,43735,43735
2048,61606850407,1789006473260050,1789006473261491,74076,0,1,1,42967,42967,42967
2049,61606883715,1789006473293006,1789006473294599,74076,0,1,1,43711,43711,43711
2050,61606917024,1789006473326282,1789006473327617,74076,0,1,1,42917,42917,42917
2051,61606950333,1789006473359574,1789006473361569,74076,0,1,1,43473,43473,43473
2052,61606983641,1789006473392825,1789006473394177,74076,0,1,1,43089,43089,43089
2053,61607016950,1789006473426051,1789006473427539,74076,0,1,1,43738,43738,43738
2054,61607050258,1789006473459548,1789006473460949,74076,0,1,1,43577,43577,43577
2055,61607083567,1789006473493262,1789006473494435,74076,0,1,1,43487,43487,43487
2056,61607116876,1789006473526059,1789006473527417,74076,0,1,1,43618,43618,43618
2057,61607150184,1789006473559355,1789006473560897,74076,0,1,1,43635,43635,43635
2058,61607183493,1789006473593195,1789006473594857,74076,0,1,1,43599,43599,43599
2059,61607216801,1789006473626037,1789006473627518,74076,0,1,1,43729,43729,43729
2060,61607250110,1789006473659408,1789006473660912,74076,0,1,1,42759,42759,42759
2061,61607283419,1789006473693039,1789006473694677,74076,0,1,1,43017,43017,43017
2062,61607316727,1789006473725929,1789006473727365,74076,0,1,1,43697,43697,43697
2063,61607350036,1789006473759348,1789006473760819,74076,0,1,1,43528,43528,43528
2064,61607383344,1789006473792908,1789006473794420,74076,0,1,1,42952,42952,42952
2065,61607416653,1789006473825898,1789006473827237,74076,0,1,1,43185,43185,43185
2066,61607449962,1789006473859342,1789006473860746,74076,0,1,1,43061,43061,43061
2067,61607483270,1789006473893013,1789006473894508,74076,0,1,1,42919,42919,42919
2068,61607516579,1789006473925959,1789006473927162,74076,0,1,1,42981,42981,42981
2069,61607549887,1789006473959165,1789006473960631,74076,0,1,1,43715,43715,43715
2070,61607583196,1789006473992484,1789006473994508,74076,0,1,1,42944,42944,42944
2071,61607616505,1789006474025813,1789006474027054,74076,0,1,1,43052,43052,43052
2072,61607649813,1789006474059107,1789006474060670,74076,0,1,1,43494,43494,43494
2073,61607683122,1789006474092779,1789006474094416,74076,0,1,1,42968,42968,42968
2074,61607716430,1789006474125969,1789006474127041,74076,0,1,1,42902,42902,42902
2075,61607749739,1789006474159027,1789006474160692,74076,0,1,1,43036,43036,43036
2076,61607783048,1789006474192347,1789006474193818,74076,0,1,1,43031,43031,43031
2077,61607816356,1789006474225882,1789006474226980,74076,0,1,1,43553,43553,43553
2078,61607849665,1789006474259003,1789006474260349,74076,0,1,1,43546,43546,43546
2079,61607882973,1789006474292284,1789006474294256,74076,0,1,1,43647,43647,43647
2080,61607916282,1789006474325505,1789006474326701,74076,0,1,1,42972,42972,42972
2081,61607949591,1789006474358857,1789006474360341,74076,0,1,1,43713,43713,43713
2082,61607982899,1789006474392211,1789006474394153,74076,0,1,1,43025,43025,43025
2083,61608016208,1789006474425494,1789006474426769,74076,0,1,1,43855,43855,43855
2084,61608049516,1789006474458903,1789006474460327,74076,0,1,1,43640,43640,43640
2085,61608082825,1789006474492392,1789006474494298,74076,0,1,1,42846,42846,42846
2086,61608116134,1789006474525459,1789006474526850,74076,0,1,1,43685,43685,43685
2087,61608149442,1789006474558746,1789006474560216,74076,0,1,1,42955,42955,42955
2088,61608182751,1789006474591978,1789006474593680,74076,0,1,1,43649,43649,43649
2089,61608216059,1789006474625791,1789006474627456,74076,0,1,1,43622,43622,43622
2090,61608249368,1789006474658648,1789006474660133,74076,0,1,1,43805,43805,43805
2091,61608282677,1789006474692061,1789006474693941,74076,0,1,1,42833,42833,42833
2092,61608315985,1789006474725775,1789006474727642,74076,0,1,1,43556,43556,43556
2093,61608349294,1789006474758553,1789006474759862,74076,0,1,1,43757,43757,43757
2094,61608382602,1789006474791919,1789006474793766,74076,0,1,1,42952,42952,42952
2095,61608415911,1789006474825070,1789006474826780,74076,0,1,1,43071,43071,43071
2096,61608449220,1789006474858509,1789006474859818,74076,0,1,1,43640,43640,43640
2097,61608482528,1789006474891775,1789006474893273,74076,0,1,1,43661,43661,43661
2098,61608515837,1789006474926255,1789006474928182,74076,0,1,1,42871,42871,42871
2099,61608549145,1789006474958462,1789006474959845,74076,0,1,1,43720,43720,43720
2100,61608582454,1789006474991788,1789006474993197,74076,0,1,1,42967,42967,42967
2101,61608615763,1789006475024934,1789006475028047,74076,0,1,1,43153,43153,43153
2102,61608649071,1789006475058367,1789006475059847,74076,0,1,1,42969,42969,42969
2103,61608682380,1789006475091575,1789006475093123,74076,0,1,1,43860,43860,43860
2104,61608715688,1789006475124912,1789006475126366,74076,0,1,1,43766,43766,43766
2105,61608748997,1789006475158294,1789006475159699,74076,0,1,1,43632,43632,43632
2106,61608782306,1789006475191670,1789006475193054,74076,0,1,1,43704,43704,43704
2107,61608815614,1789006475225468,1789006475227063,74076,0,1,1,43144,43144,43144
2108,61608848923,1789006475258163,1789006475259759,74076,0,1,1,42828,42828,42828
2109,61608882231,1789006475291673,1789006475292968,74076,0,1,1,42880,42880,42880
2110,61608915540,1789006475325146,1789006475327300,74076,0,1,1,43052,43052,43052
2111,61608948849,1789006475358184,1789006475359502,74076,0,1,1,43768,43768,43768
2112,61608982157,1789006475391352,1789006475392999,74076,0,1,1,43678,43678,43678
2113,61609015466,1789006475424634,1789006475426400,74076,0,1,1,43700,43700,43700
2114,61609048774,1789006475458073,1789006475459463,74076,0,1,1,43771,43771,43771
2115,61609082083,1789006475491331,1789006475493103,74076,0,1,1,43612,43612,43612
2116,61609115392,1789006475524664,1789006475526234,74076,0,1,1,43770,43770,43770
2117,61609148700,1789006475558111,1789006475559465,74076,0,1,1,43809,43809,43809
2118,61609182009,1789006475591298,1789006475592725,74076,0,1,1,43602,43602,43602
2119,61609215317,1789006475624615,1789006475626443,74076,0,1,1,43986,43986,43986
2120,61609248626,1789006475658121,1789006475659342,74076,0,1,1,43790,43790,43790
2121,61609281935,1789006475691339,1789006475692596,74076,0,1,1,43599,43599,43599
2122,61609315243,1789006475725007,1789006475726958,74076,0,1,1,43723,43723,43723
2123,61609348552,1789006475758338,1789006475759845,74076,0,1,1,43721,43721,43721
2124,61609381860,1789006475791252,1789006475792549,74076,0,1,1,42998,42998,42998
2125,61609415169,1789006475824360,1789006475825898,74076,0,1,1,43863,43863,43863
2126,61609448478,1789006475857957,1789006475859208,74076,0,1,1,43010,43010,43010
2127,61609481786,1789006475891142,1789006475892456,74076,0,1,1,43593,43593,43593
2128,61609515095,1789006475924375,1789006475925966,74076,0,1,1,42964,42964,42964
2129,61609548403,1789006475958188,1789006475960058,74076,0,1,1,42939,42939,42939
2130,61609581712,1789006475991016,1789006475992397,74076,0,1,1,43531,43531,43531
2131,61609615021,1789006476024218,1789006476025929,74076,0,1,1,43011,43011,43011
2132,61609648329,1789006476058099,1789006476059666,74076,0,1,1,42979,42979,42979
2133,61609681638,1789006476091003,1789006476092403,74076,0,1,1,43544,43544,43544
2134,61609714946,1789006476124172,1789006476125675,74076,0,1,1,43795,43795,43795
2135,61609748255,1789006476158046,1789006476159597,74076,0,1,1,43127,43127,43127
2136,61609781564,1789006476190962,1789006476192501,74076,0,1,1,42948,42948,42948
2137,61609814872,1789006476224055,1789006476225671,74076,0,1,1,43801,43801,43801
2138,61609848181,1789006476257831,1789006476259428,74076,0,1,1,43097,43097,43097
2139,61609881489,1789006476290752,1789006476292245,74076,0,1,1,43002,43002,43002
2140,61609914798,1789006476324063,1789006476325581,74076,0,1,1,43072,43072,43072
2141,61609948107,1789006476357387,1789006476358847,74076,0,1,1,43738,43738,43738
2142,61609981415,1789006476390737,1789006476392163,74076,0,1,1,43905,43905,43905
2143,61610014724,1789006476423963,1789006476425532,74076,0,1,1,43661,43661,43661
2144,61610048032,1789006476457433,1789006476458811,74076,0,1,1,43262,43262,43262
2145,61610081341,1789006476490622,1789006476492017,74076,0,1,1,43700,43700,43700
2146,61610114650,1789006476523910,1789006476525404,74076,0,1,1,43607,43607,43607
2147,61610147958,1789006476557270,1789006476558657,74076,0,1,1,43864,43864,43864
2148,61610181267,1789006476590591,1789006476591920,74076,0,1,1,43586,43586,43586
2149,61610214575,1789006476623867,1789006476625343,74076,0,1,1,43802,43802,43802
2150,61610247884,1789006476657641,1789006476659269,74076,0,1,1,43134,43134,43134
2151,61610281193,1789006476690528,1789006476692428,74076,0,1,1,42839,42839,42839
2152,61610314501,1789006476723782,1789006476725260,74076,0,1,1,43051,43051,43051
2153,61610347810,1789006476757544,1789006476759097,74076,0,1,1,43697,43697,43697
2154,61610381118,1789006476791056,1789006476792693,74076,0,1,1,43805,43805,43805
2155,61610414427,1789006476823742,1789006476825204,74076,0,1,1,43049,43049,43049
2156,61610447736,1789006476857049,1789006476858514,74076,0,1,1,43539,43539,43539
2157,61610481044,1789006476890923,1789006476892466,74076,0,1,1,42899,42899,42899
2158,61610514353,1789006476923600,1789006476925101,74076,0,1,1,43633,43633,43633
2159,61610547661,1789006476956976,1789006476958387,74076,0,1,1,43166,43166,43166
2160,61610580970,1789006476990850,1789006476992717,74076,0,1,1,43579,43579,43579
2161,61610614279,1789006477023529,1789006477025003,74076,0,1,1,42994,42994,42994
2162,61610647587,1789006477056950,1789006477058254,74076,0,1,1,43824,43824,43824
2163,61610680896,1789006477090554,1789006477092108,74076,0,1,1,42938,42938,42938
2164,61610714204,1789006477123569,1789006477124899,74076,0,1,1,43680,43680,43680
2165,61610747513,1789006477156868,1789006477158294,74076,0,1,1,43017,43017,43017
2166,61610780822,1789006477190521,1789006477192106,74076,0,1,1,43709,43709,43709
2167,61610814130,1789006477223394,1789006477224881,74076,0,1,1,43799,43799,43799
2168,61610847439,1789006477256766,1789006477258196,74076,0,1,1,43753,43753,43753
2169,61610880747,1789006477290125,1789006477291362,74076,0,1,1,43723,43723,43723
2170,61610914056,1789006477323425,1789006477324848,74076,0,1,1,43749,43749,43749
2171,61610947365,1789006477356694,1789006477358139,74076,0,1,1,43904,43904,43904
2172,61610980673,1789006477390055,1789006477391442,74076,0,1,1,43163,43163,43163
2173,61611013982,1789006477423329,1789006477424784,74076,0,1,1,43760,43760,43760
2174,61611047290,1789006477456633,1789006477458049,74076,0,1,1,42910,42910,42910
2175,61611080599,1789006477490455,1789006477492001,74076,0,1,1,43537,43537,43537
2176,61611113908,1789006477523225,1789006477524748,74076,0,1,1,42941,42941,42941
2177,61611147216,1789006477556494,1789006477557908,74076,0,1,1,42959,42959,42959
2178,61611180525,1789006477590251,1789006477591850,74076,0,1,1,43682,43682,43682
2179,61611213833,1789006477623196,1789006477624655,74076,0,1,1,43622,43622,43622
2180,61611247142,1789006477656405,1789006477658058,74076,0,1,1,42958,42958,42958
2181,61611280451,1789006477689792,1789006477691225,74076,0,1,1,42846,42846,42846
2182,61611313759,1789006477723080,1789006477724550,74076,0,1,1,43684,43684,43684
2183,61611347068,1789006477756385,1789006477757917,74076,0,1,1,43626,43626,43626
2184,61611380376,1789006477789751,1789006477791123,74076,0,1,1,43620,43620,43620
2185,61611413685,1789006477823027,1789006477824564,74076,0,1,1,43644,43644,43644
2186,61611446994,1789006477856360,1789006477857769,74076,0,1,1,43737,43737,43737
2187,61611480302,1789006477889964,1789006477891617,74076,0,1,1,43785,43785,43785
2188,61611513611,1789006477923431,1789006477925020,74076,0,1,1,43743,43743,43743
2189,61611546919,1789006477956198,1789006477957732,74076,0,1,1,43188,43188,43188
2190,61611580228,1789006477989592,1789006477990886,74076,0,1,1,42916,42916,42916
2191,61611613537,1789006478023452,1789006478024972,74076,0,1,1,43667,43667,43667
2192,61611646845,1789006478056093,1789006478057679,74076,0,1,1,43028,43028,43028
2193,61611680154,1789006478089558,1789006478090894,74076,0,1,1,43070,43070,43070
2194,61611713462,1789006478123191,1789006478125076,74076,0,1,1,43656,43656,43656
2195,61611746771,1789006478156076,1789006478157598,74076,0,1,1,43126,43126,43126
2196,61611780080,1789006478189481,1789006478190836,74076,0,1,1,43118,43118,43118
2197,61611813388,1789006478222817,1789006478224651,74076,0,1,1,43684,43684,43684
2198,61611846697,1789006478256101,1789006478257377,74076,0,1,1,42984,42984,42984
2199,61611880005,1789006478289393,1789006478290755,74076,0,1,1,42951,42951,42951
2200,61611913314,1789006478323761,1789006478325276,74076,0,1,1,43075,43075,43075
2201,61611946623,1789006478356096,1789006478357489,74076,0,1,1,43055,43055,43055
2202,61611979931,1789006478389230,1789006478390632,74076,0,1,1,42911,42911,42911
2203,61612013240,1789006478423195,1789006478424805,74076,0,1,1,43012,43012,43012
2204,61612046548,1789006478456069,1789006478457325,74076,0,1,1,43069,43069,43069
2205,61612079857,1789006478489305,1789006478490646,74076,0,1,1,43639,43639,43639
2206,61612113166,1789006478522441,1789006478524211,74076,0,1,1,43721,43721,43721
2207,61612146474,1789006478556264,1789006478557286,74076,0,1,1,42986,42986,42986
2208,61612179783,1789006478589155,1789006478590525,74076,0,1,1,43604,43604,43604
2209,61612213091,1789006478622330,1789006478623757,74076,0,1,1,43096,43096,43096
2210,61612246400,1789006478655744,1789006478657205,74076,0,1,1,43767,43767,43767
2211,61612279709,1789006478689089,1789006478690491,74076,0,1,1,43009,43009,43009
2212,61612313017,1789006478722349,1789006478723792,74076,0,1,1,43115,43115,43115
2213,61612346326,1789006478755595,1789006478757089,74076,0,1,1,43108,43108,43108
2214,61612379634,1789006478789035,1789006478790432,74076,0,1,1,43099,43099,43099
2215,61612412943,1789006478822279,1789006478823644,74076,0,1,1,42979,42979,42979
2216,61612446252,1789006478855520,1789006478857089,74076,0,1,1,43714,43714,43714
2217,61612479560,1789006478888949,1789006478890418,74076,0,1,1,43858,43858,43858
2218,61612512869,1789006478922692,1789006478924277,74076,0,1,1,43061,43061,43061
2219,61612546177,1789006478955977,1789006478957568,74076,0,1,1,43015,43015,43015
2220,61612579486,1789006478988806,1789006478990117,74076,0,1,1,43085,43085,43085
2221,61612612795,1789006479022366,1789006479024111,74076,0,1,1,43059,43059,43059
2222,61612646103,1789006479056760,1789006479058331,74076,0,1,1,43789,43789,43789
2223,61612679412,1789006479088782,1789006479090124,74076,0,1,1,43929,43929,43929
2224,61612712720,1789006479122084,1789006479123438,74076,0,1,1,43734,43734,43734
2225,61612746029,1789006479155879,1789006479157809,74076,0,1,1,43115,43115,43115
2226,61612779338,1789006479188736,1789006479190101,74076,0,1,1,43090,43090,43090
2227,61612812646,1789006479222002,1789006479223375,74076,0,1,1,42968,42968,42968
2228,61612845955,1789006479255906,1789006479258392,74076,0,1,1,43069,43069,43069
2229,61612879263,1789006479288620,1789006479289902,74076,0,1,1,43033,43033,43033
2230,61612912572,1789006479321905,1789006479323377,74076,0,1,1,42992,42992,42992
2231,61612945881,1789006479355676,1789006479357328,74076,0,1,1,42925,42925,42925
2232,61612979189,1789006479388464,1789006479390052,74076,0,1,1,43751,43751,43751
2233,61613012498,1789006479421886,1789006479423156,74076,0,1,1,42991,42991,42991
2234,61613045806,1789006479455467,1789006479457407,74076,0,1,1,43032,43032,43032
2235,61613079115,1789006479488385,1789006479489984,74076,0,1,1,43931,43931,43931
2236,61613112424,1789006479521788,1789006479523196,74076,0,1,1,43627,43627,43627
2237,61613145732,1789006479555382,1789006479556982,74076,0,1,1,43856,43856,43856
2238,61613179041,1789006479588359,1789006479589773,74076,0,1,1,43085,43085,43085
2239,61613212349,1789006479621761,1789006479623096,74076,0,1,1,43009,43009,43009
2240,61613245658,1789006479655207,1789006479657868,74076,0,1,1,43665,43665,43665
2241,61613278967,1789006479688244,1789006479689819,74076,0,1,1,43741,43741,43741
2242,61613312275,1789006479721592,1789006479722959,74076,0,1,1,43045,43045,43045
2243,61613345584,1789006479755546,1789006479757172,74076,0,1,1,43697,43697,43697
2244,61613378892,1789006479788188,1789006479789720,74076,0,1,1,43094,43094,43094
2245,61613412201,1789006479821528,1789006479822876,74076,0,1,1,43799,43799,43799
2246,61613445510,1789006479854782,1789006479856430,74076,0,1,1,43659,43659,43659
2247,61613478818,1789006479888159,1789006479889677,74076,0,1,1,43093,43093,43093
2248,61613512127,1789006479921474,1789006479923011,74076,0,1,1,43782,43782,43782
2249,61613545435,1789006479954722,1789006479956830,74076,0,1,1,43137,43137,43137
2250,61613578744,1789006479988122,1789006479989584,74076,0,1,1,42911,42911,42911
2251,61613612053,1789006480021427,1789006480022588,74076,0,1,1,43155,43155,43155
2252,61613645361,1789006480054660,1789006480056188,74076,0,1,1,43773,43773,43773
2253,61613678670,1789006480088396,1789006480089927,74076,0,1,1,43946,43946,43946
2254,61613711978,1789006480121320,1789006480122714,74076,0,1,1,43793,43793,43793
2255,61613745287,1789006480154615,1789006480156023,74076,0,1,1,43155,43155,43155
2256,61613778596,1789006480188345,1789006480189845,74076,0,1,1,43677,43677,43677
2257,61613811904,1789006480221278,1789006480222644,74076,0,1,1,42982,42982,42982
2258,61613845213,1789006480254524,1789006480256105,74076,0,1,1,43660,43660,43660
2259,61613878521,1789006480288253,1789006480289855,74076,0,1,1,43888,43888,43888
2260,61613911830,1789006480321105,1789006480322570,74076,0,1,1,43113,43113,43113
2261,61613945139,1789006480354480,1789006480356054,74076,0,1,1,43840,43840,43840
2262,61613978447,1789006480388205,1789006480389705,74076,0,1,1,43147,43147,43147
2263,61614011756,1789006480421189,1789006480422501,74076,0,1,1,43120,43120,43120
2264,61614045064,1789006480455041,1789006480458269,74076,0,1,1,43076,43076,43076
2265,61614078373,1789006480487688,1789006480489831,74076,0,1,1,43866,43866,43866
2266,61614111682,1789006480520955,1789006480522528,74076,0,1,1,42946,42946,42946
2267,61614144990,1789006480554280,1789006480555911,74076,0,1,1,42982,42982,42982
2268,61614178299,1789006480588062,1789006480589563,74076,0,1,1,43840,43840,43840
2269,61614211607,1789006480620988,1789006480622318,74076,0,1,1,43088,43088,43088
2270,61614244916,1789006480654181,1789006480655667,74076,0,1,1,43247,43247,43247
2271,61614278225,1789006480687620,1789006480689590,74076,0,1,1,43115,43115,43115
2272,61614311533,1789006480720869,1789006480722494,74076,0,1,1,43819,43819,43819
2273,61614344842,1789006480754144,1789006480755594,74076,0,1,1,43075,43075,43075
2274,61614378150,1789006480787503,1789006480789468,74076,0,1,1,43092,43092,43092
2275,61614411459,1789006480820859,1789006480822259,74076,0,1,1,43027,43027,43027
2276,61614444768,1789006480854060,1789006480855568,74076,0,1,1,43717,43717,43717
2277,61614478076,1789006480887441,1789006480889326,74076,0,1,1,44004,44004,44004
2278,61614511385,1789006480920691,1789006480922441,74076,0,1,1,43606,43606,43606
2279,61614544693,1789006480954097,1789006480955634,74076,0,1,1,42936,42936,42936
2280,61614578002,1789006480987282,1789006480988822,74076,0,1,1,43061,43061,43061
2281,61614611311,1789006481020694,1789006481022104,74076,0,1,1,43804,43804,43804
2282,61614644619,1789006481053903,1789006481055356,74076,0,1,1,43629,43629,43629
2283,61614677928,1789006481087233,1789006481089288,74076,0,1,1,43156,43156,43156
2284,61614711236,1789006481121031,1789006481122424,74076,0,1,1,43889,43889,43889
2285,61614744545,1789006481153846,1789006481155327,74076,0,1,1,43067,43067,43067
2286,61614777854,1789006481187177,1789006481189253,74076,0,1,1,43132,43132,43132
2287,61614811162,1789006481220841,1789006481222440,74076,0,1,1,42868,42868,42868
2288,61614844471,1789006481253799,1789006481255184,74076,0,1,1,43134,43134,43134
2289,61614877779,1789006481287121,1789006481289007,74076,0,1,1,43792,43792,43792
2290,61614911088,1789006481321128,1789006481322690,74076,0,1,1,43716,43716,43716
2291,61614944397,1789006481353666,1789006481355071,74076,0,1,1,43744,43744,43744
2292,61614977705,1789006481387050,1789006481388428,74076,0,1,1,43750,43750,43750
2293,61615011014,1789006481420823,1789006481422682,74076,0,1,1,43088,43088,43088
2294,61615044322,1789006481453673,1789006481455152,74076,0,1,1,43748,43748,43748
2295,61615077631,1789006481486907,1789006481488448,74076,0,1,1,43951,43951,43951
2296,61615110940,1789006481520711,1789006481522851,74076,0,1,1,43738,43738,43738
2297,61615144248,1789006481553582,1789006481555096,74076,0,1,1,43884,43884,43884
2298,61615177557,1789006481586841,1789006481588376,74076,0,1,1,43870,43870,43870
2299,61615210865,1789006481620253,1789006481622179,74076,0,1,1,43883,43883,43883
2300,61615244174,1789006481653533,1789006481654844,74076,0,1,1,43594,43594,43594
2301,61615277483,1789006481686818,1789006481688296,74076,0,1,1,43651,43651,43651
2302,61615310791,1789006481720365,1789006481722112,74076,0,1,1,43653,43653,43653
2303,61615344100,1789006481753426,1789006481754978,74076,0,1,1,43149,43149,43149
2304,61615377408,1789006481786670,1789006481788174,74076,0,1,1,43745,43745,43745
2305,61615410717,1789006481820124,1789006481822213,74076,0,1,1,44050,44050,44050
2306,61615444026,1789006481853379,1789006481854875,74076,0,1,1,43517,43517,43517
2307,61615477334,1789006481886579,1789006481888168,74076,0,1,1,43633,43633,43633
2308,61615510643,1789006481919996,1789006481921926,74076,0,1,1,43974,43974,43974
2309,61615543951,1789006481953259,1789006481954735,74076,0,1,1,43061,43061,43061
2310,61615577260,1789006481986654,1789006481988077,74076,0,1,1,43717,43717,43717
2311,61615610569,1789006482020370,1789006482021803,74076,0,1,1,42956,42956,42956
2312,61615643877,1789006482053244,1789006482054758,74076,0,1,1,43762,43762,43762
2313,61615677186,1789006482086471,1789006482087963,74076,0,1,1,43101,43101,43101
2314,61615710494,1789006482119878,1789006482121291,74076,0,1,1,43127,43127,43127
2315,61615743803,1789006482153532,1789006482155204,74076,0,1,1,42991,42991,42991
2316,61615777112,1789006482186373,1789006482187967,74076,0,1,1,43077,43077,43077
2317,61615810420,1789006482219903,1789006482222016,74076,0,1,1,43101,43101,43101
2318,61615843729,1789006482253431,1789006482255081,74076,0,1,1,43002,43002,43002
2319,61615877037,1789006482286294,1789006482287990,74076,0,1,1,42975,42975,42975
2320,61615910346,1789006482319861,1789006482321864,74076,0,1,1,43672,43672,43672
2321,61615943655,1789006482353366,1789006482355034,74076,0,1,1,43669,43669,43669
2322,61615976963,1789006482386152,1789006482387770,74076,0,1,1,43645,43645,43645
2323,61616010272,1789006482419686,1789006482421051,74076,0,1,1,43708,43708,43708
2324,61616043580,1789006482453236,1789006482455112,74076,0,1,1,43575,43575,43575
2325,61616076889,1789006482486216,1789006482487537,74076,0,1,1,43799,43799,43799
2326,61616110198,1789006482519505,1789006482521133,74076,0,1,1,43812,43812,43812
2327,61616143506,1789006482553405,1789006482556076,74076,0,1,1,42886,42886,42886
2328,61616176815,1789006482586245,1789006482587476,74076,0,1,1,43761,43761,43761
2329,61616210123,1789006482619569,1789006482620891,74076,0,1,1,43081,43081,43081
2330,61616243432,1789006482652831,1789006482654783,74076,0,1,1,43780,43780,43780
2331,61616276741,1789006482686180,1789006482687390,74076,0,1,1,43712,43712,43712
2332,61616310049,1789006482719445,1789006482720872,74076,0,1,1,43620,43620,43620
2333,61616343358,1789006482752733,1789006482754262,74076,0,1,1,42867,42867,42867
2334,61616376666,1789006482786083,1789006482787348,74076,0,1,1,43750,43750,43750
2335,61616409975,1789006482819378,1789006482820794,74076,0,1,1,43776,43776,43776
2336,61616443284,1789006482853269,1789006482854929,74076,0,1,1,42917,42917,42917
2337,61616476592,1789006482886068,1789006482887288,74076,0,1,1,43771,43771,43771
2338,61616509901,1789006482919325,1789006482920767,74076,0,1,1,42949,42949,42949
2339,61616543209,1789006482952640,1789006482954108,74076,0,1,1,43017,43017,43017
2340,61616576518,1789006482986077,1789006482987176,74076,0,1,1,42942,42942,42942
2341,61616609827,1789006483019227,1789006483020832,74076,0,1,1,43683,43683,43683
2342,61616643135,1789006483052484,1789006483054067,74076,0,1,1,43632,43632,43632
2343,61616676444,1789006483086147,1789006483088048,74076,0,1,1,43683,43683,43683
2344,61616709752,1789006483119195,1789006483120597,74076,0,1,1,43698,43698,43698
2345,61616743061,1789006483152803,1789006483154520,74076,0,1,1,43032,43032,43032
2346,61616776370,1789006483185851,1789006483187082,74076,0,1,1,43531,43531,43531
2347,61616809678,1789006483219107,1789006483220530,74076,0,1,1,43120,43120,43120
2348,61616842987,1789006483252394,1789006483253809,74076,0,1,1,43826,43826,43826
2349,61616876295,1789006483286141,1789006483287598,74076,0,1,1,43644,43644,43644
2350,61616909604,1789006483319019,1789006483320459,74076,0,1,1,42806,42806,42806
2351,61616942913,1789006483352292,1789006483353732,74076,0,1,1,43030,43030,43030
2352,61616976221,1789006483386020,1789006483387654,74076,0,1,1,43718,43718,43718
2353,61617009530,1789006483419000,1789006483420581,74076,0,1,1,43684,43684,43684
2354,61617042838,1789006483452227,1789006483453702,74076,0,1,1,42965,42965,42965
2355,61617076147,1789006483485806,1789006483487789,74076,0,1,1,43478,43478,43478
2356,61617109456,1789006483518868,1789006483520239,74076,0,1,1,43993,43993,43993
2357,61617142764,1789006483552162,1789006483553611,74076,0,1,1,42920,42920,42920
2358,61617176073,1789006483585847,1789006483588112,74076,0,1,1,42886,42886,42886
2359,61617209381,1789006483618693,1789006483620211,74076,0,1,1,43103,43103,43103
2360,61617242690,1789006483652040,1789006483653568,74076,0,1,1,43432,43432,43432
2361,61617275999,1789006483685752,1789006483687914,74076,0,1,1,43573,43573,43573
2362,61617309307,1789006483719035,1789006483720048,74076,0,1,1,43630,43630,43630
2363,61617342616,1789006483752030,1789006483753463,74076,0,1,1,43726,43726,43726
2364,61617375924,1789006483786004,1789006483787750,74076,0,1,1,43938,43938,43938
2365,61617409233,1789006483818597,1789006483820111,74076,0,1,1,43162,43162,43162
2366,61617442542,1789006483851943,1789006483853351,74076,0,1,1,42959,42959,42959
2367,61617475850,1789006483885209,1789006483886909,74076,0,1,1,42872,42872,42872
2368,61617509159,1789006483918543,1789006483919951,74076,0,1,1,44053,44053,44053
2369,61617542467,1789006483951854,1789006483953318,74076,0,1,1,43110,43110,43110
2370,61617575776,1789006483985577,1789006483987381,74076,0,1,1,43090,43090,43090
2371,61617609085,1789006484018437,1789006484019940,74076,0,1,1,42857,42857,42857
2372,61617642393,1789006484051786,1789006484053283,74076,0,1,1,43685,43685,43685
2373,61617675702,1789006484085615,1789006484087256,74076,0,1,1,43206,43206,43206
2374,61617709010,1789006484118389,1789006484119781,74076,0,1,1,43148,43148,43148
2375,61617742319,1789006484151620,1789006484153195,74076,0,1,1,43077,43077,43077
2376,61617775628,1789006484184987,1789006484186501,74076,0,1,1,43061,43061,43061
2377,61617808936,1789006484218342,1789006484219724,74076,0,1,1,43833,43833,43833
2378,61617842245,1789006484251573,1789006484253095,74076,0,1,1,43026,43026,43026
2379,61617875553,1789006484285214,1789006484287411,74076,0,1,1,43731,43731,43731
2380,61617908862,1789006484318596,1789006484319740,74076,0,1,1,43041,43041,43041
2381,61617942171,1789006484351589,1789006484353006,74076,0,1,1,43667,43667,43667
2382,61617975479,1789006484385254,1789006484387461,74076,0,1,1,43047,43047,43047
2383,61618008788,1789006484418621,1789006484420363,74076,0,1,1,42994,42994,42994
2384,61618042096,1789006484451561,1789006484453006,74076,0,1,1,43844,43844,43844
2385,61618075405,1789006484484670,1789006484486991,74076,0,1,1,43028,43028,43028
2386,61618108714,1789006484518594,1789006484520162,74076,0,1,1,43549,43549,43549
2387,61618142022,1789006484551465,1789006484552897,74076,0,1,1,43684,43684,43684
2388,61618175331,1789006484584676,1789006484586073,74076,0,1,1,43013,43013,43013
2389,61618208639,1789006484618472,1789006484620219,74076,0,1,1,43030,43030,43030
2390,61618241948,1789006484651428,1789006484656353,74076,0,1,1,43778,43778,43778
2391,61618275257,1789006484684610,1789006484686081,74076,0,1,1,43715,43715,43715
2392,61618308565,1789006484718454,1789006484720024,74076,0,1,1,43759,43759,43759
2393,61618341874,1789006484751344,1789006484752784,74076,0,1,1,43099,43099,43099
2394,61618375182,1789006484784505,1789006484786148,74076,0,1,1,42927,42927,42927
2395,61618408491,1789006484818271,1789006484819826,74076,0,1,1,43009,43009,43009
2396,61618441800,1789006484851101,1789006484852674,74076,0,1,1,43045,43045,43045
2397,61618475108,1789006484884381,1789006484886050,74076,0,1,1,43095,43095,43095
2398,61618508417,1789006484918633,1789006484920384,74076,0,1,1,43867,43867,43867
2399,61618541725,1789006484950883,1789006484952597,74076,0,1,1,43814,43814,43814
2400,61618575034,1789006484984373,1789006484986042,74076,0,1,1,44017,44017,44017
2401,61618608343,1789006485018172,1789006485019820,74076,0,1,1,43870,43870,43870
2402,61618641651,1789006485050960,1789006485052539,74076,0,1,1,43080,43080,43080
2403,61618674960,1789006485084299,1789006485085808,74076,0,1,1,43855,43855,43855
2404,61618708268,1789006485118153,1789006485119739,74076,0,1,1,43901,43901,43901
2405,61618741577,1789006485151237,1789006485152482,74076,0,1,1,43605,43605,43605
2406,61618774886,1789006485184273,1789006485185772,74076,0,1,1,43732,43732,43732
2407,61618808194,1789006485217907,1789006485219524,74076,0,1,1,43658,43658,43658
2408,61618841503,1789006485250978,1789006485252429,74076,0,1,1,43070,43070,43070
2409,61618874811,1789006485284171,1789006485285753,74076,0,1,1,43781,43781,43781
2410,61618908120,1789006485317480,1789006485318985,74076,0,1,1,43254,43254,43254
2411,61618941429,1789006485350831,1789006485352153,74076,0,1,1,43163,43163,43163
2412,61618974737,1789006485384106,1789006485385638,74076,0,1,1,43703,43703,43703
2413,61619008046,1789006485417781,1789006485419392,74076,0,1,1,43063,43063,43063
2414,61619041354,1789006485450743,1789006485452193,74076,0,1,1,43803,43803,43803
2415,61619074663,1789006485484029,1789006485485712,74076,0,1,1,43806,43806,43806
2416,61619107972,1789006485517265,1789006485518859,74076,0,1,1,43895,43895,43895
2417,61619141280,1789006485551097,1789006485552690,74076,0,1,1,43805,43805,43805
2418,61619174589,1789006485583964,1789006485585450,74076,0,1,1,43768,43768,43768
2419,61619207897,1789006485617286,1789006485618762,74076,0,1,1,43945,43945,43945
2420,61619241206,1789006485651071,1789006485652720,74076,0,1,1,43087,43087,43087
2421,61619274515,1789006485683919,1789006485685445,74076,0,1,1,42969,42969,42969
2422,61619307823,1789006485717237,1789006485718542,74076,0,1,1,43797,43797,43797
2423,61619341132,1789006485750968,1789006485752505,74076,0,1,1,43776,43776,43776
2424,61619374440,1789006485783794,1789006485785297,74076,0,1,1,43586,43586,43586
2425,61619407749,1789006485817098,1789006485818483,74076,0,1,1,43144,43144,43144
2426,61619441058,1789006485850497,1789006485851903,74076,0,1,1,43814,43814,43814
2427,61619474366,1789006485883624,1789006485885332,74076,0,1,1,43776,43776,43776
2428,61619507675,1789006485917086,1789006485918527,74076,0,1,1,43868,43868,43868
2429,61619540983,1789006485950998,1789006485952539,74076,0,1,1,43877,43877,43877
2430,61619574292,1789006485983631,1789006485985024,74076,0,1,1,43063,43063,43063
2431,61619607601,1789006486017012,1789006486018378,74076,0,1,1,43829,43829,43829
2432,61619640909,1789006486050243,1789006486051921,74076,0,1,1,43628,43628,43628
2433,61619674218,1789006486083523,1789006486085064,74076,0,1,1,43064,43064,43064
2434,61619707526,1789006486116958,1789006486118289,74076,0,1,1,43956,43956,43956
2435,61619740835,1789006486150769,1789006486152385,74076,0,1,1,42940,42940,42940
2436,61619774144,1789006486183606,1789006486185062,74076,0,1,1,43079,43079,43079
2437,61619807452,1789006486217129,1789006486218103,74076,0,1,1,43319,43319,43319
2438,61619840761,1789006486250549,1789006486252184,74076,0,1,1,43093,43093,43093
2439,61619874069,1789006486283479,1789006486284953,74076,0,1,1,42940,42940,42940
2440,61619907378,1789006486316719,1789006486318223,74076,0,1,1,43072,43072,43072
2441,61619940687,1789006486350113,1789006486351442,74076,0,1,1,43967,43967,43967
2442,61619973995,1789006486383444,1789006486384863,74076,0,1,1,43173,43173,43173
2443,61620007304,1789006486416716,1789006486418161,74076,0,1,1,43222,43222,43222
2444,61620040612,1789006486450015,1789006486451309,74076,0,1,1,43963,43963,43963
2445,61620073921,1789006486483388,1789006486484803,74076,0,1,1,43029,43029,43029
2446,61620107230,1789006486516667,1789006486518046,74076,0,1,1,43680,43680,43680
2447,61620140538,1789006486550282,1789006486552285,74076,0,1,1,43031,43031,43031
2448,61620173847,1789006486583209,1789006486584786,74076,0,1,1,43807,43807,43807
2449,61620207155,1789006486616507,1789006486618024,74076,0,1,1,43112,43112,43112
2450,61620240464,1789006486649913,1789006486651228,74076,0,1,1,43092,43092,43092
2451,61620273773,1789006486683727,1789006486685029,74076,0,1,1,43862,43862,43862
2452,61620307081,1789006486716526,1789006486718150,74076,0,1,1,43215,43215,43215
2453,61620340390,1789006486749819,1789006486751095,74076,0,1,1,43019,43019,43019
2454,61620373698,1789006486783763,1789006486785244,74076,0,1,1,44116,44116,44116
2455,61620407007,1789006486816311,1789006486817955,74076,0,1,1,43222,43222,43222
2456,61620440316,1789006486849662,1789006486851169,74076,0,1,1,43297,43297,43297
2457,61620473624,1789006486883938,1789006486885426,74076,0,1,1,43819,43819,43819
2458,61620506933,1789006486916322,1789006486917821,74076,0,1,1,43092,43092,43092
2459,61620540241,1789006486949677,1789006486951045,74076,0,1,1,43188,43188,43188
2460,61620573550,1789006486983205,1789006486985234,74076,0,1,1,43754,43754,43754
2461,61620606859,1789006487016201,1789006487017862,74076,0,1,1,42908,42908,42908
2462,61620640167,1789006487049626,1789006487050961,74076,0,1,1,43032,43032,43032
2463,61620673476,1789006487083348,1789006487084985,74076,0,1,1,43913,43913,43913
2464,61620706784,1789006487116311,1789006487117571,74076,0,1,1,43802,43802,43802
2465,61620740093,1789006487149523,1789006487150967,74076,0,1,1,43144,43144,43144
2466,61620773402,1789006487183507,1789006487185013,74076,0,1,1,43737,43737,43737
2467,61620806710,1789006487216046,1789006487217599,74076,0,1,1,43816,43816,43816
2468,61620840019,1789006487249492,1789006487250746,74076,0,1,1,43831,43831,43831
2469,61620873327,1789006487282717,1789006487284594,74076,0,1,1,43850,43850,43850
2470,61620906636,1789006487316014,1789006487317446,74076,0,1,1,43138,43138,43138
2471,61620939945,1789006487349460,1789006487350741,74076,0,1,1,43822,43822,43822
2472,61620973253,1789006487383109,1789006487384895,74076,0,1,1,43110,43110,43110
2473,61621006562,1789006487416149,1789006487417369,74076,0,1,1,43113,43113,43113
2474,61621039870,1789006487449317,1789006487450599,74076,0,1,1,43963,43963,43963
2475,61621073179,1789006487482584,1789006487484106,74076,0,1,1,43060,43060,43060
2476,61621106488,1789006487515960,1789006487517089,74076,0,1,1,43257,43257,43257
2477,61621139796,1789006487549152,1789006487550524,74076,0,1,1,43102,43102,43102
2478,61621173105,1789006487582506,1789006487583963,74076,0,1,1,43983,43983,43983
2479,61621206413,1789006487615876,1789006487617300,74076,0,1,1,43383,43383,43383
2480,61621239722,1789006487649291,1789006487650520,74076,0,1,1,43954,43954,43954
2481,61621273031,1789006487682424,1789006487683797,74076,0,1,1,43728,43728,43728
2482,61621306339,1789006487715853,1789006487717181,74076,0,1,1,43967,43967,43967
2483,61621339648,1789006487749106,1789006487750394,74076,0,1,1,43202,43202,43202
2484,61621372956,1789006487782463,1789006487783815,74076,0,1,1,42925,42925,42925
2485,61621406265,1789006487816256,1789006487817631,74076,0,1,1,43242,43242,43242
2486,61621439574,1789006487849032,1789006487850358,74076,0,1,1,43280,43280,43280
2487,61621472882,1789006487882207,1789006487883773,74076,0,1,1,43176,43176,43176
2488,61621506191,1789006487915996,1789006487917828,74076,0,1,1,43975,43975,43975
2489,61621539499,1789006487948913,1789006487950342,74076,0,1,1,43258,43258,43258
2490,61621572808,1789006487982186,1789006487983701,74076,0,1,1,43181,43181,43181
2491,61621606117,1789006488016582,1789006488018189,74076,0,1,1,43405,43405,43405
2492,61621639425,1789006488048832,1789006488050265,74076,0,1,1,43217,43217,43217
2493,61621672734,1789006488082157,1789006488083583,74076,0,1,1,43875,43875,43875
2494,61621706042,1789006488115545,1789006488117352,74076,0,1,1,43963,43963,43963
2495,61621739351,1789006488148850,1789006488150233,74076,0,1,1,43308,43308,43308
2496,61621772660,1789006488182116,1789006488183504,74076,0,1,1,43167,43167,43167
2497,61621805968,1789006488215783,1789006488217792,74076,0,1,1,43698,43698,43698
2498,61621839277,1789006488248745,1789006488250140,74076,0,1,1,43714,43714,43714
2499,61621872585,1789006488282051,1789006488283347,74076,0,1,1,44037,44037,44037
2500,61621905894,1789006488315925,1789006488317271,74076,0,1,1,43835,43835,43835
2501,61621939203,1789006488348561,1789006488350072,74076,0,1,1,43949,43949,43949
2502,61621972511,1789006488381987,1789006488383252,74076,0,1,1,43857,43857,43857
2503,61622005820,1789006488416485,1789006488418054,74076,0,1,1,43961,43961,43961
2504,61622039128,1789006488448621,1789006488450054,74076,0,1,1,44288,44288,44288
2505,61622072437,1789006488481818,1789006488483238,74076,0,1,1,43826,43826,43826
2506,61622105746,1789006488515693,1789006488517319,74076,0,1,1,43100,43100,43100
2507,61622139054,1789006488548584,1789006488549948,74076,0,1,1,44049,44049,44049
2508,61622172363,1789006488581827,1789006488583194,74076,0,1,1,43009,43009,43009
2509,61622205671,1789006488615741,1789006488617717,74076,0,1,1,43904,43904,43904
2510,61622238980,1789006488648431,1789006488649983,74076,0,1,1,43955,43955,43955
2511,61622272289,1789006488681774,1789006488683006,74076,0,1,1,43799,43799,43799
2512,61622305597,1789006488715497,1789006488717083,74076,0,1,1,43881,43881,43881
2513,61622338906,1789006488748419,1789006488749709,74076,0,1,1,43770,43770,43770
2514,61622372214,1789006488781599,1789006488782837,74076,0,1,1,43861,43861,43861
2515,61622405523,1789006488815634,1789006488820223,74076,0,1,1,43215,43215,43215
2516,61622438832,1789006488848688,1789006488850474,74076,0,1,1,43313,43313,43313
2517,61622472140,1789006488881570,1789006488882904,74076,0,1,1,43180,43180,43180
2518,61622505449,1789006488914812,1789006488916631,74076,0,1,1,43122,43122,43122
2519,61622538757,1789006488948588,1789006488950135,74076,0,1,1,43229,43229,43229
2520,61622572066,1789006488981535,1789006488982877,74076,0,1,1,43872,43872,43872
2521,61622605375,1789006489014747,1789006489016535,74076,0,1,1,43201,43201,43201
2522,61622638683,1789006489048515,1789006489050025,74076,0,1,1,44113,44113,44113
2523,61622671992,1789006489081414,1789006489083025,74076,0,1,1,43146,43146,43146
2524,61622705300,1789006489114698,1789006489116126,74076,0,1,1,43906,43906,43906
2525,61622738609,1789006489148043,1789006489149942,74076,0,1,1,43404,43404,43404
2526,61622771918,1789006489181414,1789006489182828,74076,0,1,1,43219,43219,43219
2527,61622805226,1789006489214631,1789006489216159,74076,0,1,1,43401,43401,43401
2528,61622838535,1789006489248346,1789006489249908,74076,0,1,1,43318,43318,43318
2529,61622871843,1789006489281256,1789006489282665,74076,0,1,1,43165,43165,43165
2530,61622905152,1789006489314537,1789006489316125,74076,0,1,1,43965,43965,43965
2531,61622938461,1789006489348304,1789006489349851,74076,0,1,1,43926,43926,43926
2532,61622971769,1789006489381250,1789006489382538,74076,0,1,1,43668,43668,43668
2533,61623005078,1789006489414413,1789006489416014,74076,0,1,1,43839,43839,43839
2534,61623038386,1789006489447805,1789006489449721,74076,0,1,1,43955,43955,43955
2535,61623071695,1789006489481072,1789006489482498,74076,0,1,1,43880,43880,43880
2536,61623105004,1789006489514695,1789006489515782,74076,0,1,1,43242,43242,43242
2537,61623138312,1789006489547654,1789006489549582,74076,0,1,1,43421,43421,43421
2538,61623171621,1789006489581136,1789006489582462,74076,0,1,1,43257,43257,43257
2539,61623204929,1789006489614309,1789006489616185,74076,0,1,1,44056,44056,44056
2540,61623238238,1789006489648074,1789006489649695,74076,0,1,1,43851,43851,43851
2541,61623271547,1789006489680943,1789006489682358,74076,0,1,1,43829,43829,43829
2542,61623304855,1789006489714276,1789006489715630,74076,0,1,1,43978,43978,43978
2543,61623338164,1789006489748023,1789006489749614,74076,0,1,1,43200,43200,43200
2544,61623371472,1789006489780984,1789006489782348,74076,0,1,1,43217,43217,43217
2545,61623404781,1789006489814152,1789006489815524,74076,0,1,1,43858,43858,43858
2546,61623438090,1789006489847557,1789006489848982,74076,0,1,1,43170,43170,43170
2547,61623471398,1789006489880890,1789006489882253,74076,0,1,1,43924,43924,43924
2548,61623504707,1789006489914144,1789006489915411,74076,0,1,1,43876,43876,43876
2549,61623538015,1789006489947427,1789006489949341,74076,0,1,1,43241,43241,43241
2550,61623571324,1789006489981230,1789006489982560,74076,0,1,1,43930,43930,43930
2551,61623604633,1789006490014012,1789006490015406,74076,0,1,1,43273,43273,43273
2552,61623637941,1789006490047386,1789006490048786,74076,0,1,1,44016,44016,44016
2553,61623671250,1789006490080973,1789006490082865,74076,0,1,1,43319,43319,43319
2554,61623704558,1789006490114010,1789006490115631,74076,0,1,1,43825,43825,43825
2555,61623737867,1789006490147316,1789006490149345,74076,0,1,1,43402,43402,43402
2556,61623771176,1789006490181005,1789006490182929,74076,0,1,1,43244,43244,43244
2557,61623804484,1789006490213921,1789006490215364,74076,0,1,1,43257,43257,43257
2558,61623837793,1789006490247237,1789006490248637,74076,0,1,1,43224,43224,43224
2559,61623871101,1789006490280522,1789006490282557,74076,0,1,1,43951,43951,43951
2560,61623904410,1789006490313845,1789006490315290,74076,0,1,1,43775,43775,43775
2561,61623937719,1789006490347191,1789006490348637,74076,0,1,1,43927,43927,43927
2562,61623971027,1789006490381044,1789006490382528,74076,0,1,1,43253,43253,43253
2563,61624004336,1789006490413766,1789006490415090,74076,0,1,1,43216,43216,43216
2564,61624037644,1789006490447082,1789006490448593,74076,0,1,1,43839,43839,43839
2565,61624070953,1789006490480424,1789006490482457,74076,0,1,1,43265,43265,43265
2566,61624104262,1789006490513643,1789006490515136,74076,0,1,1,43293,43293,43293
2567,61624137570,1789006490547026,1789006490548518,74076,0,1,1,43208,43208,43208
2568,61624170879,1789006490580857,1789006490582539,74076,0,1,1,43306,43306,43306
2569,61624204187,1789006490613640,1789006490615044,74076,0,1,1,43312,43312,43312
2570,61624237496,1789006490646895,1789006490648437,74076,0,1,1,43393,43393,43393
2571,61624270805,1789006490680381,1789006490682354,74076,0,1,1,43238,43238,43238
2572,61624304113,1789006490713527,1789006490715326,74076,0,1,1,43271,43271,43271
2573,61624337422,1789006490746706,1789006490748320,74076,0,1,1,43280,43280,43280
2574,61624370730,1789006490780234,1789006490781626,74076,0,1,1,44253,44253,44253
2575,61624404039,1789006490813404,1789006490814765,74076,0,1,1,43327,43327,43327
2576,61624437348,1789006490846702,1789006490848257,74076,0,1,1,44136,44136,44136
2577,61624470656,1789006490880110,1789006490881608,74076,0,1,1,43338,43338,43338
2578,61624503965,1789006490913483,1789006490914709,74076,0,1,1,43928,43928,43928
2579,61624537273,1789006490946625,1789006490948281,74076,0,1,1,44073,44073,44073
2580,61624570582,1789006490980106,1789006490981530,74076,0,1,1,43542,43542,43542
2581,61624603891,1789006491013430,1789006491014707,74076,0,1,1,44024,44024,44024
2582,61624637199,1789006491046556,1789006491048120,74076,0,1,1,44181,44181,44181
2583,61624670508,1789006491080027,1789006491081425,74076,0,1,1,43483,43483,43483
2584,61624703816,1789006491113650,1789006491115166,74076,0,1,1,43969,43969,43969
2585,61624737125,1789006491146404,1789006491147997,74076,0,1,1,43247,43247,43247
2586,61624770434,1789006491179961,1789006491181853,74076,0,1,1,43978,43978,43978
2587,61624803742,1789006491213620,1789006491215173,74076,0,1,1,43385,43385,43385
2588,61624837051,1789006491246581,1789006491247862,74076,0,1,1,43426,43426,43426
2589,61624870359,1789006491279803,1789006491281893,74076,0,1,1,43499,43499,43499
2590,61624903668,1789006491313581,1789006491315294,74076,0,1,1,44030,44030,44030
2591,61624936977,1789006491346316,1789006491347842,74076,0,1,1,43420,43420,43420
2592,61624970285,1789006491379691,1789006491381189,74076,0,1,1,43961,43961,43961
2593,61625003594,1789006491413076,1789006491414934,74076,0,1,1,43413,43413,43413
2594,61625036902,1789006491446262,1789006491447922,74076,0,1,1,43521,43521,43521
2595,61625070211,1789006491479582,1789006491481109,74076,0,1,1,43424,43424,43424
2596,61625103520,1789006491513448,1789006491515047,74076,0,1,1,44077,44077,44077
2597,61625136828,1789006491546122,1789006491547677,74076,0,1,1,43975,43975,43975
2598,61625170137,1789006491579574,1789006491581123,74076,0,1,1,43451,43451,43451
2599,61625203445,1789006491613249,1789006491615222,74076,0,1,1,43974,43974,43974
2600,61625236754,1789006491646066,1789006491647788,74076,0,1,1,44158,44158,44158
2601,61625270063,1789006491679453,1789006491681035,74076,0,1,1,44173,44173,44173
2602,61625303371,1789006491713152,1789006491715099,74076,0,1,1,43953,43953,43953
2603,61625336680,1789006491746167,1789006491747481,74076,0,1,1,43485,43485,43485
2604,61625369988,1789006491779457,1789006491781074,74076,0,1,1,43348,43348,43348
2605,61625403297,1789006491812717,1789006491814617,74076,0,1,1,43346,43346,43346
2606,61625436606,1789006491846094,1789006491847414,74076,0,1,1,43422,43422,43422
2607,61625469914,1789006491879442,1789006491880823,74076,0,1,1,44109,44109,44109
2608,61625503223,1789006491913074,1789006491914716,74076,0,1,1,44071,44071,44071
2609,61625536531,1789006491946158,1789006491947302,74076,0,1,1,43447,43447,43447
2610,61625569840,1789006491979354,1789006491981873,74076,0,1,1,43542,43542,43542
2611,61625603149,1789006492012660,1789006492014535,74076,0,1,1,43531,43531,43531
2612,61625636457,1789006492046091,1789006492047500,74076,0,1,1,43397,43397,43397
2613,61625669766,1789006492079219,1789006492080750,74076,0,1,1,43331,43331,43331
2614,61625703074,1789006492112838,1789006492114758,74076,0,1,1,44045,44045,44045
2615,61625736383,1789006492145933,1789006492147266,74076,0,1,1,44204,44204,44204
2616,61625769692,1789006492179173,1789006492180683,74076,0,1,1,43480,43480,43480
2617,61625803000,1789006492212964,1789006492214559,74076,0,1,1,44173,44173,44173
2618,61625836309,1789006492246100,1789006492247687,74076,0,1,1,43557,43557,43557
2619,61625869617,1789006492279097,1789006492280839,74076,0,1,1,44205,44205,44205
2620,61625902926,1789006492312375,1789006492313902,74076,0,1,1,44105,44105,44105
2621,61625936235,1789006492346159,1789006492347804,74076,0,1,1,43508,43508,43508
2622,61625969543,1789006492379037,1789006492380488,74076,0,1,1,44174,44174,44174
2623,61626002852,1789006492412344,1789006492413766,74076,0,1,1,44295,44295,44295
2624,61626036160,1789006492445834,1789006492447745,74076,0,1,1,44119,44119,44119
2625,61626069469,1789006492479033,1789006492480361,74076,0,1,1,44265,44265,44265
2626,61626102778,1789006492512202,1789006492513561,74076,0,1,1,44184,44184,44184
2627,61626136086,1789006492546128,1789006492547896,74076,0,1,1,44583,44583,44583
2628,61626169395,1789006492578888,1789006492580460,74076,0,1,1,43457,43457,43457
2629,61626202703,1789006492612189,1789006492613573,74076,0,1,1,44229,44229,44229
2630,61626236012,1789006492645974,1789006492647760,74076,0,1,1,43470,43470,43470
2631,61626269321,1789006492678717,1789006492680142,74076,0,1,1,44238,44238,44238
2632,61626302629,1789006492712130,1789006492713563,74076,0,1,1,43407,43407,43407
2633,61626335938,1789006492745999,1789006492747710,74076,0,1,1,43424,43424,43424
2634,61626369246,1789006492778726,1789006492780027,74076,0,1,1,44026,44026,44026
2635,61626402555,1789006492812026,1789006492813543,74076,0,1,1,43342,43342,43342
2636,61626435864,1789006492845342,1789006492846831,74076,0,1,1,43260,43260,43260
2637,61626469172,1789006492878651,1789006492880123,74076,0,1,1,44126,44126,44126
2638,61626502481,1789006492911935,1789006492913431,74076,0,1,1,44001,44001,44001
2639,61626535789,1789006492945844,1789006492947607,74076,0,1,1,43925,43925,43925
2640,61626569098,1789006492978560,1789006492979992,74076,0,1,1,43424,43424,43424
2641,61626602407,1789006493011926,1789006493013602,74076,0,1,1,43186,43186,43186
2642,61626635715,1789006493045152,1789006493046686,74076,0,1,1,43328,43328,43328
2643,61626669024,1789006493078521,1789006493079948,74076,0,1,1,43166,43166,43166
2644,61626702332,1789006493111859,1789006493113278,74076,0,1,1,43017,43017,43017
2645,61626735641,1789006493145967,1789006493147579,74076,0,1,1,43294,43294,43294
2646,61626768950,1789006493178590,1789006493179859,74076,0,1,1,43096,43096,43096
2647,61626802258,1789006493211745,1789006493213216,74076,0,1,1,43488,43488,43488
2648,61626835567,1789006493245268,1789006493247412,74076,0,1,1,42892,42892,42892
2649,61626868875,1789006493278405,1789006493279643,74076,0,1,1,43685,43685,43685
2650,61626902184,1789006493311580,1789006493313184,74076,0,1,1,43610,43610,43610
2651,61626935493,1789006493345355,1789006493347568,74076,0,1,1,43656,43656,43656
2652,61626968801,1789006493378738,1789006493380486,74076,0,1,1,42854,42854,42854
2653,61627002110,1789006493411623,1789006493413029,74076,0,1,1,42834,42834,42834
2654,61627035418,1789006493444858,1789006493446912,74076,0,1,1,42647,42647,42647
2655,61627068727,1789006493478782,1789006493480376,74076,0,1,1,43574,43574,43574
2656,61627102036,1789006493511573,1789006493513022,74076,0,1,1,43571,43571,43571
2657,61627135344,1789006493544713,1789006493546615,74076,0,1,1,42818,42818,42818
2658,61627168653,1789006493578311,1789006493579928,74076,0,1,1,43468,43468,43468
2659,61627201961,1789006493611558,1789006493612956,74076,0,1,1,42463,42463,42463
2660,61627235270,1789006493644723,1789006493646236,74076,0,1,1,42440,42440,42440
2661,61627268579,1789006493678473,1789006493680086,74076,0,1,1,42722,42722,42722
2662,61627301887,1789006493711438,1789006493712865,74076,0,1,1,43393,43393,43393
2663,61627335196,1789006493744636,1789006493746293,74076,0,1,1,43265,43265,43265
2664,61627368504,1789006493778467,1789006493780156,74076,0,1,1,43190,43190,43190
2665,61627401813,1789006493811398,1789006493812742,74076,0,1,1,43304,43304,43304
2666,61627435122,1789006493844525,1789006493845982,74076,0,1,1,43410,43410,43410
2667,61627468430,1789006493877854,1789006493879258,74076,0,1,1,43548,43548,43548
2668,61627501739,1789006493911326,1789006493912784,74076,0,1,1,42343,42343,42343
2669,61627535047,1789006493944537,1789006493946004,74076,0,1,1,42693,42693,42693
2670,61627568356,1789006493978302,1789006493979873,74076,0,1,1,42837,42837,42837
2671,61627601665,1789006494011142,1789006494012544,74076,0,1,1,43616,43616,43616
2672,61627634973,1789006494044509,1789006494045947,74076,0,1,1,43395,43395,43395
2673,61627668282,1789006494077702,1789006494079051,74076,0,1,1,43593,43593,43593
2674,61627701590,1789006494111152,1789006494112549,74076,0,1,1,43302,43302,43302
2675,61627734899,1789006494144407,1789006494145915,74076,0,1,1,42877,42877,42877
2676,61627768208,1789006494177792,1789006494179162,74076,0,1,1,42987,42987,42987
2677,61627801516,1789006494211027,1789006494212478,74076,0,1,1,42919,42919,42919
2678,61627834825,1789006494244403,1789006494245705,74076,0,1,1,43678,43678,43678
2679,61627868133,1789006494278063,1789006494279755,74076,0,1,1,43033,43033,43033
2680,61627901442,1789006494311016,1789006494312425,74076,0,1,1,43043,43043,43043
2681,61627934751,1789006494344087,1789006494345847,74076,0,1,1,43133,43133,43133
2682,61627968059,1789006494378044,1789006494379604,74076,0,1,1,43824,43824,43824
2683,61628001368,1789006494410895,1789006494412458,74076,0,1,1,43869,43869,43869
2684,61628034676,1789006494444126,1789006494445736,74076,0,1,1,43251,43251,43251
2685,61628067985,1789006494477463,1789006494478701,74076,0,1,1,43216,43216,43216
2686,61628101294,1789006494511170,1789006494512686,74076,0,1,1,43299,43299,43299
2687,61628134602,1789006494543998,1789006494545412,74076,0,1,1,43290,43290,43290
2688,61628167911,1789006494577458,1789006494578940,74076,0,1,1,43448,43448,43448
2689,61628201219,1789006494611151,1789006494612686,74076,0,1,1,43878,43878,43878
2690,61628234528,1789006494643921,1789006494645398,74076,0,1,1,43348,43348,43348
2691,61628267837,1789006494677299,1789006494678887,74076,0,1,1,43331,43331,43331
2692,61628301145,1789006494711145,1789006494713433,74076,0,1,1,43226,43226,43226
2693,61628334454,1789006494743849,1789006494745373,74076,0,1,1,44019,44019,44019
2694,61628367762,1789006494777243,1789006494778664,74076,0,1,1,43301,43301,43301
2695,61628401071,1789006494810611,1789006494812024,74076,0,1,1,43328,43328,43328
2696,61628434380,1789006494843848,1789006494845357,74076,0,1,1,43323,43323,43323
2697,61628467688,1789006494877220,1789006494878549,74076,0,1,1,43378,43378,43378
2698,61628500997,1789006494911143,1789006494912642,74076,0,1,1,43270,43270,43270
2699,61628534305,1789006494943807,1789006494945317,74076,0,1,1,43904,43904,43904
2700,61628567614,1789006494977160,1789006494978594,74076,0,1,1,43333,43333,43333
2701,61628600923,1789006495010461,1789006495012226,74076,0,1,1,43293,43293,43293
2702,61628634231,1789006495043729,1789006495045260,74076,0,1,1,43380,43380,43380
2703,61628667540,1789006495077068,1789006495078425,74076,0,1,1,44168,44168,44168
2704,61628700848,1789006495110602,1789006495112191,74076,0,1,1,44100,44100,44100
2705,61628734157,1789006495143779,1789006495145206,74076,0,1,1,43495,43495,43495
2706,61628767466,1789006495177017,1789006495178442,74076,0,1,1,44281,44281,44281
2707,61628800774,1789006495210337,1789006495211590,74076,0,1,1,43203,43203,43203
2708,61628834083,1789006495243502,1789006495245043,74076,0,1,1,43547,43547,43547
2709,61628867391,1789006495276941,1789006495278350,74076,0,1,1,44188,44188,44188
2710,61628900700,1789006495310533,1789006495312126,74076,0,1,1,43369,43369,43369
2711,61628934009,1789006495343603,1789006495345023,74076,0,1,1,44206,44206,44206
2712,61628967317,1789006495376822,1789006495378223,74076,0,1,1,44130,44130,44130
2713,61629000626,1789006495410555,1789006495412121,74076,0,1,1,44242,44242,44242
2714,61629033934,1789006495443321,1789006495444959,74076,0,1,1,44297,44297,44297
2715,61629067243,1789006495476795,1789006495478202,74076,0,1,1,44258,44258,44258
2716,61629100552,1789006495510053,1789006495511503,74076,0,1,1,44280,44280,44280
2717,61629133860,1789006495544792,1789006495545567,74076,0,1,1,43510,43510,43510
2718,61629167169,1789006495576659,1789006495578227,74076,0,1,1,43691,43691,43691
2719,61629200477,1789006495610360,1789006495612226,74076,0,1,1,43454,43454,43454
2720,61629233786,1789006495643801,1789006495645446,74076,0,1,1,44211,44211,44211
2721,61629267095,1789006495676650,1789006495678136,74076,0,1,1,43507,43507,43507
2722,61629300403,1789006495710005,1789006495711337,74076,0,1,1,44220,44220,44220
2723,61629333712,1789006495743626,1789006495745163,74076,0,1,1,44249,44249,44249
2724,61629367020,1789006495776580,1789006495777970,74076,0,1,1,43556,43556,43556
2725,61629400329,1789006495809907,1789006495811184,74076,0,1,1,44299,44299,44299
2726,61629433638,1789006495843155,1789006495844561,74076,0,1,1,43540,43540,43540
2727,61629466946,1789006495876443,1789006495877930,74076,0,1,1,44219,44219,44219
2728,61629500255,1789006495909817,1789006495911247,74076,0,1,1,44198,44198,44198
2729,61629533563,1789006495943573,1789006495945146,74076,0,1,1,44148,44148,44148
2730,61629566872,1789006495976322,1789006495977966,74076,0,1,1,43667,43667,43667
2731,61629600181,1789006496009756,1789006496011217,74076,0,1,1,43579,43579,43579
2732,61629633489,1789006496043011,1789006496045125,74076,0,1,1,44003,44003,44003
2733,61629666798,1789006496076261,1789006496077823,74076,0,1,1,43725,43725,43725
2734,61629700106,1789006496109673,1789006496111086,74076,0,1,1,43435,43435,43435
2735,61629733415,1789006496143790,1789006496146113,74076,0,1,1,43500,43500,43500
2736,61629766724,1789006496176237,1789006496177724,74076,0,1,1,43292,43292,43292
2737,61629800032,1789006496209688,1789006496210942,74076,0,1,1,44132,44132,44132
2738,61629833341,1789006496242920,1789006496244194,74076,0,1,1,44114,44114,44114
2739,61629866649,1789006496276185,1789006496277670,74076,0,1,1,43637,43637,43637
2740,61629899958,1789006496309470,1789006496310869,74076,0,1,1,43537,43537,43537
2741,61629933267,1789006496342851,1789006496344358,74076,0,1,1,44042,44042,44042
2742,61629966575,1789006496376260,1789006496377498,74076,0,1,1,44071,44071,44071
2743,61629999884,1789006496409482,1789006496410694,74076,0,1,1,44071,44071,44071
2744,61630033192,1789006496443478,1789006496445029,74076,0,1,1,43986,43986,43986
2745,61630066501,1789006496476176,1789006496477468,74076,0,1,1,44034,44034,44034
2746,61630099810,1789006496509329,1789006496510526,74076,0,1,1,44262,44262,44262
2747,61630133118,1789006496542971,1789006496545044,74076,0,1,1,43507,43507,43507
2748,61630166427,1789006496576104,1789006496577482,74076,0,1,1,44156,44156,44156
2749,61630199735,1789006496609316,1789006496610652,74076,0,1,1,43416,43416,43416
2750,61630233044,1789006496642557,1789006496643939,74076,0,1,1,44132,44132,44132
2751,61630266353,1789006496677201,1789006496678387,74076,0,1,1,44249,44249,44249
2752,61630299661,1789006496709268,1789006496710581,74076,0,1,1,43465,43465,43465
2753,61630332970,1789006496742419,1789006496743843,74076,0,1,1,44197,44197,44197
2754,61630366278,1789006496776480,1789006496778055,74076,0,1,1,43578,43578,43578
2755,61630399587,1789006496809227,1789006496810597,74076,0,1,1,44194,44194,44194
2756,61630432896,1789006496842404,1789006496843843,74076,0,1,1,44126,44126,44126
2757,61630466204,1789006496876254,1789006496877243,74076,0,1,1,43447,43447,43447
2758,61630499513,1789006496909088,1789006496910494,74076,0,1,1,43997,43997,43997
2759,61630532821,1789006496942400,1789006496943724,74076,0,1,1,44002,44002,44002
2760,61630566130,1789006496975999,1789006496978385,74076,0,1,1,43614,43614,43614
2761,61630599439,1789006497009067,1789006497010361,74076,0,1,1,44138,44138,44138
2762,61630632747,1789006497042263,1789006497043660,74076,0,1,1,43523,43523,43523
2763,61630666056,1789006497076075,1789006497077533,74076,0,1,1,44042,44042,44042
2764,61630699364,1789006497108981,1789006497110264,74076,0,1,1,44231,44231,44231
2765,61630732673,1789006497142238,1789006497143584,74076,0,1,1,44186,44186,44186
2766,61630765982,1789006497175545,1789006497176979,74076,0,1,1,44254,44254,44254
2767,61630799290,1789006497208854,1789006497210126,74076,0,1,1,44091,44091,44091
2768,61630832599,1789006497242122,1789006497243559,74076,0,1,1,43461,43461,43461
2769,61630865907,1789006497275812,1789006497277322,74076,0,1,1,44362,44362,44362
2770,61630899216,1789006497308855,1789006497310244,74076,0,1,1,43496,43496,43496
2771,61630932525,1789006497342131,1789006497343442,74076,0,1,1,43366,43366,43366
2772,61630965833,1789006497375308,1789006497377895,74076,0,1,1,44178,44178,44178
2773,61630999142,1789006497408788,1789006497410161,74076,0,1,1,44091,44091,44091
2774,61631032450,1789006497441971,1789006497443459,74076,0,1,1,43550,43550,43550
2775,61631065759,1789006497475310,1789006497477277,74076,0,1,1,43143,43143,43143
2776,61631099068,1789006497508658,1789006497510022,74076,0,1,1,43484,43484,43484
2777,61631132376,1789006497541981,1789006497543235,74076,0,1,1,44174,44174,44174
2778,61631165685,1789006497575636,1789006497577507,74076,0,1,1,44236,44236,44236
2779,61631198993,1789006497608475,1789006497609851,74076,0,1,1,44015,44015,44015
2780,61631232302,1789006497641946,1789006497643184,74076,0,1,1,43527,43527,43527
2781,61631265611,1789006497675111,1789006497676653,74076,0,1,1,43962,43962,43962
2782,61631298919,1789006497708577,1789006497709944,74076,0,1,1,43889,43889,43889
2783,61631332228,1789006497741814,1789006497743118,74076,0,1,1,44170,44170,44170
2784,61631365536,1789006497775083,1789006497776659,74076,0,1,1,43568,43568,43568
2785,61631398845,1789006497808774,1789006497810333,74076,0,1,1,43453,43453,43453
2786,61631432154,1789006497841575,1789006497843003,74076,0,1,1,43470,43470,43470
2787,61631465462,1789006497875024,1789006497876574,74076,0,1,1,44063,44063,44063
2788,61631498771,1789006497908345,1789006497909782,74076,0,1,1,43474,43474,43474
2789,61631532079,1789006497941687,1789006497943091,74076,0,1,1,44200,44200,44200
2790,61631565388,1789006497974981,1789006497976516,74076,0,1,1,43459,43459,43459
2791,61631598697,1789006498008662,1789006498010265,74076,0,1,1,43422,43422,43422
2792,61631632005,1789006498041567,1789006498043010,74076,0,1,1,44152,44152,44152
2793,61631665314,1789006498075143,1789006498076302,74076,0,1,1,44229,44229,44229
2794,61631698622,1789006498108667,1789006498110176,74076,0,1,1,44275,44275,44275
2795,61631731931,1789006498141535,1789006498142845,74076,0,1,1,44143,44143,44143
2796,61631765240,1789006498174817,1789006498176096,74076,0,1,1,44120,44120,44120
2797,61631798548,1789006498208120,1789006498209658,74076,0,1,1,44059,44059,44059
2798,61631831857,1789006498241644,1789006498242658,74076,0,1,1,43443,43443,43443
2799,61631865165,1789006498274733,1789006498276065,74076,0,1,1,44288,44288,44288
2800,61631898474,1789006498308378,1789006498310180,74076,0,1,1,43466,43466,43466
2801,61631931783,1789006498341416,1789006498342681,74076,0,1,1,43192,43192,43192
2802,61631965091,1789006498374616,1789006498376109,74076,0,1,1,44084,44084,44084
2803,61631998400,1789006498408225,1789006498410184,74076,0,1,1,44042,44042,44042
2804,61632031708,1789006498441283,1789006498442604,74076,0,1,1,43184,43184,43184
2805,61632065017,1789006498474447,1789006498476089,74076,0,1,1,44279,44279,44279
2806,61632098326,1789006498508200,1789006498509744,74076,0,1,1,43420,43420,43420
2807,61632131634,1789006498541177,1789006498542500,74076,0,1,1,44144,44144,44144
2808,61632164943,1789006498574426,1789006498576032,74076,0,1,1,43243,43243,43243
2809,61632198251,1789006498607748,1789006498609238,74076,0,1,1,43436,43436,43436
2810,61632231560,1789006498641102,1789006498642479,74076,0,1,1,44092,44092,44092
2811,61632264869,1789006498674412,1789006498675803,74076,0,1,1,43375,43375,43375
2812,61632298177,1789006498707711,1789006498709251,74076,0,1,1,43402,43402,43402
2813,61632331486,1789006498741400,1789006498743084,74076,0,1,1,43824,43824,43824
2814,61632364794,1789006498774367,1789006498775984,74076,0,1,1,43943,43943,43943
2815,61632398103,1789006498807644,1789006498809045,74076,0,1,1,43732,43732,43732
2816,61632431412,1789006498841481,1789006498843475,74076,0,1,1,43782,43782,43782
2817,61632464720,1789006498874317,1789006498875639,74076,0,1,1,43251,43251,43251
2818,61632498029,1789006498907636,1789006498908984,74076,0,1,1,43317,43317,43317
2819,61632531337,1789006498941370,1789006498942775,74076,0,1,1,44066,44066,44066
2820,61632564646,1789006498974224,1789006498975615,74076,0,1,1,43382,43382,43382
2821,61632597955,1789006499007576,1789006499008971,74076,0,1,1,43801,43801,43801
2822,61632631263,1789006499041262,1789006499042776,74076,0,1,1,43977,43977,43977
2823,61632664572,1789006499074163,1789006499075408,74076,0,1,1,43236,43236,43236
2824,61632697880,1789006499107471,1789006499108852,74076,0,1,1,43935,43935,43935
2825,61632731189,1789006499140851,1789006499142782,74076,0,1,1,43770,43770,43770
2826,61632764498,1789006499174002,1789006499175544,74076,0,1,1,44064,44064,44064
2827,61632797806,1789006499207381,1789006499208813,74076,0,1,1,43751,43751,43751
2828,61632831115,1789006499241140,1789006499242822,74076,0,1,1,42995,42995,42995
2829,61632864423,1789006499274034,1789006499275411,74076,0,1,1,43075,43075,43075
2830,61632897732,1789006499307322,1789006499308708,74076,0,1,1,43893,43893,43893
2831,61632931041,1789006499341051,1789006499342594,74076,0,1,1,43121,43121,43121
2832,61632964349,1789006499373903,1789006499375284,74076,0,1,1,42939,42939,42939
2833,61632997658,1789006499407219,1789006499408654,74076,0,1,1,43622,43622,43622
2834,61633030966,1789006499440834,1789006499442886,74076,0,1,1,43671,43671,43671
2835,61633064275,1789006499473820,1789006499475186,74076,0,1,1,42972,42972,42972
2836,61633097584,1789006499507160,1789006499508590,74076,0,1,1,42694,42694,42694
2837,61633130892,1789006499540962,1789006499542475,74076,0,1,1,42979,42979,42979
2838,61633164201,1789006499573761,1789006499575142,74076,0,1,1,43098,43098,43098
2839,61633197509,1789006499607042,1789006499608808,74076,0,1,1,42835,42835,42835
2840,61633230818,1789006499640400,1789006499642385,74076,0,1,1,43007,43007,43007
2841,61633264127,1789006499673684,1789006499675206,74076,0,1,1,43816,43816,43816
2842,61633297435,1789006499706953,1789006499708376,74076,0,1,1,43649,43649,43649
2843,61633330744,1789006499740759,1789006499742384,74076,0,1,1,43737,43737,43737
2844,61633364052,1789006499773711,1789006499775005,74076,0,1,1,44083,44083,44083
2845,61633397361,1789006499806894,1789006499808343,74076,0,1,1,43979,43979,43979
2846,61633430670,1789006499840284,1789006499841731,74076,0,1,1,43039,43039,43039
2847,61633463978,1789006499873561,1789006499874985,74076,0,1,1,43272,43272,43272
2848,61633497287,1789006499906771,1789006499908316,74076,0,1,1,43715,43715,43715
2849,61633530595,1789006499940201,1789006499941697,74076,0,1,1,43102,43102,43102
2850,61633563904,1789006499973931,1789006499975538,74076,0,1,1,43945,43945,43945
2851,61633597213,1789006500006734,1789006500008243,74076,0,1,1,43162,43162,43162
2852,61633630521,1789006500040094,1789006500041506,74076,0,1,1,43247,43247,43247
2853,61633663830,1789006500073828,1789006500075596,74076,0,1,1,43185,43185,43185
2854,61633697138,1789006500106725,1789006500108192,74076,0,1,1,43334,43334,43334
2855,61633730447,1789006500140083,1789006500141408,74076,0,1,1,43973,43973,43973
2856,61633763756,1789006500173604,1789006500175778,74076,0,1,1,43364,43364,43364
2857,61633797064,1789006500206633,1789006500208181,74076,0,1,1,44017,44017,44017
2858,61633830373,1789006500240011,1789006500241462,74076,0,1,1,44377,44377,44377
2859,61633863681,1789006500273242,1789006500274969,74076,0,1,1,44359,44359,44359
2860,61633896990,1789006500306614,1789006500307973,74076,0,1,1,44186,44186,44186
2861,61633930299,1789006500339968,1789006500341397,74076,0,1,1,43883,43883,43883
2862,61633963607,1789006500373674,1789006500375423,74076,0,1,1,44160,44160,44160
2863,61633996916,1789006500406433,1789006500408740,74076,0,1,1,43308,43308,43308
2864,61634030224,1789006500439836,1789006500441349,74076,0,1,1,44078,44078,44078
2865,61634063533,1789006500473482,1789006500475407,74076,0,1,1,43627,43627,43627
2866,61634096842,1789006500506344,1789006500507831,74076,0,1,1,43534,43534,43534
2867,61634130150,1789006500539800,1789006500541282,74076,0,1,1,44058,44058,44058
2868,61634163459,1789006500573044,1789006500574637,74076,0,1,1,44262,44262,44262
2869,61634196767,1789006500606323,1789006500607684,74076,0,1,1,43469,43469,43469
2870,61634230076,1789006500639723,1789006500641224,74076,0,1,1,43452,43452,43452
2871,61634263385,1789006500673014,1789006500674421,74076,0,1,1,44097,44097,44097
2872,61634296693,1789006500706251,1789006500707579,74076,0,1,1,43318,43318,43318
2873,61634330002,1789006500739687,1789006500741100,74076,0,1,1,43478,43478,43478
2874,61634363310,1789006500773317,1789006500774852,74076,0,1,1,43991,43991,43991
2875,61634396619,1789006500806391,1789006500807540,74076,0,1,1,43320,43320,43320
2876,61634429928,1789006500839478,1789006500841016,74076,0,1,1,43309,43309,43309
2877,61634463236,1789006500872780,1789006500874199,74076,0,1,1,44004,44004,44004
2878,61634496545,1789006500906423,1789006500908385,74076,0,1,1,43212,43212,43212
2879,61634529853,1789006500939460,1789006500940935,74076,0,1,1,43266,43266,43266
2880,61634563162,1789006500972828,1789006500974290,74076,0,1,1,43248,43248,43248
2881,61634596471,1789006501006993,1789006501008495,74076,0,1,1,44026,44026,44026
2882,61634629779,1789006501039368,1789006501040907,74076,0,1,1,43184,43184,43184
2883,61634663088,1789006501072830,1789006501074599,74076,0,1,1,43785,43785,43785
2884,61634696396,1789006501106551,1789006501108211,74076,0,1,1,43229,43229,43229
2885,61634729705,1789006501139233,1789006501140863,74076,0,1,1,43268,43268,43268
2886,61634763014,1789006501172646,1789006501174270,74076,0,1,1,43954,43954,43954
2887,61634796322,1789006501206905,1789006501208502,74076,0,1,1,43038,43038,43038
2888,61634829631,1789006501239262,1789006501240734,74076,0,1,1,43275,43275,43275
2889,61634862939,1789006501272575,1789006501273938,74076,0,1,1,43267,43267,43267
2890,61634896248,1789006501306556,1789006501308194,74076,0,1,1,43094,43094,43094
2891,61634929557,1789006501339223,1789006501340651,74076,0,1,1,44070,44070,44070
2892,61634962865,1789006501372500,1789006501373960,74076,0,1,1,43260,43260,43260
2893,61634996174,1789006501406174,1789006501407983,74076,0,1,1,43324,43324,43324
2894,61635029482,1789006501439096,1789006501440608,74076,0,1,1,43880,43880,43880
2895,61635062791,1789006501472430,1789006501473912,74076,0,1,1,43968,43968,43968
2896,61635096100,1789006501506141,1789006501508212,74076,0,1,1,43857,43857,43857
2897,61635129408,1789006501538993,1789006501540685,74076,0,1,1,43732,43732,43732
2898,61635162717,1789006501572308,1789006501573723,74076,0,1,1,43161,43161,43161
2899,61635196025,1789006501607043,1789006501608706,74076,0,1,1,43746,43746,43746
2900,61635229334,1789006501638754,1789006501640358,74076,0,1,1,43740,43740,43740
2901,61635262643,1789006501672283,1789006501673715,74076,0,1,1,43134,43134,43134
2902,61635295951,1789006501705961,1789006501707706,74076,0,1,1,43020,43020,43020
2903,61635329260,1789006501738862,1789006501740382,74076,0,1,1,43452,43452,43452
2904,61635362568,1789006501772221,1789006501773664,74076,0,1,1,42955,42955,42955
2905,61635395877,1789006501805369,1789006501807047,74076,0,1,1,43605,43605,43605
2906,61635429186,1789006501838765,1789006501840411,74076,0,1,1,42744,42744,42744
2907,61635462494,1789006501872132,1789006501873608,74076,0,1,1,42818,42818,42818
2908,61635495803,1789006501905315,1789006501906907,74076,0,1,1,42630,42630,42630
2909,61635529111,1789006501938897,1789006501940309,74076,0,1,1,43406,43406,43406
2910,61635562420,1789006501972003,1789006501973516,74076,0,1,1,43306,43306,43306
2911,61635595729,1789006502005355,1789006502007997,74076,0,1,1,42692,42692,42692
2912,61635629037,1789006502039221,1789006502040549,74076,0,1,1,43332,43332,43332
2913,61635662346,1789006502072012,1789006502073360,74076,0,1,1,42570,42570,42570
2914,61635695654,1789006502105251,1789006502106824,74076,0,1,1,42527,42527,42527
2915,61635728963,1789006502139122,1789006502140655,74076,0,1,1,43412,43412,43412
2916,61635762272,1789006502171929,1789006502173197,74076,0,1,1,43344,43344,43344
2917,61635795580,1789006502205159,1789006502206617,74076,0,1,1,42425,42425,42425
2918,61635828889,1789006502239063,1789006502240566,74076,0,1,1,43161,43161,43161
2919,61635862197,1789006502271811,1789006502273404,74076,0,1,1,43493,43493,43493
2920,61635895506,1789006502305150,1789006502306502,74076,0,1,1,42602,42602,42602
2921,61635928815,1789006502338765,1789006502340507,74076,0,1,1,43535,43535,43535
2922,61635962123,1789006502371683,1789006502373311,74076,0,1,1,43597,43597,43597
2923,61635995432,1789006502405063,1789006502406535,74076,0,1,1,43114,43114,43114
2924,61636028740,1789006502438951,1789006502440567,74076,0,1,1,42661,42661,42661
2925,61636062049,1789006502471757,1789006502473053,74076,0,1,1,43500,43500,43500
2926,61636095358,1789006502504969,1789006502506599,74076,0,1,1,42907,42907,42907
2927,61636128666,1789006502538746,1789006502540305,74076,0,1,1,43673,43673,43673
2928,61636161975,1789006502571568,1789006502573003,74076,0,1,1,43783,43783,43783
2929,61636195283,1789006502604895,1789006502606377,74076,0,1,1,43032,43032,43032
2930,61636228592,1789006502638721,1789006502640338,74076,0,1,1,42875,42875,42875
2931,61636261901,1789006502671576,1789006502673022,74076,0,1,1,43155,43155,43155
2932,61636295209,1789006502704796,1789006502706263,74076,0,1,1,43303,43303,43303
2933,61636328518,1789006502738588,1789006502740258,74076,0,1,1,43645,43645,43645
2934,61636361826,1789006502771661,1789006502772959,74076,0,1,1,43780,43780,43780
2935,61636395135,1789006502804720,1789006502806367,74076,0,1,1,43415,43415,43415
2936,61636428444,1789006502838541,1789006502840492,74076,0,1,1,43390,43390,43390
2937,61636461752,1789006502871749,1789006502872784,74076,0,1,1,44289,44289,44289
2938,61636495061,1789006502904684,1789006502906127,74076,0,1,1,43412,43412,43412
2939,61636528369,1789006502938041,1789006502939497,74076,0,1,1,43245,43245,43245
2940,61636561678,1789006502971571,1789006502972821,74076,0,1,1,43418,43418,43418
2941,61636594987,1789006503004614,1789006503006085,74076,0,1,1,43867,43867,43867
2942,61636628295,1789006503038463,1789006503040150,74076,0,1,1,43383,43383,43383
2943,61636661604,1789006503072418,1789006503073898,74076,0,1,1,43469,43469,43469
2944,61636694912,1789006503104569,1789006503106031,74076,0,1,1,43947,43947,43947
2945,61636728221,1789006503137901,1789006503139329,74076,0,1,1,43343,43343,43343
2946,61636761530,1789006503171927,1789006503173422,74076,0,1,1,44162,44162,44162
2947,61636794838,1789006503204570,1789006503206048,74076,0,1,1,43235,43235,43235
2948,61636828147,1789006503237751,1789006503239302,74076,0,1,1,43016,43016,43016
2949,61636861455,1789006503272065,1789006503273553,74076,0,1,1,43670,43670,43670
2950,61636894764,1789006503304423,1789006503305857,74076,0,1,1,42610,42610,42610
2951,61636928073,1789006503337775,1789006503339314,74076,0,1,1,42640,42640,42640
2952,61636961381,1789006503371533,1789006503373492,74076,0,1,1,42352,42352,42352
2953,61636994690,1789006503404354,1789006503405793,74076,0,1,1,42074,42074,42074
2954,61637027998,1789006503437692,1789006503439097,74076,0,1,1,41915,41915,41915
2955,61637061307,1789006503471435,1789006503473049,74076,0,1,1,41827,41827,41827
2956,61637094616,1789006503504282,1789006503505719,74076,0,1,1,41955,41955,41955
2957,61637127924,1789006503537619,1789006503539140,74076,0,1,1,41212,41212,41212
2958,61637161233,1789006503571494,1789006503572982,74076,0,1,1,41770,41770,41770
2959,61637194541,1789006503604099,1789006503605589,74076,0,1,1,41576,41576,41576
2960,61637227850,1789006503637534,1789006503638883,74076,0,1,1,40890,40890,40890
2961,61637261159,1789006503671134,1789006503672652,74076,0,1,1,40991,40991,40991
2962,61637294467,1789006503704114,1789006503705487,74076,0,1,1,41526,41526,41526
2963,61637327776,1789006503737387,1789006503738904,74076,0,1,1,40630,40630,40630
2964,61637361084,1789006503771232,1789006503772738,74076,0,1,1,40555,40555,40555
2965,61637394393,1789006503803913,1789006503805538,74076,0,1,1,40722,40722,40722
2966,61637427702,1789006503837369,1789006503838729,74076,0,1,1,41438,41438,41438
2967,61637461010,1789006503870703,1789006503872154,74076,0,1,1,41257,41257,41257
2968,61637494319,1789006503903930,1789006503905489,74076,0,1,1,40514,40514,40514
2969,61637527627,1789006503937367,1789006503938818,74076,0,1,1,41369,41369,41369
2970,61637560936,1789006503970577,1789006503971912,74076,0,1,1,40519,40519,40519
2971,61637594245,1789006504003935,1789006504005287,74076,0,1,1,41266,41266,41266
2972,61637627553,1789006504037151,1789006504038540,74076,0,1,1,41344,41344,41344
2973,61637660862,1789006504070560,1789006504071780,74076,0,1,1,41503,41503,41503
2974,61637694170,1789006504104046,1789006504105402,74076,0,1,1,40401,40401,40401
2975,61637727479,1789006504137162,1789006504138545,74076,0,1,1,41235,41235,41235
2976,61637760788,1789006504170430,1789006504171826,74076,0,1,1,40616,40616,40616
2977,61637794096,1789006504204196,1789006504205825,74076,0,1,1,40637,40637,40637
2978,61637827405,1789006504237088,1789006504238430,74076,0,1,1,41337,41337,41337
2979,61637860713,1789006504270415,1789006504271724,74076,0,1,1,40724,40724,40724
2980,61637894022,1789006504304326,1789006504305806,74076,0,1,1,40698,40698,40698
2981,61637927331,1789006504336993,1789006504338357,74076,0,1,1,41063,41063,41063
2982,61637960639,1789006504370341,1789006504371944,74076,0,1,1,41935,41935,41935
2983,61637993948,1789006504404103,1789006504405710,74076,0,1,1,41018,41018,41018
2984,61638027256,1789006504436927,1789006504438290,74076,0,1,1,41370,41370,41370
2985,61638060565,1789006504470274,1789006504471561,74076,0,1,1,42316,42316,42316
2986,61638093874,1789006504503503,1789006504505484,74076,0,1,1,42264,42264,42264
2987,61638127182,1789006504536821,1789006504538233,74076,0,1,1,42446,42446,42446
2988,61638160491,1789006504570070,1789006504571543,74076,0,1,1,42662,42662,42662
2989,61638193799,1789006504603874,1789006504605483,74076,0,1,1,43000,43000,43000
2990,61638227108,1789006504636820,1789006504641032,74076,0,1,1,42129,42129,42129
2991,61638260417,1789006504670055,1789006504671347,74076,0,1,1,42284,42284,42284
2992,61638293725,1789006504703351,1789006504705471,74076,0,1,1,42543,42543,42543
2993,61638327034,1789006504736707,1789006504738208,74076,0,1,1,42626,42626,42626
2994,61638360342,1789006504770064,1789006504771403,74076,0,1,1,43554,43554,43554
2995,61638393651,1789006504803471,1789006504805317,74076,0,1,1,42447,42447,42447
2996,61638426960,1789006504836678,1789006504838009,74076,0,1,1,43501,43501,43501
2997,61638460268,1789006504869893,1789006504871165,74076,0,1,1,42904,42904,42904
2998,61638493577,1789006504903566,1789006504905697,74076,0,1,1,43629,43629,43629
2999,61638526885,1789006504936495,1789006504938033,74076,0,1,1,43020,43020,43020
3000,61638560194,1789006504969842,1789006504971420,74076,0,1,1,43019,43019,43019
3001,61638593503,1789006505003672,1789006505005194,74076,0,1,1,43078,43078,43078
3002,61638626811,1789006505036415,1789006505037901,74076,0,1,1,43058,43058,43058
3003,61638660120,1789006505069848,1789006505071126,74076,0,1,1,43233,43233,43233
3004,61638693428,1789006505102945,1789006505104585,74076,0,1,1,43703,43703,43703
3005,61638726737,1789006505136430,1789006505137923,74076,0,1,1,43591,43591,43591
3006,61638760046,1789006505169768,1789006505171178,74076,0,1,1,43933,43933,43933
3007,61638793354,1789006505203056,1789006505204481,74076,0,1,1,43675,43675,43675
3008,61638826663,1789006505236471,1789006505238021,74076,0,1,1,44029,44029,44029
3009,61638859971,1789006505269688,1789006505270863,74076,0,1,1,43848,43848,43848
3010,61638893280,1789006505303436,1789006505305536,74076,0,1,1,43808,43808,43808
3011,61638926589,1789006505336824,1789006505338223,74076,0,1,1,43073,43073,43073
3012,61638959897,1789006505369587,1789006505371026,74076,0,1,1,43098,43098,43098
3013,61638993206,1789006505402889,1789006505404367,74076,0,1,1,43862,43862,43862
3014,61639026514,1789006505437054,1789006505438427,74076,0,1,1,43717,43717,43717
3015,61639059823,1789006505469508,1789006505470855,74076,0,1,1,43600,43600,43600
3016,61639093132,1789006505502815,1789006505504177,74076,0,1,1,42787,42787,42787
3017,61639126440,1789006505536694,1789006505538304,74076,0,1,1,42771,42771,42771
3018,61639159749,1789006505569450,1789006505570963,74076,0,1,1,42687,42687,42687
3019,61639193057,1789006505602695,1789006505604491,74076,0,1,1,43330,43330,43330
3020,61639226366,1789006505636188,1789006505637877,74076,0,1,1,42563,42563,42563
3021,61639259675,1789006505669272,1789006505670661,74076,0,1,1,42597,42597,42597
3022,61639292983,1789006505702524,1789006505704022,74076,0,1,1,42305,42305,42305
3023,61639326292,1789006505736648,1789006505738248,74076,0,1,1,42377,42377,42377
3024,61639359600,1789006505769361,1789006505770892,74076,0,1,1,42634,42634,42634
3025,61639392909,1789006505802558,1789006505804024,74076,0,1,1,42516,42516,42516
3026,61639426218,1789006505836004,1789006505838028,74076,0,1,1,42540,42540,42540
3027,61639459526,1789006505869278,1789006505870406,74076,0,1,1,43178,43178,43178
3028,61639492835,1789006505902524,1789006505904012,74076,0,1,1,42493,42493,42493
3029,61639526143,1789006505936169,1789006505938221,74076,0,1,1,42675,42675,42675
3030,61639559452,1789006505969179,1789006505970352,74076,0,1,1,42772,42772,42772
3031,61639592761,1789006506002385,1789006506003900,74076,0,1,1,43407,43407,43407
3032,61639626069,1789006506035785,1789006506037230,74076,0,1,1,43629,43629,43629
3033,61639659378,1789006506069156,1789006506070371,74076,0,1,1,43859,43859,43859
3034,61639692686,1789006506102337,1789006506103644,74076,0,1,1,43695,43695,43695
3035,61639725995,1789006506135719,1789006506137160,74076,0,1,1,43133,43133,43133
3036,61639759304,1789006506169028,1789006506170321,74076,0,1,1,44041,44041,44041
3037,61639792612,1789006506202299,1789006506203541,74076,0,1,1,43367,43367,43367
3038,61639825921,1789006506235503,1789006506237191,74076,0,1,1,43579,43579,43579
3039,61639859229,1789006506268894,1789006506270331,74076,0,1,1,43429,43429,43429
3040,61639892538,1789006506302287,1789006506303469,74076,0,1,1,43494,43494,43494
3041,61639925847,1789006506335554,1789006506337144,74076,0,1,1,44249,44249,44249
3042,61639959155,1789006506369191,1789006506370209,74076,0,1,1,43433,43433,43433
3043,61639992464,1789006506402086,1789006506403453,74076,0,1,1,43384,43384,43384
3044,61640025772,1789006506435379,1789006506437084,74076,0,1,1,43491,43491,43491
3045,61640059081,1789006506469119,1789006506470640,74076,0,1,1,43531,43531,43531
3046,61640092390,1789006506502122,1789006506503405,74076,0,1,1,43445,43445,43445
3047,61640125698,1789006506535385,1789006506536833,74076,0,1,1,43328,43328,43328
3048,61640159007,1789006506569024,1789006506570883,74076,0,1,1,44137,44137,44137
3049,61640192315,1789006506601987,1789006506603375,74076,0,1,1,43433,43433,43433
3050,61640225624,1789006506635265,1789006506636899,74076,0,1,1,44162,44162,44162
3051,61640258933,1789006506668924,1789006506670775,74076,0,1,1,44036,44036,44036
3052,61640292241,1789006506701916,1789006506703188,74076,0,1,1,43486,43486,43486
3053,61640325550,1789006506735106,1789006506736636,74076,0,1,1,43356,43356,43356
3054,61640358858,1789006506768930,1789006506770484,74076,0,1,1,43491,43491,43491
3055,61640392167,1789006506801724,1789006506803106,74076,0,1,1,43259,43259,43259
3056,61640425476,1789006506835178,1789006506836751,74076,0,1,1,43139,43139,43139
3057,61640458784,1789006506868793,1789006506870257,74076,0,1,1,44025,44025,44025
3058,61640492093,1789006506901835,1789006506903118,74076,0,1,1,42921,42921,42921
3059,61640525401,1789006506935102,1789006506936681,74076,0,1,1,42789,42789,42789
3060,61640558710,1789006506968817,1789006506970239,74076,0,1,1,43321,43321,43321
3061,61640592019,1789006507001697,1789006507003197,74076,0,1,1,43279,43279,43279
3062,61640625327,1789006507035033,1789006507036521,74076,0,1,1,43301,43301,43301
3063,61640658636,1789006507068383,1789006507070437,74076,0,1,1,42429,42429,42429
3064,61640691944,1789006507101635,1789006507103100,74076,0,1,1,42279,42279,42279
3065,61640725253,1789006507134950,1789006507136429,74076,0,1,1,42327,42327,42327
3066,61640758562,1789006507168636,1789006507170183,74076,0,1,1,42453,42453,42453
3067,61640791870,1789006507201575,1789006507203017,74076,0,1,1,42389,42389,42389
3068,61640825179,1789006507234943,1789006507236643,74076,0,1,1,43153,43153,43153
3069,61640858487,1789006507268584,1789006507270000,74076,0,1,1,43057,43057,43057
3070,61640891796,1789006507301572,1789006507302694,74076,0,1,1,43280,43280,43280
3071,61640925105,1789006507334782,1789006507336180,74076,0,1,1,43312,43312,43312
3072,61640958413,1789006507368105,1789006507369593,74076,0,1,1,43330,43330,43330
3073,61640991722,1789006507401458,1789006507402777,74076,0,1,1,42651,42651,42651
3074,61641025030,1789006507434948,1789006507436188,74076,0,1,1,43660,43660,43660
3075,61641058339,1789006507468018,1789006507469467,74076,0,1,1,43772,43772,43772
3076,61641091648,1789006507501786,1789006507503643,74076,0,1,1,43729,43729,43729
3077,61641124956,1789006507534580,1789006507536132,74076,0,1,1,42873,42873,42873
3078,61641158265,1789006507567972,1789006507569954,74076,0,1,1,43111,43111,43111
3079,61641191573,1789006507601727,1789006507603422,74076,0,1,1,43131,43131,43131
3080,61641224882,1789006507634542,1789006507635988,74076,0,1,1,42777,42777,42777
3081,61641258191,1789006507667870,1789006507669461,74076,0,1,1,43206,43206,43206
3082,61641291499,1789006507701712,1789006507703300,74076,0,1,1,43252,43252,43252
3083,61641324808,1789006507734382,1789006507735821,74076,0,1,1,43178,43178,43178
3084,61641358116,1789006507767812,1789006507769378,74076,0,1,1,43470,43470,43470
3085,61641391425,1789006507801053,1789006507802294,74076,0,1,1,44089,44089,44089
3086,61641424734,1789006507834575,1789006507835855,74076,0,1,1,44187,44187,44187
3087,61641458042,1789006507867731,1789006507869531,74076,0,1,1,44074,44074,44074
3088,61641491351,1789006507901025,1789006507902298,74076,0,1,1,43486,43486,43486
3089,61641524659,1789006507934360,1789006507935633,74076,0,1,1,43449,43449,43449
3090,61641557968,1789006507967660,1789006507969013,74076,0,1,1,44191,44191,44191
3091,61641591277,1789006508001031,1789006508002328,74076,0,1,1,44126,44126,44126
3092,61641624585,1789006508034153,1789006508035305,74076,0,1,1,43625,43625,43625
3093,61641657894,1789006508067793,1789006508068811,74076,0,1,1,44064,44064,44064
3094,61641691202,1789006508100885,1789006508102381,74076,0,1,1,43930,43930,43930
3095,61641724511,1789006508134148,1789006508135873,74076,0,1,1,43452,43452,43452
3096,61641757820,1789006508167576,1789006508168858,74076,0,1,1,43431,43431,43431
3097,61641791128,1789006508201290,1789006508202834,74076,0,1,1,43461,43461,43461
3098,61641824437,1789006508234159,1789006508235469,74076,0,1,1,43554,43554,43554
3099,61641857745,1789006508267070,1789006508268232,74076,0,1,1,43500,43500,43500
3100,61641891054,1789006508300390,1789006508301509,74076,0,1,1,43460,43460,43460
3101,61641924363,1789006508333838,1789006508334816,74076,0,1,1,43507,43507,43507
3102,61641957671,1789006508367106,1789006508368303,74076,0,1,1,43354,43354,43354
3103,61641990980,1789006508400321,1789006508401643,74076,0,1,1,44089,44089,44089
3104,61642024288,1789006508433776,1789006508434947,74076,0,1,1,43257,43257,43257
3105,61642057597,1789006508467009,1789006508468267,74076,0,1,1,43942,43942,43942
3106,61642090906,1789006508500348,1789006508501462,74076,0,1,1,43852,43852,43852
3107,61642124214,1789006508533586,1789006508534798,74076,0,1,1,43763,43763,43763
3108,61642157523,1789006508566948,1789006508568221,74076,0,1,1,44112,44112,44112
3109,61642190831,1789006508600236,1789006508601486,74076,0,1,1,43320,43320,43320
3110,61642224140,1789006508633521,1789006508634756,74076,0,1,1,43967,43967,43967
3111,61642257449,1789006508666847,1789006508668044,74076,0,1,1,44034,44034,44034
3112,61642290757,1789006508700154,1789006508701411,74076,0,1,1,43238,43238,43238
3113,61642324066,1789006508733412,1789006508734624,74076,0,1,1,44116,44116,44116
3114,61642357374,1789006508766692,1789006508767997,74076,0,1,1,43519,43519,43519
3115,61642390683,1789006508800175,1789006508801424,74076,0,1,1,43817,43817,43817
3116,61642423992,1789006508833359,1789006508834625,74076,0,1,1,44015,44015,44015
3117,61642457300,1789006508866746,1789006508867919,74076,0,1,1,43490,43490,43490
3118,61642490609,1789006508900055,1789006508901255,74076,0,1,1,44170,44170,44170
3119,61642523917,1789006508933278,1789006508934496,74076,0,1,1,44176,44176,44176
3120,61642557226,1789006508966587,1789006508967780,74076,0,1,1,43422,43422,43422
3121,61642590535,1789006508999890,1789006509001185,74076,0,1,1,43416,43416,43416
3122,61642623843,1789006509033226,1789006509034459,74076,0,1,1,43506,43506,43506
3123,61642657152,1789006509066550,1789006509067745,74076,0,1,1,44206,44206,44206
3124,61642690460,1789006509099904,1789006509101046,74076,0,1,1,43546,43546,43546
3125,61642723769,1789006509133152,1789006509134419,74076,0,1,1,44263,44263,44263
3126,61642757078,1789006509166432,1789006509167695,74076,0,1,1,44048,44048,44048
3127,61642790386,1789006509199818,1789006509201203,74076,0,1,1,43517,43517,43517
3128,61642823695,1789006509233171,1789006509234582,74076,0,1,1,43509,43509,43509
3129,61642857003,1789006509266552,1789006509268111,74076,0,1,1,43380,43380,43380
3130,61642890312,1789006509300142,1789006509303006,74076,0,1,1,44324,44324,44324
3131,61642923621,1789006509333347,1789006509335049,74076,0,1,1,44236,44236,44236
3132,61642956929,1789006509366609,1789006509368359,74076,0,1,1,44282,44282,44282
3133,61642990238,1789006509399945,1789006509401403,74076,0,1,1,43378,43378,43378
3134,61643023546,1789006509433226,1789006509434492,74076,0,1,1,44134,44134,44134
3135,61643056855,1789006509466553,1789006509468218,74076,0,1,1,44075,44075,44075
3136,61643090164,1789006509500136,1789006509501449,74076,0,1,1,43499,43499,43499
3137,61643123472,1789006509533383,1789006509534492,74076,0,1,1,44159,44159,44159
3138,61643156781,1789006509566358,1789006509567822,74076,0,1,1,43447,43447,43447
3139,61643190089,1789006509599859,1789006509601490,74076,0,1,1,43377,43377,43377
3140,61643223398,1789006509636637,1789006509637041,74076,0,1,1,44035,44035,44035
3141,61643256707,1789006509666415,1789006509668060,74076,0,1,1,43509,43509,43509
3142,61643290015,1789006509699714,1789006509700926,74076,0,1,1,44187,44187,44187
3143,61643323324,1789006509733243,1789006509734354,74076,0,1,1,44003,44003,44003
3144,61643356632,1789006509766336,1789006509767996,74076,0,1,1,43344,43344,43344
3145,61643389941,1789006509799526,1789006509800812,74076,0,1,1,43749,43749,43749
3146,61643423250,1789006509833394,1789006509835851,74076,0,1,1,43486,43486,43486
3147,61643456558,1789006509866486,1789006509867779,74076,0,1,1,43205,43205,43205
3148,61643489867,1789006509899526,1789006509900695,74076,0,1,1,43049,43049,43049
3149,61643523175,1789006509932878,1789006509934472,74076,0,1,1,43211,43211,43211
3150,61643556484,1789006509966366,1789006509968126,74076,0,1,1,43910,43910,43910
3151,61643589793,1789006509999338,1789006510000920,74076,0,1,1,43480,43480,43480
3152,61643623101,1789006510033068,1789006510034160,74076,0,1,1,43934,43934,43934
3153,61643656410,1789006510066187,1789006510067618,74076,0,1,1,43253,43253,43253
3154,61643689718,1789006510099524,1789006510100962,74076,0,1,1,43361,43361,43361
3155,61643723027,1789006510132828,1789006510134508,74076,0,1,1,44263,44263,44263
3156,61643756336,1789006510165879,1789006510167100,74076,0,1,1,44075,44075,44075
3157,61643789644,1789006510199495,1789006510200940,74076,0,1,1,43578,43578,43578
3158,61643822953,1789006510232613,1789006510234124,74076,0,1,1,43522,43522,43522
3159,61643856261,1789006510265982,1789006510269458,74076,0,1,1,43504,43504,43504
3160,61643889570,1789006510299324,1789006510301606,74076,0,1,1,43571,43571,43571
3161,61643922879,1789006510332587,1789006510334350,74076,0,1,1,43639,43639,43639
3162,61643956187,1789006510365871,1789006510367815,74076,0,1,1,44224,44224,44224
3163,61643989496,1789006510399367,1789006510401871,74076,0,1,1,44226,44226,44226
3164,61644022804,1789006510432604,1789006510433917,74076,0,1,1,44461,44461,44461
3165,61644056113,1789006510465968,1789006510467353,74076,0,1,1,44048,44048,44048
3166,61644089422,1789006510500703,1789006510501516,74076,0,1,1,43545,43545,43545
3167,61644122730,1789006510532505,1789006510534118,74076,0,1,1,44075,44075,44075
3168,61644156039,1789006510565806,1789006510567245,74076,0,1,1,43524,43524,43524
3169,61644189347,1789006510599109,1789006510600726,74076,0,1,1,43558,43558,43558
3170,61644222656,1789006510632402,1789006510633858,74076,0,1,1,43538,43538,43538
3171,61644255965,1789006510665653,1789006510666991,74076,0,1,1,43569,43569,43569
3172,61644289273,1789006510699279,1789006510702630,74076,0,1,1,43447,43447,43447
3173,61644322582,1789006510732036,1789006510733297,74076,0,1,1,43590,43590,43590
3174,61644355890,1789006510765821,1789006510769392,74076,0,1,1,44229,44229,44229
3175,61644389199,1789006510799017,1789006510801908,74076,0,1,1,44226,44226,44226
3176,61644422508,1789006510832228,1789006510833927,74076,0,1,1,44307,44307,44307
3177,61644455816,1789006510867706,1789006510868474,74076,0,1,1,43596,43596,43596
3178,61644489125,1789006510899701,1789006510900760,74076,0,1,1,43538,43538,43538
3179,61644522433,1789006510932253,1789006510933855,74076,0,1,1,43503,43503,43503
3180,61644555742,1789006510965464,1789006510966922,74076,0,1,1,43522,43522,43522
3181,61644589051,1789006510999029,1789006511001057,74076,0,1,1,43462,43462,43462
3182,61644622359,1789006511031992,1789006511033406,74076,0,1,1,43381,43381,43381
3183,61644655668,1789006511065366,1789006511067069,74076,0,1,1,44062,44062,44062
3184,61644688976,1789006511099208,1789006511101590,74076,0,1,1,44124,44124,44124
3185,61644722285,1789006511131998,1789006511133485,74076,0,1,1,43602,43602,43602
3186,61644755594,1789006511165196,1789006511166476,74076,0,1,1,44316,44316,44316
3187,61644788902,1789006511198354,1789006511199703,74076,0,1,1,43536,43536,43536
3188,61644822211,1789006511232125,1789006511233799,74076,0,1,1,43511,43511,43511
3189,61644855519,1789006511266046,1789006511267719,74076,0,1,1,43489,43489,43489
3190,61644888828,1789006511298584,1789006511300428,74076,0,1,1,44076,44076,44076
3191,61644922137,1789006511331934,1789006511333572,74076,0,1,1,44190,44190,44190
3192,61644955445,1789006511365464,1789006511366730,74076,0,1,1,44234,44234,44234
3193,61644988754,1789006511398696,1789006511400924,74076,0,1,1,44090,44090,44090
3194,61645022062,1789006511431833,1789006511433157,74076,0,1,1,43565,43565,43565
3195,61645055371,1789006511465151,1789006511466552,74076,0,1,1,44282,44282,44282
3196,61645088680,1789006511498526,1789006511500033,74076,0,1,1,44179,44179,44179
3197,61645121988,1789006511531660,1789006511532944,74076,0,1,1,44229,44229,44229
3198,61645155297,1789006511564861,1789006511566598,74076,0,1,1,43450,43450,43450
3199,61645188605,1789006511598317,1789006511599768,74076,0,1,1,43450,43450,43450
3200,61645221914,1789006511631746,1789006511634480,74076,0,1,1,43386,43386,43386
3201,61645255223,1789006511664773,1789006511666537,74076,0,1,1,43312,43312,43312
3202,61645288531,1789006511698300,1789006511700018,74076,0,1,1,43969,43969,43969
3203,61645321840,1789006511731765,1789006511733907,74076,0,1,1,43763,43763,43763
3204,61645355148,1789006511764777,1789006511766202,74076,0,1,1,43184,43184,43184
3205,61645388457,1789006511798097,1789006511800201,74076,0,1,1,43278,43278,43278
3206,61645421766,1789006511831876,1789006511834949,74076,0,1,1,42878,42878,42878
3207,61645455074,1789006511864707,1789006511866147,74076,0,1,1,43646,43646,43646
3208,61645488383,1789006511898131,1789006511899631,74076,0,1,1,43716,43716,43716
3209,61645521691,1789006511931357,1789006511933172,74076,0,1,1,43449,43449,43449
3210,61645555000,1789006511964978,1789006511966612,74076,0,1,1,42787,42787,42787
3211,61645588309,1789006511997908,1789006511999464,74076,0,1,1,42754,42754,42754
3212,61645621617,1789006512031350,1789006512033135,74076,0,1,1,42386,42386,42386
3213,61645654926,1789006512064628,1789006512066193,74076,0,1,1,43341,43341,43341
3214,61645688234,1789006512097969,1789006512099755,74076,0,1,1,42649,42649,42649
3215,61645721543,1789006512132347,1789006512134347,74076,0,1,1,42646,42646,42646
3216,61645754852,1789006512164502,1789006512165875,74076,0,1,1,43430,43430,43430
3217,61645788160,1789006512197794,1789006512199292,74076,0,1,1,42603,42603,42603
3218,61645821469,1789006512231659,1789006512233661,74076,0,1,1,42690,42690,42690
3219,61645854777,1789006512264422,1789006512265781,74076,0,1,1,42747,42747,42747
3220,61645888086,1789006512298573,1789006512300153,74076,0,1,1,43359,43359,43359
3221,61645921395,1789006512331558,1789006512333696,74076,0,1,1,42620,42620,42620
3222,61645954703,1789006512364411,1789006512365955,74076,0,1,1,43644,43644,43644
3223,61645988012,1789006512397653,1789006512399026,74076,0,1,1,42660,42660,42660
3224,61646021320,1789006512431498,1789006512434229,74076,0,1,1,42684,42684,42684
3225,61646054629,1789006512464301,1789006512465839,74076,0,1,1,42908,42908,42908
3226,61646087938,1789006512497991,1789006512499474,74076,0,1,1,43739,43739,43739
3227,61646121246,1789006512530948,1789006512533022,74076,0,1,1,43787,43787,43787
3228,61646154555,1789006512564272,1789006512565761,74076,0,1,1,43019,43019,43019
3229,61646187863,1789006512597527,1789006512599176,74076,0,1,1,43151,43151,43151
3230,61646221172,1789006512630857,1789006512632983,74076,0,1,1,44006,44006,44006
3231,61646254481,1789006512664190,1789006512666417,74076,0,1,1,43176,43176,43176
3232,61646287789,1789006512698173,1789006512699737,74076,0,1,1,43755,43755,43755
3233,61646321098,1789006512730845,1789006512732831,74076,0,1,1,43369,43369,43369
3234,61646354406,1789006512764534,1789006512766175,74076,0,1,1,44298,44298,44298
3235,61646387715,1789006512797364,1789006512798675,74076,0,1,1,43931,43931,43931
3236,61646421024,1789006512831317,1789006512833971,74076,0,1,1,43408,43408,43408
3237,61646454332,1789006512863952,1789006512865745,74076,0,1,1,44124,44124,44124
3238,61646487641,1789006512897294,1789006512898829,74076,0,1,1,43979,43979,43979
3239,61646520949,1789006512930679,1789006512932203,74076,0,1,1,44181,44181,44181
3240,61646554258,1789006512964476,1789006512966595,74076,0,1,1,44075,44075,44075
3241,61646587567,1789006512997163,1789006512998593,74076,0,1,1,44097,44097,44097
3242,61646620875,1789006513030847,1789006513032292,74076,0,1,1,43488,43488,43488
3243,61646654184,1789006513063806,1789006513066447,74076,0,1,1,43990,43990,43990
3244,61646687492,1789006513097795,1789006513099474,74076,0,1,1,43289,43289,43289
3245,61646720801,1789006513130516,1789006513131953,74076,0,1,1,44146,44146,44146
3246,61646754110,1789006513164218,1789006513166312,74076,0,1,1,43987,43987,43987
3247,61646787418,1789006513197035,1789006513198945,74076,0,1,1,43263,43263,43263
3248,61646820727,1789006513230457,1789006513232048,74076,0,1,1,44001,44001,44001
3249,61646854035,1789006513263695,1789006513266363,74076,0,1,1,43416,43416,43416
3250,61646887344,1789006513298851,1789006513299425,74076,0,1,1,43341,43341,43341
3251,61646920653,1789006513330307,1789006513331805,74076,0,1,1,43300,43300,43300
3252,61646953961,1789006513363536,1789006513366479,74076,0,1,1,43312,43312,43312
3253,61646987270,1789006513396951,1789006513398405,74076,0,1,1,43859,43859,43859
3254,61647020578,1789006513430457,1789006513431884,74076,0,1,1,43289,43289,43289
3255,61647053887,1789006513463997,1789006513466222,74076,0,1,1,43445,43445,43445
3256,61647087196,1789006513497159,1789006513500951,74076,0,1,1,43803,43803,43803
3257,61647120504,1789006513530253,1789006513531636,74076,0,1,1,43766,43766,43766
3258,61647153813,1789006513563364,1789006513566371,74076,0,1,1,43400,43400,43400
3259,61647187121,1789006513596795,1789006513598150,74076,0,1,1,43110,43110,43110
3260,61647220430,1789006513630078,1789006513631528,74076,0,1,1,43987,43987,43987
3261,61647253739,1789006513663402,1789006513666176,74076,0,1,1,43809,43809,43809
3262,61647287047,1789006513696684,1789006513699995,74076,0,1,1,43791,43791,43791
3263,61647320356,1789006513729992,1789006513731454,74076,0,1,1,43854,43854,43854
3264,61647353664,1789006513763316,1789006513765035,74076,0,1,1,43246,43246,43246
3265,61647386973,1789006513796796,1789006513798279,74076,0,1,1,43244,43244,43244
3266,61647420282,1789006513829942,1789006513831344,74076,0,1,1,43847,43847,43847
3267,61647453590,1789006513863233,1789006513864651,74076,0,1,1,43144,43144,43144
3268,61647486899,1789006513898293,1789006513898892,74076,0,1,1,43216,43216,43216
3269,61647520207,1789006513929795,1789006513931291,74076,0,1,1,43743,43743,43743
3270,61647553516,1789006513963227,1789006513965774,74076,0,1,1,43822,43822,43822
3271,61647586825,1789006513996993,1789006513999254,74076,0,1,1,43914,43914,43914
3272,61647620133,1789006514029856,1789006514031579,74076,0,1,1,43772,43772,43772
3273,61647653442,1789006514063084,1789006514064934,74076,0,1,1,43717,43717,43717
3274,61647686750,1789006514096772,1789006514100023,74076,0,1,1,43824,43824,43824
3275,61647720059,1789006514129817,1789006514131286,74076,0,1,1,43840,43840,43840
3276,61647753368,1789006514163078,1789006514164572,74076,0,1,1,43940,43940,43940
3277,61647786676,1789006514196266,1789006514198418,74076,0,1,1,43861,43861,43861
3278,61647819985,1789006514229651,1789006514231193,74076,0,1,1,42919,42919,42919
3279,61647853293,1789006514262985,1789006514264356,74076,0,1,1,43093,43093,43093
3280,61647886602,1789006514296274,1789006514302018,74076,0,1,1,43156,43156,43156
3281,61647919911,1789006514329716,1789006514331243,74076,0,1,1,43856,43856,43856
3282,61647953219,1789006514362821,1789006514364769,74076,0,1,1,43812,43812,43812
3283,61647986528,1789006514396184,1789006514398052,74076,0,1,1,43200,43200,43200
3284,61648019836,1789006514429505,1789006514431013,74076,0,1,1,43861,43861,43861
3285,61648053145,1789006514462819,1789006514464539,74076,0,1,1,43090,43090,43090
3286,61648086454,1789006514496692,1789006514498915,74076,0,1,1,43741,43741,43741
3287,61648119762,1789006514529439,1789006514530877,74076,0,1,1,44028,44028,44028
3288,61648153071,1789006514562922,1789006514564375,74076,0,1,1,43272,43272,43272
3289,61648186379,1789006514596466,1789006514598527,74076,0,1,1,43052,43052,43052
3290,61648219688,1789006514629536,1789006514630957,74076,0,1,1,42755,42755,42755
3291,61648252997,1789006514663376,1789006514664807,74076,0,1,1,43193,43193,43193
3292,61648286305,1789006514696429,1789006514698626,74076,0,1,1,43362,43362,43362
3293,61648319614,1789006514729286,1789006514730649,74076,0,1,1,43801,43801,43801
3294,61648352922,1789006514762912,1789006514764427,74076,0,1,1,43181,43181,43181
3295,61648386231,1789006514796378,1789006514798437,74076,0,1,1,43251,43251,43251
3296,61648419540,1789006514829204,1789006514830565,74076,0,1,1,43159,43159,43159
3297,61648452848,1789006514862562,1789006514864038,74076,0,1,1,43137,43137,43137
3298,61648486157,1789006514896334,1789006514898461,74076,0,1,1,43161,43161,43161
3299,61648519465,1789006514929302,1789006514930713,74076,0,1,1,43020,43020,43020
3300,61648552774,1789006514962484,1789006514963860,74076,0,1,1,42889,42889,42889
3301,61648586083,1789006514995790,1789006514997275,74076,0,1,1,43659,43659,43659
3302,61648619391,1789006515029955,1789006515031025,74076,0,1,1,42919,42919,42919
3303,61648652700,1789006515062342,1789006515063767,74076,0,1,1,43624,43624,43624
3304,61648686008,1789006515095800,1789006515097513,74076,0,1,1,43009,43009,43009
3305,61648719317,1789006515129959,1789006515131905,74076,0,1,1,43464,43464,43464
3306,61648752626,1789006515162411,1789006515163768,74076,0,1,1,43094,43094,43094
3307,61648785934,1789006515195760,1789006515197196,74076,0,1,1,43556,43556,43556
3308,61648819243,1789006515230069,1789006515231709,74076,0,1,1,42874,42874,42874
3309,61648852551,1789006515262343,1789006515263721,74076,0,1,1,43002,43002,43002
3310,61648885860,1789006515295692,1789006515297018,74076,0,1,1,42901,42901,42901
3311,61648919169,1789006515329773,1789006515330894,74076,0,1,1,43618,43618,43618
3312,61648952477,1789006515362253,1789006515363634,74076,0,1,1,43087,43087,43087
3313,61648985786,1789006515395498,1789006515396949,74076,0,1,1,42932,42932,42932
3314,61649019094,1789006515429998,1789006515431325,74076,0,1,1,42963,42963,42963
3315,61649052403,1789006515462184,1789006515463737,74076,0,1,1,43565,43565,43565
3316,61649085712,1789006515495582,1789006515498475,74076,0,1,1,43673,43673,43673
3317,61649119020,1789006515529226,1789006515531342,74076,0,1,1,42929,42929,42929
3318,61649152329,1789006515561941,1789006515563537,74076,0,1,1,43575,43575,43575
3319,61649185637,1789006515595453,1789006515597137,74076,0,1,1,42647,42647,42647
3320,61649218946,1789006515629154,1789006515631076,74076,0,1,1,42783,42783,42783
3321,61649252255,1789006515661993,1789006515663478,74076,0,1,1,42970,42970,42970
3322,61649285563,1789006515695262,1789006515698614,74076,0,1,1,43045,43045,43045
3323,61649318872,1789006515729075,1789006515731844,74076,0,1,1,42974,42974,42974
3324,61649352180,1789006515761836,1789006515763469,74076,0,1,1,42926,42926,42926
3325,61649385489,1789006515795333,1789006515796801,74076,0,1,1,42849,42849,42849
3326,61649418798,1789006515829330,1789006515830092,74076,0,1,1,43694,43694,43694
3327,61649452106,1789006515861791,1789006515863199,74076,0,1,1,43506,43506,43506
3328,61649485415,1789006515895278,1789006515896822,74076,0,1,1,43391,43391,43391
3329,61649518723,1789006515929224,1789006515930477,74076,0,1,1,43471,43471,43471
3330,61649552032,1789006515961680,1789006515963170,74076,0,1,1,42780,42780,42780
3331,61649585341,1789006515995099,1789006515996558,74076,0,1,1,42753,42753,42753
3332,61649618649,1789006516029081,1789006516031311,74076,0,1,1,42686,42686,42686
3333,61649651958,1789006516062028,1789006516063783,74076,0,1,1,43645,43645,43645
3334,61649685266,1789006516094962,1789006516096598,74076,0,1,1,42653,42653,42653
3335,61649718575,1789006516128415,1789006516131381,74076,0,1,1,43301,43301,43301
3336,61649751884,1789006516162994,1789006516164039,74076,0,1,1,43342,43342,43342
3337,61649785192,1789006516194979,1789006516196545,74076,0,1,1,43193,43193,43193
3338,61649818501,1789006516228302,1789006516230722,74076,0,1,1,43169,43169,43169
3339,61649851809,1789006516262901,1789006516264046,74076,0,1,1,42634,42634,42634
3340,61649885118,1789006516294829,1789006516296471,74076,0,1,1,42431,42431,42431
3341,61649918427,1789006516328225,1789006516330047,74076,0,1,1,43113,43113,43113
3342,61649951735,1789006516361373,1789006516363627,74076,0,1,1,42500,42500,42500
3343,61649985044,1789006516394756,1789006516396388,74076,0,1,1,43206,43206,43206
3344,61650018352,1789006516428128,1789006516429452,74076,0,1,1,43324,43324,43324
3345,61650051661,1789006516462205,1789006516463423,74076,0,1,1,42647,42647,42647
3346,61650084970,1789006516494657,1789006516496483,74076,0,1,1,42784,42784,42784
3347,61650118278,1789006516528120,1789006516530166,74076,0,1,1,42606,42606,42606
3348,61650151587,1789006516561739,1789006516563796,74076,0,1,1,42764,42764,42764
3349,61650184895,1789006516594646,1789006516596362,74076,0,1,1,42685,42685,42685
3350,61650218204,1789006516628074,1789006516630002,74076,0,1,1,43213,43213,43213
3351,61650251513,1789006516661717,1789006516663770,74076,0,1,1,43353,43353,43353
3352,61650284821,1789006516694581,1789006516696021,74076,0,1,1,43002,43002,43002
3353,61650318130,1789006516727923,1789006516729835,74076,0,1,1,42569,42569,42569
3354,61650351438,1789006516761158,1789006516762499,74076,0,1,1,42658,42658,42658
3355,61650384747,1789006516794639,1789006516796059,74076,0,1,1,42798,42798,42798
3356,61650418056,1789006516827817,1789006516829525,74076,0,1,1,43545,43545,43545
3357,61650451364,1789006516861199,1789006516863288,74076,0,1,1,42801,42801,42801
3358,61650484673,1789006516894346,1789006516895821,74076,0,1,1,42815,42815,42815
3359,61650517981,1789006516927762,1789006516929740,74076,0,1,1,42996,42996,42996
3360,61650551290,1789006516961563,1789006516963698,74076,0,1,1,43802,43802,43802
3361,61650584599,1789006516994287,1789006516995828,74076,0,1,1,43772,43772,43772
3362,61650617907,1789006517027663,1789006517029115,74076,0,1,1,43055,43055,43055
3363,61650651216,1789006517061023,1789006517062540,74076,0,1,1,43297,43297,43297
3364,61650684524,1789006517095812,1789006517097401,74076,0,1,1,43059,43059,43059
3365,61650717833,1789006517127613,1789006517129041,74076,0,1,1,43814,43814,43814
3366,61650751142,1789006517160954,1789006517162485,74076,0,1,1,43911,43911,43911
3367,61650784450,1789006517195504,1789006517197075,74076,0,1,1,43900,43900,43900
3368,61650817759,1789006517227584,1789006517228931,74076,0,1,1,43150,43150,43150
3369,61650851067,1789006517260885,1789006517263317,74076,0,1,1,43782,43782,43782
3370,61650884376,1789006517294638,1789006517297766,74076,0,1,1,43796,43796,43796
3371,61650917685,1789006517327466,1789006517328947,74076,0,1,1,42990,42990,42990
3372,61650950993,1789006517360668,1789006517362271,74076,0,1,1,43764,43764,43764
3373,61650984302,1789006517394958,1789006517396556,74076,0,1,1,43821,43821,43821
3374,61651017610,1789006517427401,1789006517428893,74076,0,1,1,43167,43167,43167
3375,61651050919,1789006517460671,1789006517462041,74076,0,1,1,42826,42826,42826
3376,61651084228,1789006517494380,1789006517496543,74076,0,1,1,43268,43268,43268
3377,61651117536,1789006517527364,1789006517528675,74076,0,1,1,43983,43983,43983
3378,61651150845,1789006517560593,1789006517562079,74076,0,1,1,43876,43876,43876
3379,61651184153,1789006517595745,1789006517596685,74076,0,1,1,44031,44031,44031
3380,61651217462,1789006517627222,1789006517629055,74076,0,1,1,43347,43347,43347
3381,61651250771,1789006517660622,1789006517661947,74076,0,1,1,44024,44024,44024
3382,61651284079,1789006517694154,1789006517696445,74076,0,1,1,43313,43313,43313
3383,61651317388,1789006517727285,1789006517729161,74076,0,1,1,42989,42989,42989
3384,61651350696,1789006517760421,1789006517761816,74076,0,1,1,43441,43441,43441
3385,61651384005,1789006517793839,1789006517795315,74076,0,1,1,43984,43984,43984
3386,61651417314,1789006517827177,1789006517828452,74076,0,1,1,43242,43242,43242
3387,61651450622,1789006517860404,1789006517861803,74076,0,1,1,43512,43512,43512
3388,61651483931,1789006517893669,1789006517895294,74076,0,1,1,43415,43415,43415
3389,61651517239,1789006517926940,1789006517928712,74076,0,1,1,43338,43338,43338
3390,61651550548,1789006517960241,1789006517961873,74076,0,1,1,43381,43381,43381
3391,61651583857,1789006517993862,1789006517996248,74076,0,1,1,43276,43276,43276
3392,61651617165,1789006518026918,1789006518028376,74076,0,1,1,43965,43965,43965
3393,61651650474,1789006518060271,1789006518061897,74076,0,1,1,43356,43356,43356
3394,61651683782,1789006518093417,1789006518095074,74076,0,1,1,43371,43371,43371
3395,61651717091,1789006518127402,1789006518128921,74076,0,1,1,43338,43338,43338
3396,61651750400,1789006518160353,1789006518161706,74076,0,1,1,43319,43319,43319
3397,61651783708,1789006518193320,1789006518194963,74076,0,1,1,44231,44231,44231
3398,61651817017,1789006518227679,1789006518228845,74076,0,1,1,43297,43297,43297
3399,61651850325,1789006518260036,1789006518261451,74076,0,1,1,44080,44080,44080
3400,61651883634,1789006518293271,1789006518295850,74076,0,1,1,43953,43953,43953
3401,61651916943,1789006518327234,1789006518329295,74076,0,1,1,43222,43222,43222
3402,61651950251,1789006518359939,1789006518361394,74076,0,1,1,44037,44037,44037
3403,61651983560,1789006518393281,1789006518394899,74076,0,1,1,43242,43242,43242
3404,61652016868,1789006518426662,1789006518428764,74076,0,1,1,44007,44007,44007
3405,61652050177,1789006518460055,1789006518461683,74076,0,1,1,43800,43800,43800
3406,61652083486,1789006518493278,1789006518494880,74076,0,1,1,43236,43236,43236
3407,61652116794,1789006518526992,1789006518529633,74076,0,1,1,44024,44024,44024
3408,61652150103,1789006518559869,1789006518561205,74076,0,1,1,44152,44152,44152
3409,61652183411,1789006518593176,1789006518594525,74076,0,1,1,43393,43393,43393
3410,61652216720,1789006518627738,1789006518628487,74076,0,1,1,43856,43856,43856
3411,61652250029,1789006518659816,1789006518661200,74076,0,1,1,44259,44259,44259
3412,61652283337,1789006518693165,1789006518694490,74076,0,1,1,44139,44139,44139
3413,61652316646,1789006518726940,1789006518728873,74076,0,1,1,43995,43995,43995
3414,61652349954,1789006518759786,1789006518761380,74076,0,1,1,43271,43271,43271
3415,61652383263,1789006518793014,1789006518794431,74076,0,1,1,43195,43195,43195
3416,61652416572,1789006518826885,1789006518828780,74076,0,1,1,43178,43178,43178
3417,61652449880,1789006518859623,1789006518861334,74076,0,1,1,44107,44107,44107
3418,61652483189,1789006518893063,1789006518894490,74076,0,1,1,44042,44042,44042
3419,61652516497,1789006518926729,1789006518928786,74076,0,1,1,43972,43972,43972
3420,61652549806,1789006518959560,1789006518961112,74076,0,1,1,43876,43876,43876
3421,61652583115,1789006518992907,1789006518994716,74076,0,1,1,43870,43870,43870
3422,61652616423,1789006519026224,1789006519027703,74076,0,1,1,44015,44015,44015
3423,61652649732,1789006519059579,1789006519060905,74076,0,1,1,44049,44049,44049
3424,61652683040,1789006519092791,1789006519094352,74076,0,1,1,43320,43320,43320
3425,61652716349,1789006519126047,1789006519127943,74076,0,1,1,43932,43932,43932
3426,61652749658,1789006519159416,1789006519160869,74076,0,1,1,44147,44147,44147
3427,61652782966,1789006519192728,1789006519194238,74076,0,1,1,44056,44056,44056
3428,61652816275,1789006519226955,1789006519228267,74076,0,1,1,44044,44044,44044
3429,61652849583,1789006519259859,1789006519262818,74076,0,1,1,43931,43931,43931
3430,61652882892,1789006519292623,1789006519294090,74076,0,1,1,43334,43334,43334
3431,61652916201,1789006519326028,1789006519327726,74076,0,1,1,43244,43244,43244
3432,61652949509,1789006519359801,1789006519361775,74076,0,1,1,43390,43390,43390
3433,61652982818,1789006519392533,1789006519394022,74076,0,1,1,43948,43948,43948
3434,61653016126,1789006519425801,1789006519427446,74076,0,1,1,43135,43135,43135
3435,61653049435,1789006519459612,1789006519461633,74076,0,1,1,43282,43282,43282
3436,61653082744,1789006519492522,1789006519493888,74076,0,1,1,43441,43441,43441
3437,61653116052,1789006519525811,1789006519527246,74076,0,1,1,43394,43394,43394
3438,61653149361,1789006519559702,1789006519561923,74076,0,1,1,43087,43087,43087
3439,61653182669,1789006519592532,1789006519593840,74076,0,1,1,44093,44093,44093
3440,61653215978,1789006519625701,1789006519627240,74076,0,1,1,43254,43254,43254
3441,61653249287,1789006519660055,1789006519662329,74076,0,1,1,43903,43903,43903
3442,61653282595,1789006519692425,1789006519693927,74076,0,1,1,44072,44072,44072
3443,61653315904,1789006519725659,1789006519727217,74076,0,1,1,43103,43103,43103
3444,61653349212,1789006519759838,1789006519761079,74076,0,1,1,43259,43259,43259
3445,61653382521,1789006519792313,1789006519793853,74076,0,1,1,43312,43312,43312
3446,61653415830,1789006519825569,1789006519827310,74076,0,1,1,44108,44108,44108
3447,61653449138,1789006519858911,1789006519860362,74076,0,1,1,43277,43277,43277
3448,61653482447,1789006519892157,1789006519894059,74076,0,1,1,43911,43911,43911
3449,61653515755,1789006519925522,1789006519927061,74076,0,1,1,43905,43905,43905
3450,61653549064,1789006519958887,1789006519960661,74076,0,1,1,44004,44004,44004
3451,61653582373,1789006519992160,1789006519993754,74076,0,1,1,43900,43900,43900
3452,61653615681,1789006520025505,1789006520027050,74076,0,1,1,43889,43889,43889
3453,61653648990,1789006520059825,1789006520060942,74076,0,1,1,43187,43187,43187
3454,61653682298,1789006520092107,1789006520093432,74076,0,1,1,43267,43267,43267
3455,61653715607,1789006520125454,1789006520127188,74076,0,1,1,43090,43090,43090
3456,61653748916,1789006520159671,1789006520160972,74076,0,1,1,43173,43173,43173
3457,61653782224,1789006520192005,1789006520193507,74076,0,1,1,43389,43389,43389
3458,61653815533,1789006520225316,1789006520226849,74076,0,1,1,43274,43274,43274
3459,61653848841,1789006520259053,1789006520261315,74076,0,1,1,43550,43550,43550
3460,61653882150,1789006520292297,1789006520293771,74076,0,1,1,43275,43275,43275
3461,61653915459,1789006520325132,1789006520326767,74076,0,1,1,43945,43945,43945
3462,61653948767,1789006520358527,1789006520360801,74076,0,1,1,43891,43891,43891
3463,61653982076,1789006520392416,1789006520394592,74076,0,1,1,43383,43383,43383
3464,61654015384,1789006520425231,1789006520426665,74076,0,1,1,43112,43112,43112
3465,61654048693,1789006520458445,1789006520460017,74076,0,1,1,43334,43334,43334
3466,61654082002,1789006520492334,1789006520494530,74076,0,1,1,44088,44088,44088
3467,61654115310,1789006520525013,1789006520526675,74076,0,1,1,43343,43343,43343
3468,61654148619,1789006520558333,1789006520559715,74076,0,1,1,44064,44064,44064
3469,61654181927,1789006520592232,1789006520594273,74076,0,1,1,43261,43261,43261
3470,61654215236,1789006520625092,1789006520626522,74076,0,1,1,43881,43881,43881
3471,61654248545,1789006520658342,1789006520659725,74076,0,1,1,43927,43927,43927
3472,61654281853,1789006520693026,1789006520696405,74076,0,1,1,43372,43372,43372
3473,61654315162,1789006520724878,1789006520726604,74076,0,1,1,43262,43262,43262
3474,61654348470,1789006520758261,1789006520759755,74076,0,1,1,43228,43228,43228
3475,61654381779,1789006520791877,1789006520794015,74076,0,1,1,43999,43999,43999
3476,61654415088,1789006520824816,1789006520826438,74076,0,1,1,44052,44052,44052
3477,61654448396,1789006520858149,1789006520860099,74076,0,1,1,43426,43426,43426
3478,61654481705,1789006520891869,1789006520894060,74076,0,1,1,43191,43191,43191
3479,61654515013,1789006520924812,1789006520926423,74076,0,1,1,43345,43345,43345
3480,61654548322,1789006520958087,1789006520959507,74076,0,1,1,44073,44073,44073
3481,61654581631,1789006520991429,1789006520992767,74076,0,1,1,43290,43290,43290
3482,61654614939,1789006521024832,1789006521026537,74076,0,1,1,43250,43250,43250
3483,61654648248,1789006521057960,1789006521059430,74076,0,1,1,43213,43213,43213
3484,61654681556,1789006521091321,1789006521092660,74076,0,1,1,44038,44038,44038
3485,61654714865,1789006521124570,1789006521126236,74076,0,1,1,43911,43911,43911
3486,61654748174,1789006521157938,1789006521159459,74076,0,1,1,43399,43399,43399
3487,61654781482,1789006521191265,1789006521192863,74076,0,1,1,44108,44108,44108
3488,61654814791,1789006521224530,1789006521225983,74076,0,1,1,43955,43955,43955
3489,61654848099,1789006521257863,1789006521259426,74076,0,1,1,44185,44185,44185
3490,61654881408,1789006521291194,1789006521292810,74076,0,1,1,43272,43272,43272
3491,61654914717,1789006521324452,1789006521325871,74076,0,1,1,43304,43304,43304
3492,61654948025,1789006521357761,1789006521359257,74076,0,1,1,44195,44195,44195
3493,61654981334,1789006521391586,1789006521393810,74076,0,1,1,43967,43967,43967
3494,61655014642,1789006521425117,1789006521428168,74076,0,1,1,43274,43274,43274
3495,61655047951,1789006521457683,1789006521459240,74076,0,1,1,44223,44223,44223
3496,61655081260,1789006521491024,1789006521493271,74076,0,1,1,43515,43515,43515
3497,61655114568,1789006521525222,1789006521526520,74076,0,1,1,43270,43270,43270
3498,61655147877,1789006521557658,1789006521559222,74076,0,1,1,44015,44015,44015
3499,61655181185,1789006521591051,1789006521592991,74076,0,1,1,43475,43475,43475
3500,61655214494,1789006521624888,1789006521627020,74076,0,1,1,43458,43458,43458
3501,61655247803,1789006521657557,1789006521659326,74076,0,1,1,44220,44220,44220
3502,61655281111,1789006521691063,1789006521692469,74076,0,1,1,44064,44064,44064
3503,61655314420,1789006521724621,1789006521727276,74076,0,1,1,43630,43630,43630
3504,61655347728,1789006521757478,1789006521758837,74076,0,1,1,43913,43913,43913
3505,61655381037,1789006521790856,1789006521792336,74076,0,1,1,44062,44062,44062
3506,61655414346,1789006521824204,1789006521826471,74076,0,1,1,44003,44003,44003
3507,61655447654,1789006521857464,1789006521858933,74076,0,1,1,43407,43407,43407
3508,61655480963,1789006521890707,1789006521892368,74076,0,1,1,43330,43330,43330
3509,61655514271,1789006521924068,1789006521926283,74076,0,1,1,43161,43161,43161
3510,61655547580,1789006521957547,1789006521959051,74076,0,1,1,44023,44023,44023
3511,61655580889,1789006521990717,1789006521992341,74076,0,1,1,43925,43925,43925
3512,61655614197,1789006522023997,1789006522026490,74076,0,1,1,43380,43380,43380
3513,61655647506,1789006522057232,1789006522058694,74076,0,1,1,44067,44067,44067
3514,61655680814,1789006522090582,1789006522091985,74076,0,1,1,43376,43376,43376
3515,61655714123,1789006522124313,1789006522126496,74076,0,1,1,43276,43276,43276
3516,61655747432,1789006522157209,1789006522158740,74076,0,1,1,43327,43327,43327
3517,61655780740,1789006522190670,1789006522192272,74076,0,1,1,43508,43508,43508
3518,61655814049,1789006522223776,1789006522225271,74076,0,1,1,44061,44061,44061
3519,61655847357,1789006522257281,1789006522258461,74076,0,1,1,43349,43349,43349
3520,61655880666,1789006522290431,1789006522291722,74076,0,1,1,43460,43460,43460
3521,61655913975,1789006522323691,1789006522325137,74076,0,1,1,43208,43208,43208
3522,61655947283,1789006522357044,1789006522358343,74076,0,1,1,43255,43255,43255
3523,61655980592,1789006522390314,1789006522391758,74076,0,1,1,44178,44178,44178
3524,61656013900,1789006522423614,1789006522425036,74076,0,1,1,43841,43841,43841
3525,61656047209,1789006522456986,1789006522458451,74076,0,1,1,44204,44204,44204
3526,61656080518,1789006522490357,1789006522491646,74076,0,1,1,44003,44003,44003
3527,61656113826,1789006522523575,1789006522524920,74076,0,1,1,43306,43306,43306
3528,61656147135,1789006522556869,1789006522558491,74076,0,1,1,43333,43333,43333
3529,61656180443,1789006522590102,1789006522591509,74076,0,1,1,43356,43356,43356
3530,61656213752,1789006522623443,1789006522624919,74076,0,1,1,43377,43377,43377
3531,61656247061,1789006522656815,1789006522658250,74076,0,1,1,44026,44026,44026
3532,61656280369,1789006522690035,1789006522691654,74076,0,1,1,43536,43536,43536
3533,61656313678,1789006522723355,1789006522724915,74076,0,1,1,44096,44096,44096
3534,61656346986,1789006522756618,1789006522758068,74076,0,1,1,43846,43846,43846
3535,61656380295,1789006522790022,1789006522791368,74076,0,1,1,43889,43889,43889
3536,61656413604,1789006522823282,1789006522824880,74076,0,1,1,44159,44159,44159
3537,61656446912,1789006522856699,1789006522858195,74076,0,1,1,44106,44106,44106
3538,61656480221,1789006522890006,1789006522891557,74076,0,1,1,43467,43467,43467
3539,61656513529,1789006522923277,1789006522924850,74076,0,1,1,43979,43979,43979
3540,61656546838,1789006522957121,1789006522959371,74076,0,1,1,43997,43997,43997
3541,61656580147,1789006522989934,1789006522991715,74076,0,1,1,44005,44005,44005
3542,61656613455,1789006523023770,1789006523025222,74076,0,1,1,44079,44079,44079
3543,61656646764,1789006523057084,1789006523059523,74076,0,1,1,44349,44349,44349
3544,61656680072,1789006523089872,1789006523091206,74076,0,1,1,44022,44022,44022
3545,61656713381,1789006523123151,1789006523124630,74076,0,1,1,43281,43281,43281
3546,61656746690,1789006523157054,1789006523158840,74076,0,1,1,44071,44071,44071
3547,61656779998,1789006523189776,1789006523191167,74076,0,1,1,43397,43397,43397
3548,61656813307,1789006523223091,1789006523224592,74076,0,1,1,43895,43895,43895
3549,61656846615,1789006523256741,1789006523259100,74076,0,1,1,43998,43998,43998
3550,61656879924,1789006523290285,1789006523291799,74076,0,1,1,44020,44020,44020
3551,61656913233,1789006523322966,1789006523324738,74076,0,1,1,43456,43456,43456
3552,61656946541,1789006523356404,1789006523357879,74076,0,1,1,43331,43331,43331
3553,61656979850,1789006523389579,1789006523391045,74076,0,1,1,43456,43456,43456
3554,61657013158,1789006523422913,1789006523424661,74076,0,1,1,43261,43261,43261
3555,61657046467,1789006523456702,1789006523458977,74076,0,1,1,43926,43926,43926
3556,61657079776,1789006523489608,1789006523491167,74076,0,1,1,43288,43288,43288
3557,61657113084,1789006523522926,1789006523524614,74076,0,1,1,43459,43459,43459
3558,61657146393,1789006523556651,1789006523558856,74076,0,1,1,43485,43485,43485
3559,61657179701,1789006523589899,1789006523592291,74076,0,1,1,43425,43425,43425
3560,61657213010,1789006523622843,1789006523624597,74076,0,1,1,43264,43264,43264
3561,61657246319,1789006523656325,1789006523658674,74076,0,1,1,44080,44080,44080
3562,61657279627,1789006523689859,1789006523692164,74076,0,1,1,44215,44215,44215
3563,61657312936,1789006523722727,1789006523724201,74076,0,1,1,43924,43924,43924
3564,61657346244,1789006523756113,1789006523758326,74076,0,1,1,43472,43472,43472
3565,61657379553,1789006523789810,1789006523792087,74076,0,1,1,44022,44022,44022
3566,61657412862,1789006523822695,1789006523824224,74076,0,1,1,43870,43870,43870
3567,61657446170,1789006523855971,1789006523857457,74076,0,1,1,43976,43976,43976
3568,61657479479,1789006523889260,1789006523890550,74076,0,1,1,43459,43459,43459
3569,61657512787,1789006523922562,1789006523924050,74076,0,1,1,43227,43227,43227
3570,61657546096,1789006523956062,1789006523957440,74076,0,1,1,43340,43340,43340
3571,61657579405,1789006523989279,1789006523990616,74076,0,1,1,43220,43220,43220
3572,61657612713,1789006524022453,1789006524023908,74076,0,1,1,43332,43332,43332
3573,61657646022,1789006524055889,1789006524058917,74076,0,1,1,43421,43421,43421
3574,61657679330,1789006524089520,1789006524090589,74076,0,1,1,42945,42945,42945
3575,61657712639,1789006524122464,1789006524123938,74076,0,1,1,43298,43298,43298
3576,61657745948,1789006524155935,1789006524157564,74076,0,1,1,43980,43980,43980
3577,61657779256,1789006524189532,1789006524191017,74076,0,1,1,44213,44213,44213
3578,61657812565,1789006524222392,1789006524223750,74076,0,1,1,44103,44103,44103
3579,61657845873,1789006524255679,1789006524257240,74076,0,1,1,44022,44022,44022
3580,61657879182,1789006524289371,1789006524290899,74076,0,1,1,43500,43500,43500
3581,61657912491,1789006524322225,1789006524323764,74076,0,1,1,43919,43919,43919
3582,61657945799,1789006524355728,1789006524357322,74076,0,1,1,43357,43357,43357
3583,61657979108,1789006524389522,1789006524390446,74076,0,1,1,44069,44069,44069
3584,61658012416,1789006524422410,1789006524423631,74076,0,1,1,43940,43940,43940
3585,61658045725,1789006524455541,1789006524457263,74076,0,1,1,43293,43293,43293
3586,61658079034,1789006524489138,1789006524490466,74076,0,1,1,44253,44253,44253
3587,61658112342,1789006524522242,1789006524523909,74076,0,1,1,43187,43187,43187
3588,61658145651,1789006524555473,1789006524557081,74076,0,1,1,43864,43864,43864
3589,61658178959,1789006524589290,1789006524590299,74076,0,1,1,43991,43991,43991
3590,61658212268,1789006524622223,1789006524623805,74076,0,1,1,43836,43836,43836
3591,61658245577,1789006524655360,1789006524656995,74076,0,1,1,43832,43832,43832
3592,61658278885,1789006524689240,1789006524690263,74076,0,1,1,43399,43399,43399
3593,61658312194,1789006524722515,1789006524724240,74076,0,1,1,43967,43967,43967
3594,61658345502,1789006524755673,1789006524756794,74076,0,1,1,44078,44078,44078
3595,61658378811,1789006524788690,1789006524790498,74076,0,1,1,43206,43206,43206
3596,61658412120,1789006524822875,1789006524824455,74076,0,1,1,43450,43450,43450
3597,61658445428,1789006524855284,1789006524856700,74076,0,1,1,43968,43968,43968
3598,61658478737,1789006524888621,1789006524890463,74076,0,1,1,43570,43570,43570
3599,61658512045,1789006524922219,1789006524924154,74076,0,1,1,43112,43112,43112
3600,61658545354,1789006524955524,1789006524956589,74076,0,1,1,44030,44030,44030
3601,61658578663,1789006524988545,1789006524990132,74076,0,1,1,43505,43505,43505
3602,61658611971,1789006525022101,1789006525023611,74076,0,1,1,43357,43357,43357
3603,61658645280,1789006525055071,1789006525056705,74076,0,1,1,44108,44108,44108
3604,61658678588,1789006525091639,1789006525092671,74076,0,1,1,44221,44221,44221
3605,61658711897,1789006525121830,1789006525123198,74076,0,1,1,44176,44176,44176
3606,61658745206,1789006525155026,1789006525156664,74076,0,1,1,44124,44124,44124
3607,61658778514,1789006525188593,1789006525189979,74076,0,1,1,43239,43239,43239
3608,61658811823,1789006525223643,1789006525224641,74076,0,1,1,43245,43245,43245
3609,61658845131,1789006525255030,1789006525256529,74076,0,1,1,44048,44048,44048
3610,61658878440,1789006525288326,1789006525290414,74076,0,1,1,43489,43489,43489
3611,61658911749,1789006525321664,1789006525322916,74076,0,1,1,43273,43273,43273
3612,61658945057,1789006525354998,1789006525356549,74076,0,1,1,44177,44177,44177
3613,61658978366,1789006525388283,1789006525390468,74076,0,1,1,44070,44070,44070
3614,61659011674,1789006525421700,1789006525423043,74076,0,1,1,44019,44019,44019
3615,61659044983,1789006525454859,1789006525456486,74076,0,1,1,44161,44161,44161
3616,61659078292,1789006525488176,1789006525489639,74076,0,1,1,44098,44098,44098
3617,61659111600,1789006525522113,1789006525523708,74076,0,1,1,43233,43233,43233
3618,61659144909,1789006525554884,1789006525556355,74076,0,1,1,44139,44139,44139
3619,61659178217,1789006525588111,1789006525589729,74076,0,1,1,43915,43915,43915
3620,61659211526,1789006525621477,1789006525622776,74076,0,1,1,44075,44075,44075
3621,61659244835,1789006525654714,1789006525656284,74076,0,1,1,43437,43437,43437
3622,61659278143,1789006525688059,1789006525690037,74076,0,1,1,43397,43397,43397
3623,61659311452,1789006525721826,1789006525723408,74076,0,1,1,44139,44139,44139
3624,61659344760,1789006525755099,1789006525756844,74076,0,1,1,43356,43356,43356
3625,61659378069,1789006525787874,1789006525789495,74076,0,1,1,43430,43430,43430
3626,61659411378,1789006525821695,1789006525823767,74076,0,1,1,43947,43947,43947
3627,61659444686,1789006525855006,1789006525856591,74076,0,1,1,43324,43324,43324
3628,61659477995,1789006525887840,1789006525889479,74076,0,1,1,43207,43207,43207
3629,61659511303,1789006525921209,1789006525922516,74076,0,1,1,43197,43197,43197
3630,61659544612,1789006525954496,1789006525956221,74076,0,1,1,43943,43943,43943
3631,61659577921,1789006525987787,1789006525989349,74076,0,1,1,43384,43384,43384
3632,61659611229,1789006526021057,1789006526022567,74076,0,1,1,43314,43314,43314
3633,61659644538,1789006526054670,1789006526056461,74076,0,1,1,43958,43958,43958
3634,61659677846,1789006526087731,1789006526089284,74076,0,1,1,43420,43420,43420
3635,61659711155,1789006526121075,1789006526122812,74076,0,1,1,43404,43404,43404
3636,61659744464,1789006526154758,1789006526156607,74076,0,1,1,43302,43302,43302
3637,61659777772,1789006526187665,1789006526189122,74076,0,1,1,43923,43923,43923
3638,61659811081,1789006526221047,1789006526222509,74076,0,1,1,44208,44208,44208
3639,61659844389,1789006526254913,1789006526256362,74076,0,1,1,43914,43914,43914
3640,61659877698,1789006526287533,1789006526289456,74076,0,1,1,44108,44108,44108
3641,61659911007,1789006526321224,1789006526322345,74076,0,1,1,44309,44309,44309
3642,61659944315,1789006526354166,1789006526355963,74076,0,1,1,44128,44128,44128
3643,61659977624,1789006526387483,1789006526389132,74076,0,1,1,43202,43202,43202
3644,61660010932,1789006526420890,1789006526422411,74076,0,1,1,43294,43294,43294
3645,61660044241,1789006526454702,1789006526456272,74076,0,1,1,43408,43408,43408
3646,61660077550,1789006526487453,1789006526489014,74076,0,1,1,43977,43977,43977
3647,61660110858,1789006526520798,1789006526522308,74076,0,1,1,44246,44246,44246
3648,61660144167,1789006526554019,1789006526556260,74076,0,1,1,43253,43253,43253
3649,61660177475,1789006526587327,1789006526588820,74076,0,1,1,43088,43088,43088
3650,61660210784,1789006526620728,1789006526622160,74076,0,1,1,43152,43152,43152
3651,61660244093,1789006526656514,1789006526666006,74076,0,1,1,43375,43375,43375
3652,61660277401,1789006526687238,1789006526688683,74076,0,1,1,43489,43489,43489
3653,61660310710,1789006526720664,1789006526722085,74076,0,1,1,43364,43364,43364
3654,61660344018,1789006526753964,1789006526755304,74076,0,1,1,44037,44037,44037
3655,61660377327,1789006526787118,1789006526788804,74076,0,1,1,43504,43504,43504
3656,61660410636,1789006526820519,1789006526821908,74076,0,1,1,44109,44109,44109
3657,61660443944,1789006526853959,1789006526855185,74076,0,1,1,43457,43457,43457
3658,61660477253,1789006526887675,1789006526889297,74076,0,1,1,44279,44279,44279
3659,61660510561,1789006526920488,1789006526921981,74076,0,1,1,43854,43854,43854
3660,61660543870,1789006526953769,1789006526955349,74076,0,1,1,44095,44095,44095
3661,61660577179,1789006526987676,1789006526989210,74076,0,1,1,43937,43937,43937
3662,61660610487,1789006527020451,1789006527022177,74076,0,1,1,43536,43536,43536
3663,61660643796,1789006527053658,1789006527055169,74076,0,1,1,44111,44111,44111
3664,61660677104,1789006527087480,1789006527089117,74076,0,1,1,43512,43512,43512
3665,61660710413,1789006527120335,1789006527121820,74076,0,1,1,43987,43987,43987
3666,61660743722,1789006527153595,1789006527154866,74076,0,1,1,44051,44051,44051
3667,61660777030,1789006527187060,1789006527189082,74076,0,1,1,44314,44314,44314
3668,61660810339,1789006527220264,1789006527221798,74076,0,1,1,43490,43490,43490
3669,61660843647,1789006527253551,1789006527254861,74076,0,1,1,43422,43422,43422
3670,61660876956,1789006527287504,1789006527289197,74076,0,1,1,44173,44173,44173
3671,61660910265,1789006527320201,1789006527321725,74076,0,1,1,43943,43943,43943
3672,61660943573,1789006527353537,1789006527355013,74076,0,1,1,43318,43318,43318
3673,61660976882,1789006527386647,1789006527388686,74076,0,1,1,43374,43374,43374
3674,61661010190,1789006527420104,1789006527421564,74076,0,1,1,43314,43314,43314
3675,61661043499,1789006527453439,1789006527454754,74076,0,1,1,43964,43964,43964
3676,61661076808,1789006527487201,1789006527489010,74076,0,1,1,44266,44266,44266
3677,61661110116,1789006527520315,1789006527521437,74076,0,1,1,43420,43420,43420
3678,61661143425,1789006527553373,1789006527554766,74076,0,1,1,43762,43762,43762
3679,61661176733,1789006527586999,1789006527588680,74076,0,1,1,43436,43436,43436
3680,61661210042,1789006527620037,1789006527621465,74076,0,1,1,44100,44100,44100
3681,61661243351,1789006527653188,1789006527654662,74076,0,1,1,43394,43394,43394
3682,61661276659,1789006527689434,1789006527691376,74076,0,1,1,44310,44310,44310
3683,61661309968,1789006527719942,1789006527721601,74076,0,1,1,43337,43337,43337
3684,61661343276,1789006527753156,1789006527754482,74076,0,1,1,43254,43254,43254
3685,61661376585,1789006527786474,1789006527787972,74076,0,1,1,44075,44075,44075
3686,61661409894,1789006527820340,1789006527821905,74076,0,1,1,43479,43479,43479
3687,61661443202,1789006527853065,1789006527854405,74076,0,1,1,44048,44048,44048
3688,61661476511,1789006527886463,1789006527887868,74076,0,1,1,43479,43479,43479
3689,61661509819,1789006527919776,1789006527921226,74076,0,1,1,44228,44228,44228
3690,61661543128,1789006527953039,1789006527954379,74076,0,1,1,43295,43295,43295
3691,61661576437,1789006527986313,1789006527988158,74076,0,1,1,43597,43597,43597
3692,61661609745,1789006528019995,1789006528021757,74076,0,1,1,44017,44017,44017
3693,61661643054,1789006528052943,1789006528054334,74076,0,1,1,43323,43323,43323
3694,61661676362,1789006528086275,1789006528087693,74076,0,1,1,43439,43439,43439
3695,61661709671,1789006528120035,1789006528121657,74076,0,1,1,44031,44031,44031
3696,61661742980,1789006528152843,1789006528154202,74076,0,1,1,43996,43996,43996
3697,61661776288,1789006528186218,1789006528187571,74076,0,1,1,44150,44150,44150
3698,61661809597,1789006528219761,1789006528222051,74076,0,1,1,43068,43068,43068
3699,61661842905,1789006528252765,1789006528254190,74076,0,1,1,43780,43780,43780
3700,61661876214,1789006528286110,1789006528287488,74076,0,1,1,44320,44320,44320
3701,61661909523,1789006528319439,1789006528321534,74076,0,1,1,43261,43261,43261
3702,61661942831,1789006528352774,1789006528354098,74076,0,1,1,43924,43924,43924
3703,61661976140,1789006528386306,1789006528387445,74076,0,1,1,43405,43405,43405
3704,61662009448,1789006528419645,1789006528421342,74076,0,1,1,43369,43369,43369
3705,61662042757,1789006528452659,1789006528454211,74076,0,1,1,44082,44082,44082
3706,61662076066,1789006528486074,1789006528487382,74076,0,1,1,44053,44053,44053
3707,61662109374,1789006528519785,1789006528521290,74076,0,1,1,44225,44225,44225
3708,61662142683,1789006528552564,1789006528554104,74076,0,1,1,44070,44070,44070
3709,61662175991,1789006528586137,1789006528587243,74076,0,1,1,43609,43609,43609
3710,61662209300,1789006528619757,1789006528621727,74076,0,1,1,43941,43941,43941
3711,61662242609,1789006528652477,1789006528653977,74076,0,1,1,43350,43350,43350
3712,61662275917,1789006528685877,1789006528687215,74076,0,1,1,43932,43932,43932
3713,61662309226,1789006528719682,1789006528721394,74076,0,1,1,43351,43351,43351
3714,61662342534,1789006528752495,1789006528753760,74076,0,1,1,44032,44032,44032
3715,61662375843,1789006528785646,1789006528787195,74076,0,1,1,43996,43996,43996
3716,61662409152,1789006528819113,1789006528820442,74076,0,1,1,43373,43373,43373
3717,61662442460,1789006528852429,1789006528854075,74076,0,1,1,44172,44172,44172
3718,61662475769,1789006528885685,1789006528887137,74076,0,1,1,43397,43397,43397
3719,61662509077,1789006528919053,1789006528920499,74076,0,1,1,43442,43442,43442
3720,61662542386,1789006528952713,1789006528954307,74076,0,1,1,43305,43305,43305
3721,61662575695,1789006528985558,1789006528986969,74076,0,1,1,44086,44086,44086
3722,61662609003,1789006529018873,1789006529020975,74076,0,1,1,44049,44049,44049
3723,61662642312,1789006529052626,1789006529054225,74076,0,1,1,43436,43436,43436
3724,61662675620,1789006529085559,1789006529087020,74076,0,1,1,43298,43298,43298
3725,61662708929,1789006529118911,1789006529120304,74076,0,1,1,43304,43304,43304
3726,61662742238,1789006529152618,1789006529154511,74076,0,1,1,44149,44149,44149
3727,61662775546,1789006529185471,1789006529186773,74076,0,1,1,44196,44196,44196
3728,61662808855,1789006529219112,1789006529220342,74076,0,1,1,43982,43982,43982
3729,61662842163,1789006529252107,1789006529254122,74076,0,1,1,43372,43372,43372
3730,61662875472,1789006529285443,1789006529286583,74076,0,1,1,44034,44034,44034
3731,61662908781,1789006529318738,1789006529320241,74076,0,1,1,44094,44094,44094
3732,61662942089,1789006529352574,1789006529354178,74076,0,1,1,43488,43488,43488
3733,61662975398,1789006529385324,1789006529386595,74076,0,1,1,43592,43592,43592
3734,61663008706,1789006529418631,1789006529420125,74076,0,1,1,43314,43314,43314
3735,61663042015,1789006529452333,1789006529453964,74076,0,1,1,43373,43373,43373
3736,61663075324,1789006529485541,1789006529486633,74076,0,1,1,44072,44072,44072
3737,61663108632,1789006529518587,1789006529519954,74076,0,1,1,44093,44093,44093
3738,61663141941,1789006529552283,1789006529553973,74076,0,1,1,43970,43970,43970
3739,61663175249,1789006529585195,1789006529586713,74076,0,1,1,43862,43862,43862
3740,61663208558,1789006529618597,1789006529619936,74076,0,1,1,43300,43300,43300
3741,61663241867,1789006529651955,1789006529653814,74076,0,1,1,43152,43152,43152
3742,61663275175,1789006529685041,1789006529686541,74076,0,1,1,43975,43975,43975
3743,61663308484,1789006529718429,1789006529719752,74076,0,1,1,43909,43909,43909
3744,61663341792,1789006529752168,1789006529753810,74076,0,1,1,43946,43946,43946
3745,61663375101,1789006529785082,1789006529786428,74076,0,1,1,43412,43412,43412
3746,61663408410,1789006529818326,1789006529819767,74076,0,1,1,44020,44020,44020
3747,61663441718,1789006529851849,1789006529853881,74076,0,1,1,43896,43896,43896
3748,61663475027,1789006529884919,1789006529886265,74076,0,1,1,43406,43406,43406
3749,61663508335,1789006529918209,1789006529919698,74076,0,1,1,43281,43281,43281
3750,61663541644,1789006529951513,1789006529953640,74076,0,1,1,43962,43962,43962
3751,61663574953,1789006529985040,1789006529986471,74076,0,1,1,44189,44189,44189
3752,61663608261,1789006530018207,1789006530019680,74076,0,1,1,43372,43372,43372
3753,61663641570,1789006530051951,1789006530053777,74076,0,1,1,43320,43320,43320
3754,61663674878,1789006530085304,1789006530086930,74076,0,1,1,44125,44125,44125
3755,61663708187,1789006530118082,1789006530119699,74076,0,1,1,44220,44220,44220
3756,61663741496,1789006530151394,1789006530153320,74076,0,1,1,43405,43405,43405
3757,61663774804,1789006530185206,1789006530186606,74076,0,1,1,44080,44080,44080
3758,61663808113,1789006530218054,1789006530219634,74076,0,1,1,43406,43406,43406
3759,61663841421,1789006530251269,1789006530252958,74076,0,1,1,43231,43231,43231
3760,61663874730,1789006530285134,1789006530286947,74076,0,1,1,43995,43995,43995
3761,61663908039,1789006530319389,1789006530320706,74076,0,1,1,43582,43582,43582
3762,61663941347,1789006530351225,1789006530352699,74076,0,1,1,43397,43397,43397
3763,61663974656,1789006530384919,1789006530386880,74076,0,1,1,43344,43344,43344
3764,61664007964,1789006530417853,1789006530419278,74076,0,1,1,43318,43318,43318
3765,61664041273,1789006530451271,1789006530452630,74076,0,1,1,44126,44126,44126
3766,61664074582,1789006530484829,1789006530486503,74076,0,1,1,44100,44100,44100
3767,61664107890,1789006530517778,1789006530519061,74076,0,1,1,43389,43389,43389
3768,61664141199,1789006530551146,1789006530552616,74076,0,1,1,43161,43161,43161
3769,61664174507,1789006530584928,1789006530586620,74076,0,1,1,43198,43198,43198
3770,61664207816,1789006530617696,1789006530619232,74076,0,1,1,44112,44112,44112
3771,61664241125,1789006530651088,1789006530652650,74076,0,1,1,43942,43942,43942
3772,61664274433,1789006530684656,1789006530686441,74076,0,1,1,43962,43962,43962
3773,61664307742,1789006530717644,1789006530719581,74076,0,1,1,44044,44044,44044
3774,61664341050,1789006530750997,1789006530752712,74076,0,1,1,43299,43299,43299
3775,61664374359,1789006530784254,1789006530785691,74076,0,1,1,43923,43923,43923
3776,61664407668,1789006530817583,1789006530818941,74076,0,1,1,43994,43994,43994
3777,61664440976,1789006530850913,1789006530852490,74076,0,1,1,44160,44160,44160
3778,61664474285,1789006530884648,1789006530886106,74076,0,1,1,43276,43276,43276
3779,61664507593,1789006530917538,1789006530918839,74076,0,1,1,43413,43413,43413
3780,61664540902,1789006530950738,1789006530952271,74076,0,1,1,44098,44098,44098
3781,61664574211,1789006530984205,1789006530985522,74076,0,1,1,44022,44022,44022
3782,61664607519,1789006531017578,1789006531018745,74076,0,1,1,44139,44139,44139
3783,61664640828,1789006531050742,1789006531052213,74076,0,1,1,43837,43837,43837
3784,61664674136,1789006531084010,1789006531085603,74076,0,1,1,43462,43462,43462
3785,61664707445,1789006531118433,1789006531120256,74076,0,1,1,44023,44023,44023
3786,61664740754,1789006531150689,1789006531152109,74076,0,1,1,43322,43322,43322
3787,61664774062,1789006531183966,1789006531185513,74076,0,1,1,44051,44051,44051
3788,61664807371,1789006531217711,1789006531219828,74076,0,1,1,43369,43369,43369
3789,61664840679,1789006531250520,1789006531252098,74076,0,1,1,43255,43255,43255
3790,61664873988,1789006531283964,1789006531286114,74076,0,1,1,44076,44076,44076
3791,61664907297,1789006531317670,1789006531319218,74076,0,1,1,43962,43962,43962
3792,61664940605,1789006531350992,1789006531352144,74076,0,1,1,44079,44079,44079
3793,61664973914,1789006531383892,1789006531385318,74076,0,1,1,44035,44035,44035
3794,61665007222,1789006531417603,1789006531419223,74076,0,1,1,44040,44040,44040
3795,61665040531,1789006531450511,1789006531451835,74076,0,1,1,43290,43290,43290
3796,61665073840,1789006531483747,1789006531485493,74076,0,1,1,43280,43280,43280
3797,61665107148,1789006531517495,1789006531519041,74076,0,1,1,44050,44050,44050
3798,61665140457,1789006531550397,1789006531551617,74076,0,1,1,43846,43846,43846
3799,61665173765,1789006531583720,1789006531585232,74076,0,1,1,43956,43956,43956
3800,61665207074,1789006531617656,1789006531619341,74076,0,1,1,43402,43402,43402
3801,61665240383,1789006531650228,1789006531651689,74076,0,1,1,43181,43181,43181
3802,61665273691,1789006531683662,1789006531685189,74076,0,1,1,43383,43383,43383
3803,61665307000,1789006531717502,1789006531719096,74076,0,1,1,43953,43953,43953
3804,61665340308,1789006531750157,1789006531751626,74076,0,1,1,44133,44133,44133
3805,61665373617,1789006531783530,1789006531785156,74076,0,1,1,43912,43912,43912
3806,61665406926,1789006531817294,1789006531818872,74076,0,1,1,43974,43974,43974
3807,61665440234,1789006531850103,1789006531851449,74076,0,1,1,43460,43460,43460
3808,61665473543,1789006531883513,1789006531885001,74076,0,1,1,44175,44175,44175
3809,61665506851,1789006531916729,1789006531918349,74076,0,1,1,44009,44009,44009
3810,61665540160,1789006531950019,1789006531951359,74076,0,1,1,43721,43721,43721
3811,61665573469,1789006531983463,1789006531984808,74076,0,1,1,43394,43394,43394
3812,61665606777,1789006532017307,1789006532018770,74076,0,1,1,43399,43399,43399
3813,61665640086,1789006532049998,1789006532051444,74076,0,1,1,44086,44086,44086
3814,61665673394,1789006532083393,1789006532084896,74076,0,1,1,43313,43313,43313
3815,61665706703,1789006532117004,1789006532118582,74076,0,1,1,43292,43292,43292
3816,61665740012,1789006532150060,1789006532151628,74076,0,1,1,43449,43449,43449
3817,61665773320,1789006532183281,1789006532184690,74076,0,1,1,43848,43848,43848
3818,61665806629,1789006532216645,1789006532218154,74076,0,1,1,43380,43380,43380
3819,61665839937,1789006532250366,1789006532251731,74076,0,1,1,43201,43201,43201
3820,61665873246,1789006532283197,1789006532284726,74076,0,1,1,43414,43414,43414
3821,61665906555,1789006532316542,1789006532318038,74076,0,1,1,43372,43372,43372
3822,61665939863,1789006532350246,1789006532351718,74076,0,1,1,43200,43200,43200
3823,61665973172,1789006532383213,1789006532384655,74076,0,1,1,44067,44067,44067
3824,61666006480,1789006532417414,1789006532418062,74076,0,1,1,43353,43353,43353
3825,61666039789,1789006532450212,1789006532451941,74076,0,1,1,43264,43264,43264
3826,61666073098,1789006532483037,1789006532484555,74076,0,1,1,44072,44072,44072
3827,61666106406,1789006532516376,1789006532517874,74076,0,1,1,43341,43341,43341
3828,61666139715,1789006532550726,1789006532552467,74076,0,1,1,43201,43201,43201
3829,61666173023,1789006532582982,1789006532584471,74076,0,1,1,43844,43844,43844
3830,61666206332,1789006532616240,1789006532617829,74076,0,1,1,43844,43844,43844
3831,61666239641,1789006532651331,1789006532652837,74076,0,1,1,43360,43360,43360
3832,61666272949,1789006532682895,1789006532684365,74076,0,1,1,43190,43190,43190
3833,61666306258,1789006532716273,1789006532717756,74076,0,1,1,43196,43196,43196
3834,61666339566,1789006532749918,1789006532751498,74076,0,1,1,43391,43391,43391
3835,61666372875,1789006532782839,1789006532784262,74076,0,1,1,43373,43373,43373
3836,61666406184,1789006532816156,1789006532817855,74076,0,1,1,43339,43339,43339
3837,61666439492,1789006532849922,1789006532851491,74076,0,1,1,43328,43328,43328
3838,61666472801,1789006532882744,1789006532884211,74076,0,1,1,43307,43307,43307
3839,61666506109,1789006532916192,1789006532917555,74076,0,1,1,43371,43371,43371
3840,61666539418,1789006532949397,1789006532950837,74076,0,1,1,43367,43367,43367
3841,61666572727,1789006532982657,1789006532984209,74076,0,1,1,43190,43190,43190
3842,61666606035,1789006533016253,1789006533017457,74076,0,1,1,43948,43948,43948
3843,61666639344,1789006533049373,1789006533050657,74076,0,1,1,43869,43869,43869
3844,61666672652,1789006533082537,1789006533084151,74076,0,1,1,43781,43781,43781
3845,61666705961,1789006533116142,1789006533117428,74076,0,1,1,43388,43388,43388
3846,61666739270,1789006533149560,1789006533151013,74076,0,1,1,43316,43316,43316
3847,61666772578,1789006533182543,1789006533183879,74076,0,1,1,43268,43268,43268
3848,61666805887,1789006533215899,1789006533217458,74076,0,1,1,44100,44100,44100
3849,61666839195,1789006533249570,1789006533251183,74076,0,1,1,43362,43362,43362
3850,61666872504,1789006533282731,1789006533284541,74076,0,1,1,44123,44123,44123
3851,61666905813,1789006533315846,1789006533317375,74076,0,1,1,43278,43278,43278
3852,61666939121,1789006533349114,1789006533351022,74076,0,1,1,43439,43439,43439
3853,61666972430,1789006533383059,1789006533384696,74076,0,1,1,43291,43291,43291
3854,61667005738,1789006533415729,1789006533417664,74076,0,1,1,43021,43021,43021
3855,61667039047,1789006533449369,1789006533452201,74076,0,1,1,44142,44142,44142
3856,61667072356,1789006533482728,1789006533484490,74076,0,1,1,43405,43405,43405
3857,61667105664,1789006533515642,1789006533517192,74076,0,1,1,43426,43426,43426
3858,61667138973,1789006533548953,1789006533550593,74076,0,1,1,43408,43408,43408
3859,61667172281,1789006533582632,1789006533584263,74076,0,1,1,43867,43867,43867
3860,61667205590,1789006533615454,1789006533617261,74076,0,1,1,43962,43962,43962
3861,61667238899,1789006533649111,1789006533650459,74076,0,1,1,43917,43917,43917
3862,61667272207,1789006533682599,1789006533684040,74076,0,1,1,43770,43770,43770
3863,61667305516,1789006533715520,1789006533716960,74076,0,1,1,43363,43363,43363
3864,61667338824,1789006533748735,1789006533750511,74076,0,1,1,43372,43372,43372
3865,61667372133,1789006533782669,1789006533784408,74076,0,1,1,44007,44007,44007
3866,61667405442,1789006533815406,1789006533816910,74076,0,1,1,44075,44075,44075
3867,61667438750,1789006533848721,1789006533850267,74076,0,1,1,44048,44048,44048
3868,61667472059,1789006533882297,1789006533884004,74076,0,1,1,43889,43889,43889
3869,61667505367,1789006533915276,1789006533917065,74076,0,1,1,44176,44176,44176
3870,61667538676,1789006533948661,1789006533950236,74076,0,1,1,43401,43401,43401
3871,61667571985,1789006533982358,1789006533985034,74076,0,1,1,43373,43373,43373
3872,61667605293,1789006534015274,1789006534016911,74076,0,1,1,44011,44011,44011
3873,61667638602,1789006534048599,1789006534050239,74076,0,1,1,43940,43940,43940
3874,61667671910,1789006534082249,1789006534083949,74076,0,1,1,43862,43862,43862
3875,61667705219,1789006534115154,1789006534116891,74076,0,1,1,43255,43255,43255
3876,61667738528,1789006534148482,1789006534150490,74076,0,1,1,43258,43258,43258
3877,61667771836,1789006534182340,1789006534184194,74076,0,1,1,43210,43210,43210
3878,61667805145,1789006534215199,1789006534216838,74076,0,1,1,44157,44157,44157
3879,61667838453,1789006534248426,1789006534249959,74076,0,1,1,43977,43977,43977
3880,61667871762,1789006534281811,1789006534283844,74076,0,1,1,43804,43804,43804
3881,61667905071,1789006534315049,1789006534316559,74076,0,1,1,44067,44067,44067
3882,61667938379,1789006534348356,1789006534349898,74076,0,1,1,44029,44029,44029
3883,61667971688,1789006534382180,1789006534384043,74076,0,1,1,44048,44048,44048
3884,61668004996,1789006534415948,1789006534418439,74076,0,1,1,43312,43312,43312
3885,61668038305,1789006534448285,1789006534449815,74076,0,1,1,44292,44292,44292
3886,61668071614,1789006534481538,1789006534483605,74076,0,1,1,43490,43490,43490
3887,61668104922,1789006534515430,1789006534516998,74076,0,1,1,44142,44142,44142
3888,61668138231,1789006534548185,1789006534549686,74076,0,1,1,43326,43326,43326
3889,61668171539,1789006534581503,1789006534582977,74076,0,1,1,43218,43218,43218
3890,61668204848,1789006534615330,1789006534618044,74076,0,1,1,43914,43914,43914
3891,61668238157,1789006534648136,1789006534649707,74076,0,1,1,43347,43347,43347
3892,61668271465,1789006534681445,1789006534682897,74076,0,1,1,43844,43844,43844
3893,61668304774,1789006534715140,1789006534716812,74076,0,1,1,44067,44067,44067
3894,61668338082,1789006534748067,1789006534749670,74076,0,1,1,43955,43955,43955
3895,61668371391,1789006534781477,1789006534782728,74076,0,1,1,43230,43230,43230
3896,61668404700,1789006534814694,1789006534816816,74076,0,1,1,44217,44217,44217
3897,61668438008,1789006534847985,1789006534849556,74076,0,1,1,43973,43973,43973
3898,61668471317,1789006534881291,1789006534882769,74076,0,1,1,44063,44063,44063
3899,61668504625,1789006534914591,1789006534916367,74076,0,1,1,43979,43979,43979
3900,61668537934,1789006534948390,1789006534949412,74076,0,1,1,43408,43408,43408
3901,61668571243,1789006534981486,1789006534982880,74076,0,1,1,43929,43929,43929
3902,61668604551,1789006535015747,1789006535016503,74076,0,1,1,44070,44070,44070
3903,61668637860,1789006535047854,1789006535049661,74076,0,1,1,44039,44039,44039
3904,61668671168,1789006535081168,1789006535082739,74076,0,1,1,43281,43281,43281
3905,61668704477,1789006535121463,1789006535122038,74076,0,1,1,43363,43363,43363
3906,61668737786,1789006535147747,1789006535149405,74076,0,1,1,44025,44025,44025
3907,61668771094,1789006535181104,1789006535182439,74076,0,1,1,43210,43210,43210
3908,61668804403,1789006535214637,1789006535216509,74076,0,1,1,44168,44168,44168
3909,61668837711,1789006535247692,1789006535249321,74076,0,1,1,43256,43256,43256
3910,61668871020,1789006535281103,1789006535282584,74076,0,1,1,43328,43328,43328
3911,61668904329,1789006535314585,1789006535316616,74076,0,1,1,43336,43336,43336
3912,61668937637,1789006535347568,1789006535349135,74076,0,1,1,43452,43452,43452
3913,61668970946,1789006535380938,1789006535382420,74076,0,1,1,43260,43260,43260
3914,61669004254,1789006535414760,1789006535416472,74076,0,1,1,43339,43339,43339
3915,61669037563,1789006535447911,1789006535449194,74076,0,1,1,43525,43525,43525
3916,61669070872,1789006535480864,1789006535482331,74076,0,1,1,44169,44169,44169
3917,61669104180,1789006535514150,1789006535515780,74076,0,1,1,43958,43958,43958
3918,61669137489,1789006535547885,1789006535549661,74076,0,1,1,43509,43509,43509
3919,61669170797,1789006535581489,1789006535582376,74076,0,1,1,44154,44154,44154
3920,61669204106,1789006535614063,1789006535615789,74076,0,1,1,43192,43192,43192
3921,61669237415,1789006535647808,1789006535649907,74076,0,1,1,43286,43286,43286
3922,61669270723,1789006535680783,1789006535682379,74076,0,1,1,43931,43931,43931
3923,61669304032,1789006535713997,1789006535715626,74076,0,1,1,43111,43111,43111
3924,61669337340,1789006535747752,1789006535749467,74076,0,1,1,43218,43218,43218
3925,61669370649,1789006535780699,1789006535782185,74076,0,1,1,43951,43951,43951
3926,61669403958,1789006535813995,1789006535815415,74076,0,1,1,43311,43311,43311
3927,61669437266,1789006535847845,1789006535849505,74076,0,1,1,43994,43994,43994
3928,61669470575,1789006535880672,1789006535882131,74076,0,1,1,44149,44149,44149
3929,61669503883,1789006535913868,1789006535915383,74076,0,1,1,43970,43970,43970
3930,61669537192,1789006535947063,1789006535948746,74076,0,1,1,43365,43365,43365
3931,61669570501,1789006535980543,1789006535982076,74076,0,1,1,43350,43350,43350
3932,61669603809,1789006536013705,1789006536015147,74076,0,1,1,43384,43384,43384
3933,61669637118,1789006536047044,1789006536048913,74076,0,1,1,43154,43154,43154
3934,61669670426,1789006536080442,1789006536083184,74076,0,1,1,43370,43370,43370
3935,61669703735,1789006536113686,1789006536115072,74076,0,1,1,43340,43340,43340
3936,61669737044,1789006536146998,1789006536148736,74076,0,1,1,43338,43338,43338
3937,61669770352,1789006536180396,1789006536181859,74076,0,1,1,43447,43447,43447
3938,61669803661,1789006536213629,1789006536215014,74076,0,1,1,44267,44267,44267
3939,61669836969,1789006536247250,1789006536248890,74076,0,1,1,43350,43350,43350
3940,61669870278,1789006536280271,1789006536281904,74076,0,1,1,44045,44045,44045
3941,61669903587,1789006536313608,1789006536315126,74076,0,1,1,44073,44073,44073
3942,61669936895,1789006536347367,1789006536348836,74076,0,1,1,43376,43376,43376
3943,61669970204,1789006536380287,1789006536381901,74076,0,1,1,43394,43394,43394
3944,61670003512,1789006536413531,1789006536414912,74076,0,1,1,43284,43284,43284
3945,61670036821,1789006536446744,1789006536448246,74076,0,1,1,44035,44035,44035
3946,61670070130,1789006536480282,1789006536481781,74076,0,1,1,43431,43431,43431
3947,61670103438,1789006536513462,1789006536514744,74076,0,1,1,43120,43120,43120
3948,61670136747,1789006536546714,1789006536548460,74076,0,1,1,43986,43986,43986
3949,61670170055,1789006536580465,1789006536582043,74076,0,1,1,43366,43366,43366
3950,61670203364,1789006536613470,1789006536614553,74076,0,1,1,43364,43364,43364
3951,61670236673,1789006536646735,1789006536648118,74076,0,1,1,43367,43367,43367
3952,61670269981,1789006536680493,1789006536682198,74076,0,1,1,43370,43370,43370
3953,61670303290,1789006536713246,1789006536714828,74076,0,1,1,43922,43922,43922
3954,61670336598,1789006536746581,1789006536748025,74076,0,1,1,44070,44070,44070
3955,61670369907,1789006536780349,1789006536781978,74076,0,1,1,43383,43383,43383
3956,61670403216,1789006536813246,1789006536814610,74076,0,1,1,43309,43309,43309
3957,61670436524,1789006536846632,1789006536847920,74076,0,1,1,44014,44014,44014
3958,61670469833,1789006536879855,1789006536881955,74076,0,1,1,43315,43315,43315
3959,61670503141,1789006536913180,1789006536914490,74076,0,1,1,43999,43999,43999
3960,61670536450,1789006536946484,1789006536947847,74076,0,1,1,43965,43965,43965
3961,61670569759,1789006536979832,1789006536981756,74076,0,1,1,44272,44272,44272
3962,61670603067,1789006537013163,1789006537014493,74076,0,1,1,43892,43892,43892
3963,61670636376,1789006537046302,1789006537047689,74076,0,1,1,44109,44109,44109
3964,61670669684,1789006537080267,1789006537081698,74076,0,1,1,43990,43990,43990
3965,61670702993,1789006537113112,1789006537114246,74076,0,1,1,43280,43280,43280
3966,61670736302,1789006537146308,1789006537147671,74076,0,1,1,44069,44069,44069
3967,61670769610,1789006537179707,1789006537181640,74076,0,1,1,43718,43718,43718
3968,61670802919,1789006537212952,1789006537214246,74076,0,1,1,44134,44134,44134
3969,61670836227,1789006537246293,1789006537247664,74076,0,1,1,43368,43368,43368
3970,61670869536,1789006537279988,1789006537281765,74076,0,1,1,43316,43316,43316
3971,61670902845,1789006537312916,1789006537314165,74076,0,1,1,44091,44091,44091
3972,61670936153,1789006537346389,1789006537347571,74076,0,1,1,43407,43407,43407
3973,61670969462,1789006537379513,1789006537381525,74076,0,1,1,43479,43479,43479
3974,61671002770,1789006537412801,1789006537414167,74076,0,1,1,43256,43256,43256
3975,61671036079,1789006537446189,1789006537447431,74076,0,1,1,44126,44126,44126
3976,61671069388,1789006537479879,1789006537481263,74076,0,1,1,44012,44012,44012
3977,61671102696,1789006537512768,1789006537514471,74076,0,1,1,43987,43987,43987
3978,61671136005,1789006537546256,1789006537547343,74076,0,1,1,44290,44290,44290
3979,61671169313,1789006537579386,1789006537580959,74076,0,1,1,43315,43315,43315
3980,61671202622,1789006537613077,1789006537614602,74076,0,1,1,43901,43901,43901
3981,61671235931,1789006537646597,1789006537647556,74076,0,1,1,43265,43265,43265
3982,61671269239,1789006537679300,1789006537681318,74076,0,1,1,43271,43271,43271
3983,61671302548,1789006537713009,1789006537714524,74076,0,1,1,44050,44050,44050
3984,61671335856,1789006537746071,1789006537747195,74076,0,1,1,43336,43336,43336
3985,61671369165,1789006537779322,1789006537780622,74076,0,1,1,44121,44121,44121
3986,61671402474,1789006537812538,1789006537814726,74076,0,1,1,44232,44232,44232
3987,61671435782,1789006537846091,1789006537847192,74076,0,1,1,43194,43194,43194
3988,61671469091,1789006537879200,1789006537880829,74076,0,1,1,44086,44086,44086
3989,61671502399,1789006537912309,1789006537914001,74076,0,1,1,43879,43879,43879
3990,61671535708,1789006537945746,1789006537947201,74076,0,1,1,43946,43946,43946
3991,61671569017,1789006537979230,1789006537980434,74076,0,1,1,44031,44031,44031
3992,61671602325,1789006538013562,1789006538015541,74076,0,1,1,43368,43368,43368
3993,61671635634,1789006538045633,1789006538046980,74076,0,1,1,43858,43858,43858
3994,61671668942,1789006538079004,1789006538080438,74076,0,1,1,43877,43877,43877
3995,61671702251,1789006538112663,1789006538114331,74076,0,1,1,43995,43995,43995
3996,61671735560,1789006538145604,1789006538147136,74076,0,1,1,43935,43935,43935
3997,61671768868,1789006538179068,1789006538181602,74076,0,1,1,43438,43438,43438
3998,61671802177,1789006538212613,1789006538214103,74076,0,1,1,43999,43999,43999
3999,61671835485,1789006538245434,1789006538246995,74076,0,1,1,44028,44028,44028
4000,61671868794,1789006538278818,1789006538280272,74076,0,1,1,43240,43240,43240
4001,61671902103,1789006538312525,1789006538314570,74076,0,1,1,44046,44046,44046
4002,61671935411,1789006538345437,1789006538346956,74076,0,1,1,43914,43914,43914
4003,61671968720,1789006538378835,1789006538380210,74076,0,1,1,43850,43850,43850
4004,61672002028,1789006538412000,1789006538413434,74076,0,1,1,43796,43796,43796
4005,61672035337,1789006538445377,1789006538447069,74076,0,1,1,43611,43611,43611
4006,61672068646,1789006538478639,1789006538480064,74076,0,1,1,43656,43656,43656
4007,61672101954,1789006538511919,1789006538513366,74076,0,1,1,43750,43750,43750
4008,61672135263,1789006538545354,1789006538546973,74076,0,1,1,43546,43546,43546
4009,61672168571,1789006538578718,1789006538580208,74076,0,1,1,43628,43628,43628
4010,61672201880,1789006538612025,1789006538613962,74076,0,1,1,42912,42912,42912
4011,61672235189,1789006538645673,1789006538648758,74076,0,1,1,43656,43656,43656
4012,61672268497,1789006538678567,1789006538679827,74076,0,1,1,43337,43337,43337
4013,61672301806,1789006538712122,1789006538713944,74076,0,1,1,42790,42790,42790
4014,61672335114,1789006538746502,1789006538748066,74076,0,1,1,43254,43254,43254
4015,61672368423,1789006538778523,1789006538779800,74076,0,1,1,42561,42561,42561
4016,61672401732,1789006538811782,1789006538813300,74076,0,1,1,43296,43296,43296
4017,61672435040,1789006538845611,1789006538847721,74076,0,1,1,43213,43213,43213
4018,61672468349,1789006538878378,1789006538879727,74076,0,1,1,42500,42500,42500
4019,61672501657,1789006538911691,1789006538913273,74076,0,1,1,42629,42629,42629
4020,61672534966,1789006538945525,1789006538946885,74076,0,1,1,42637,42637,42637
4021,61672568275,1789006538978611,1789006538979840,74076,0,1,1,43431,43431,43431
4022,61672601583,1789006539011561,1789006539013051,74076,0,1,1,42717,42717,42717
4023,61672634892,1789006539045409,1789006539047684,74076,0,1,1,42692,42692,42692
4024,61672668200,1789006539078193,1789006539079653,74076,0,1,1,43495,43495,43495
4025,61672701509,1789006539111598,1789006539112980,74076,0,1,1,43129,43129,43129
4026,61672734818,1789006539145401,1789006539146874,74076,0,1,1,43663,43663,43663
4027,61672768126,1789006539178639,1789006539179658,74076,0,1,1,43227,43227,43227
4028,61672801435,1789006539211431,1789006539212947,74076,0,1,1,43661,43661,43661
4029,61672834743,1789006539245387,1789006539246565,74076,0,1,1,43703,43703,43703
4030,61672868052,1789006539278144,1789006539279435,74076,0,1,1,43122,43122,43122
4031,61672901361,1789006539311383,1789006539312836,74076,0,1,1,43218,43218,43218
4032,61672934669,1789006539344651,1789006539346873,74076,0,1,1,43220,43220,43220
4033,61672967978,1789006539378657,1789006539379731,74076,0,1,1,43138,43138,43138
4034,61673001286,1789006539411353,1789006539412805,74076,0,1,1,43432,43432,43432
4035,61673034595,1789006539444976,1789006539447345,74076,0,1,1,44079,44079,44079
4036,61673067904,1789006539477917,1789006539479343,74076,0,1,1,44067,44067,44067
4037,61673101212,1789006539511239,1789006539512830,74076,0,1,1,44065,44065,44065
4038,61673134521,1789006539544846,1789006539546493,74076,0,1,1,43895,43895,43895
4039,61673167829,1789006539578677,1789006539579918,74076,0,1,1,43798,43798,43798
4040,61673201138,1789006539611086,1789006539612699,74076,0,1,1,43356,43356,43356
4041,61673234447,1789006539644519,1789006539646659,74076,0,1,1,43296,43296,43296
4042,61673267755,1789006539677907,1789006539679325,74076,0,1,1,44135,44135,44135
4043,61673301064,1789006539711093,1789006539712571,74076,0,1,1,43315,43315,43315
4044,61673334372,1789006539744383,1789006539748170,74076,0,1,1,44072,44072,44072
4045,61673367681,1789006539783130,1789006539783493,74076,0,1,1,43260,43260,43260
4046,61673400990,1789006539811013,1789006539812413,74076,0,1,1,43395,43395,43395
4047,61673434298,1789006539844314,1789006539845795,74076,0,1,1,43285,43285,43285
4048,61673467607,1789006539878202,1789006539879659,74076,0,1,1,43846,43846,43846
4049,61673500915,1789006539910880,1789006539912422,74076,0,1,1,43914,43914,43914
4050,61673534224,1789006539944259,1789006539945836,74076,0,1,1,44035,44035,44035
4051,61673567533,1789006539984295,1789006539984802,74076,0,1,1,43938,43938,43938
4052,61673600841,1789006540010761,1789006540012400,74076,0,1,1,43460,43460,43460
4053,61673634150,1789006540044216,1789006540045722,74076,0,1,1,44039,44039,44039
4054,61673667458,1789006540078270,1789006540079730,74076,0,1,1,43914,43914,43914
4055,61673700767,1789006540110691,1789006540112298,74076,0,1,1,44155,44155,44155
4056,61673734076,1789006540144144,1789006540145639,74076,0,1,1,44094,44094,44094
4057,61673767384,1789006540180897,1789006540181401,74076,0,1,1,43864,43864,43864
4058,61673800693,1789006540210634,1789006540212121,74076,0,1,1,44008,44008,44008
4059,61673834001,1789006540244053,1789006540245550,74076,0,1,1,43940,43940,43940
4060,61673867310,1789006540277749,1789006540279455,74076,0,1,1,43733,43733,43733
4061,61673900619,1789006540310613,1789006540312045,74076,0,1,1,43866,43866,43866
4062,61673933927,1789006540343958,1789006540345460,74076,0,1,1,43182,43182,43182
4063,61673967236,1789006540379431,1789006540379983,74076,0,1,1,43248,43248,43248
4064,61674000544,1789006540410476,1789006540412013,74076,0,1,1,43136,43136,43136
4065,61674033853,1789006540443870,1789006540445587,74076,0,1,1,43761,43761,43761
4066,61674067162,1789006540477604,1789006540479184,74076,0,1,1,43989,43989,43989
4067,61674100470,1789006540510405,1789006540511985,74076,0,1,1,43973,43973,43973
4068,61674133779,1789006540543830,1789006540545385,74076,0,1,1,43188,43188,43188
4069,61674167087,1789006540583623,1789006540584150,74076,0,1,1,43163,43163,43163
4070,61674200396,1789006540610463,1789006540611820,74076,0,1,1,43322,43322,43322
4071,61674233705,1789006540643795,1789006540645126,74076,0,1,1,43207,43207,43207
4072,61674267013,1789006540677398,1789006540679149,74076,0,1,1,43182,43182,43182
4073,61674300322,1789006540710403,1789006540711887,74076,0,1,1,43290,43290,43290
4074,61674333630,1789006540743653,1789006540745050,74076,0,1,1,43813,43813,43813
4075,61674366939,1789006540777378,1789006540784107,74076,0,1,1,43818,43818,43818
4076,61674400248,1789006540810735,1789006540813688,74076,0,1,1,43154,43154,43154
4077,61674433556,1789006540843527,1789006540845118,74076,0,1,1,42939,42939,42939
4078,61674466865,1789006540877248,1789006540879040,74076,0,1,1,43076,43076,43076
4079,61674500173,1789006540910155,1789006540911839,74076,0,1,1,43410,43410,43410
4080,61674533482,1789006540943505,1789006540944930,74076,0,1,1,43763,43763,43763
4081,61674566791,1789006540976823,1789006540979988,74076,0,1,1,43080,43080,43080
4082,61674600099,1789006541010595,1789006541012097,74076,0,1,1,43320,43320,43320
4083,61674633408,1789006541043577,1789006541044929,74076,0,1,1,43121,43121,43121
4084,61674666716,1789006541076747,1789006541078069,74076,0,1,1,43163,43163,43163
4085,61674700025,1789006541110360,1789006541112372,74076,0,1,1,43308,43308,43308
4086,61674733334,1789006541143609,1789006541144802,74076,0,1,1,43786,43786,43786
4087,61674766642,1789006541176688,1789006541179940,74076,0,1,1,43834,43834,43834
4088,61674799951,1789006541210460,1789006541212115,74076,0,1,1,43010,43010,43010
4089,61674833259,1789006541243485,1789006541244831,74076,0,1,1,43869,43869,43869
4090,61674866568,1789006541276678,1789006541278080,74076,0,1,1,43292,43292,43292
4091,61674899877,1789006541310348,1789006541312121,74076,0,1,1,43973,43973,43973
4092,61674933185,1789006541343347,1789006541345001,74076,0,1,1,43063,43063,43063
4093,61674966494,1789006541376627,1789006541379890,74076,0,1,1,44005,44005,44005
4094,61674999802,1789006541409993,1789006541411149,74076,0,1,1,43732,43732,43732
4095,61675033111,1789006541443210,1789006541444625,74076,0,1,1,43770,43770,43770
4096,61675066420,1789006541476541,1789006541478005,74076,0,1,1,43750,43750,43750
4097,61675099728,1789006541510139,1789006541511141,74076,0,1,1,43032,43032,43032
4098,61675133037,1789006541543162,1789006541544551,74076,0,1,1,43949,43949,43949
4099,61675166345,1789006541576384,1789006541579763,74076,0,1,1,42984,42984,42984
4100,61675199654,1789006541609717,1789006541611088,74076,0,1,1,43243,43243,43243
4101,61675232963,1789006541643052,1789006541644390,74076,0,1,1,43283,43283,43283
4102,61675266271,1789006541676406,1789006541677783,74076,0,1,1,43188,43188,43188
4103,61675299580,1789006541709918,1789006541711021,74076,0,1,1,43828,43828,43828
4104,61675332888,1789006541743025,1789006541744399,74076,0,1,1,43260,43260,43260
4105,61675366197,1789006541776338,1789006541779575,74076,0,1,1,43275,43275,43275
4106,61675399506,1789006541810014,1789006541810977,74076,0,1,1,43098,43098,43098
4107,61675432814,1789006541843356,1789006541844942,74076,0,1,1,43241,43241,43241
4108,61675466123,1789006541876469,1789006541877593,74076,0,1,1,43939,43939,43939
4109,61675499431,1789006541909708,1789006541910750,74076,0,1,1,43911,43911,43911
4110,61675532740,1789006541942898,1789006541944356,74076,0,1,1,43871,43871,43871
4111,61675566049,1789006541976381,1789006541979690,74076,0,1,1,43206,43206,43206
4112,61675599357,1789006542009737,1789006542010829,74076,0,1,1,43865,43865,43865
4113,61675632666,1789006542043094,1789006542044913,74076,0,1,1,43252,43252,43252
4114,61675665974,1789006542076261,1789006542077391,74076,0,1,1,43679,43679,43679
4115,61675699283,1789006542109788,1789006542110650,74076,0,1,1,43038,43038,43038
4116,61675732592,1789006542143057,1789006542144802,74076,0,1,1,43085,43085,43085
4117,61675765900,1789006542176238,1789006542177315,74076,0,1,1,43144,43144,43144
4118,61675799209,1789006542209404,1789006542211496,74076,0,1,1,43146,43146,43146
4119,61675832517,1789006542243092,1789006542244865,74076,0,1,1,43275,43275,43275
4120,61675865826,1789006542276105,1789006542277251,74076,0,1,1,43218,43218,43218
4121,61675899135,1789006542309762,1789006542310708,74076,0,1,1,43087,43087,43087
4122,61675932443,1789006542345494,1789006542346117,74076,0,1,1,43886,43886,43886
4123,61675965752,1789006542376025,1789006542377377,74076,0,1,1,44031,44031,44031
4124,61675999060,1789006542409875,1789006542410825,74076,0,1,1,43170,43170,43170
4125,61676032369,1789006542442941,1789006542444397,74076,0,1,1,43165,43165,43165
4126,61676065678,1789006542475722,1789006542477282,74076,0,1,1,43197,43197,43197
4127,61676098986,1789006542509611,1789006542510919,74076,0,1,1,43197,43197,43197
4128,61676132295,1789006542545414,1789006542546060,74076,0,1,1,43801,43801,43801
4129,61676165603,1789006542575726,1789006542577262,74076,0,1,1,43812,43812,43812
4130,61676198912,1789006542609004,1789006542610277,74076,0,1,1,43901,43901,43901
4131,61676232221,1789006542642716,1789006542644397,74076,0,1,1,43903,43903,43903
4132,61676265529,1789006542675514,1789006542677011,74076,0,1,1,43216,43216,43216
4133,61676298838,1789006542708901,1789006542710697,74076,0,1,1,43834,43834,43834
4134,61676332146,1789006542742608,1789006542744544,74076,0,1,1,43985,43985,43985
4135,61676365455,1789006542775445,1789006542777300,74076,0,1,1,43327,43327,43327
4136,61676398764,1789006542808832,1789006542810506,74076,0,1,1,43124,43124,43124
4137,61676432072,1789006542842035,1789006542844432,74076,0,1,1,44007,44007,44007
4138,61676465381,1789006542875412,1789006542877134,74076,0,1,1,43372,43372,43372
4139,61676498689,1789006542908773,1789006542913273,74076,0,1,1,43119,43119,43119
4140,61676531998,1789006542942052,1789006542944578,74076,0,1,1,43245,43245,43245
4141,61676565307,1789006542975740,1789006542978076,74076,0,1,1,43660,43660,43660
4142,61676598615,1789006543008641,1789006543010346,74076,0,1,1,43044,43044,43044
4143,61676631924,1789006543042194,1789006543044148,74076,0,1,1,43972,43972,43972
4144,61676665232,1789006543075853,1789006543078898,74076,0,1,1,43186,43186,43186
4145,61676698541,1789006543108637,1789006543110604,74076,0,1,1,43203,43203,43203
4146,61676731850,1789006543141960,1789006543143494,74076,0,1,1,43277,43277,43277
4147,61676765158,1789006543175923,1789006543177906,74076,0,1,1,43116,43116,43116
4148,61676798467,1789006543208541,1789006543210117,74076,0,1,1,43943,43943,43943
4149,61676831775,1789006543241782,1789006543243230,74076,0,1,1,43894,43894,43894
4150,61676865084,1789006543275606,1789006543278281,74076,0,1,1,43030,43030,43030
4151,61676898393,1789006543308455,1789006543310505,74076,0,1,1,42852,42852,42852
4152,61676931701,1789006543341817,1789006543343210,74076,0,1,1,43899,43899,43899
4153,61676965010,1789006543376855,1789006543378741,74076,0,1,1,43971,43971,43971
4154,61676998318,1789006543408375,1789006543410022,74076,0,1,1,43655,43655,43655
4155,61677031627,1789006543441739,1789006543443106,74076,0,1,1,43144,43144,43144
4156,61677064936,1789006543475369,1789006543477566,74076,0,1,1,43972,43972,43972
4157,61677098244,1789006543508302,1789006543509912,74076,0,1,1,43256,43256,43256
4158,61677131553,1789006543541671,1789006543543110,74076,0,1,1,43120,43120,43120
4159,61677164861,1789006543574896,1789006543577216,74076,0,1,1,43733,43733,43733
4160,61677198170,1789006543608220,1789006543609910,74076,0,1,1,43107,43107,43107
4161,61677231479,1789006543641580,1789006543642902,74076,0,1,1,43283,43283,43283
4162,61677264787,1789006543675221,1789006543677384,74076,0,1,1,43295,43295,43295
4163,61677298096,1789006543708161,1789006543710278,74076,0,1,1,43892,43892,43892
4164,61677331404,1789006543741441,1789006543742840,74076,0,1,1,43072,43072,43072
4165,61677364713,1789006543775182,1789006543777066,74076,0,1,1,43290,43290,43290
4166,61677398022,1789006543808067,1789006543809766,74076,0,1,1,43891,43891,43891
4167,61677431330,1789006543841385,1789006543842743,74076,0,1,1,43239,43239,43239
4168,61677464639,1789006543875822,1789006543877270,74076,0,1,1,43146,43146,43146
4169,61677497947,1789006543907998,1789006543909568,74076,0,1,1,43386,43386,43386
4170,61677531256,1789006543941784,1789006543943154,74076,0,1,1,43844,43844,43844
4171,61677564565,1789006543974497,1789006543976096,74076,0,1,1,43982,43982,43982
4172,61677597873,1789006544008023,1789006544009728,74076,0,1,1,43855,43855,43855
4173,61677631182,1789006544041199,1789006544042700,74076,0,1,1,43028,43028,43028
4174,61677664490,1789006544074917,1789006544076742,74076,0,1,1,44036,44036,44036
4175,61677697799,1789006544108356,1789006544109865,74076,0,1,1,43288,43288,43288
4176,61677731108,1789006544141240,1789006544142660,74076,0,1,1,43927,43927,43927
4177,61677764416,1789006544174481,1789006544175963,74076,0,1,1,43916,43916,43916
4178,61677797725,1789006544208208,1789006544209915,74076,0,1,1,43132,43132,43132
4179,61677831033,1789006544241152,1789006544242379,74076,0,1,1,43806,43806,43806
4180,61677864342,1789006544274379,1789006544276193,74076,0,1,1,42984,42984,42984
4181,61677897651,1789006544308221,1789006544309653,74076,0,1,1,44138,44138,44138
4182,61677930959,1789006544341022,1789006544342383,74076,0,1,1,43974,43974,43974
4183,61677964268,1789006544374331,1789006544375820,74076,0,1,1,43918,43918,43918
4184,61677997576,1789006544408072,1789006544409710,74076,0,1,1,43958,43958,43958
4185,61678030885,1789006544440939,1789006544442421,74076,0,1,1,43358,43358,43358
4186,61678064194,1789006544474262,1789006544475862,74076,0,1,1,43227,43227,43227
4187,61678097502,1789006544507629,1789006544510223,74076,0,1,1,43265,43265,43265
4188,61678130811,1789006544540931,1789006544542398,74076,0,1,1,44010,44010,44010
4189,61678164119,1789006544574156,1789006544575653,74076,0,1,1,43962,43962,43962
4190,61678197428,1789006544607942,1789006544609623,74076,0,1,1,43730,43730,43730
4191,61678230737,1789006544640852,1789006544642233,74076,0,1,1,43428,43428,43428
4192,61678264045,1789006544674200,1789006544675610,74076,0,1,1,43359,43359,43359
4193,61678297354,1789006544707793,1789006544709732,74076,0,1,1,43100,43100,43100
4194,61678330662,1789006544740716,1789006544742105,74076,0,1,1,43753,43753,43753
4195,61678363971,1789006544774069,1789006544775646,74076,0,1,1,43807,43807,43807
4196,61678397280,1789006544807722,1789006544809280,74076,0,1,1,43873,43873,43873
4197,61678430588,1789006544840696,1789006544842064,74076,0,1,1,43024,43024,43024
4198,61678463897,1789006544874017,1789006544875666,74076,0,1,1,43164,43164,43164
4199,61678497205,1789006544907718,1789006544909320,74076,0,1,1,43240,43240,43240
4200,61678530514,1789006544940648,1789006544942217,74076,0,1,1,43788,43788,43788
4201,61678563823,1789006544973922,1789006544975511,74076,0,1,1,43904,43904,43904
4202,61678597131,1789006545007649,1789006545009121,74076,0,1,1,43911,43911,43911
4203,61678630440,1789006545040565,1789006545042084,74076,0,1,1,43975,43975,43975
4204,61678663748,1789006545073828,1789006545075228,74076,0,1,1,43267,43267,43267
4205,61678697057,1789006545107071,1789006545109452,74076,0,1,1,43360,43360,43360
4206,61678730366,1789006545140678,1789006545142137,74076,0,1,1,43267,43267,43267
4207,61678763674,1789006545173821,1789006545175150,74076,0,1,1,43883,43883,43883
4208,61678796983,1789006545207300,1789006545208467,74076,0,1,1,43399,43399,43399
4209,61678830291,1789006545240308,1789006545241841,74076,0,1,1,43955,43955,43955
4210,61678863600,1789006545273659,1789006545275044,74076,0,1,1,43367,43367,43367
4211,61678896909,1789006545306936,1789006545308390,74076,0,1,1,44217,44217,44217
4212,61678930217,1789006545340262,1789006545341490,74076,0,1,1,43353,43353,43353
4213,61678963526,1789006545373535,1789006545374736,74076,0,1,1,43869,43869,43869
4214,61678996834,1789006545406906,1789006545408190,74076,0,1,1,44065,44065,44065
4215,61679030143,1789006545440711,1789006545441484,74076,0,1,1,44039,44039,44039
4216,61679063452,1789006545473364,1789006545474686,74076,0,1,1,43264,43264,43264
4217,61679096760,1789006545506772,1789006545508101,74076,0,1,1,44101,44101,44101
4218,61679130069,1789006545540100,1789006545541407,74076,0,1,1,43897,43897,43897
4219,61679163377,1789006545573394,1789006545574557,74076,0,1,1,43852,43852,43852
4220,61679196686,1789006545606624,1789006545608129,74076,0,1,1,43880,43880,43880
4221,61679229995,1789006545639962,1789006545641502,74076,0,1,1,43348,43348,43348
4222,61679263303,1789006545673186,1789006545674673,74076,0,1,1,43768,43768,43768
4223,61679296612,1789006545706644,1789006545708096,74076,0,1,1,43390,43390,43390
4224,61679329920,1789006545740318,1789006545741320,74076,0,1,1,43121,43121,43121
4225,61679363229,1789006545773594,1789006545774411,74076,0,1,1,44068,44068,44068
4226,61679396538,1789006545806420,1789006545808084,74076,0,1,1,43941,43941,43941
4227,61679429846,1789006545839793,1789006545841127,74076,0,1,1,43200,43200,43200
4228,61679463155,1789006545873102,1789006545874588,74076,0,1,1,43796,43796,43796
4229,61679496463,1789006545906489,1789006545907860,74076,0,1,1,43348,43348,43348
4230,61679529772,1789006545940211,1789006545941060,74076,0,1,1,43850,43850,43850
4231,61679563081,1789006545973030,1789006545974399,74076,0,1,1,43312,43312,43312
4232,61679596389,1789006546006994,1789006546007970,74076,0,1,1,43260,43260,43260
4233,61679629698,1789006546039698,1789006546041101,74076,0,1,1,43928,43928,43928
4234,61679663006,1789006546073007,1789006546074264,74076,0,1,1,43968,43968,43968
4235,61679696315,1789006546106387,1789006546107739,74076,0,1,1,43419,43419,43419
4236,61679729624,1789006546139653,1789006546141080,74076,0,1,1,43249,43249,43249
4237,61679762932,1789006546173131,1789006546174380,74076,0,1,1,43963,43963,43963
4238,61679796241,1789006546206362,1789006546207967,74076,0,1,1,43868,43868,43868
4239,61679829549,1789006546239562,1789006546240877,74076,0,1,1,43815,43815,43815
4240,61679862858,1789006546272844,1789006546274217,74076,0,1,1,42738,42738,42738
4241,61679896167,1789006546306119,1789006546307513,74076,0,1,1,42818,42818,42818
4242,61679929475,1789006546339354,1789006546340804,74076,0,1,1,42997,42997,42997
4243,61679962784,1789006546372632,1789006546374100,74076,0,1,1,43245,43245,43245
4244,61679996092,1789006546406069,1789006546407533,74076,0,1,1,43424,43424,43424
4245,61680029401,1789006546439275,1789006546441028,74076,0,1,1,44129,44129,44129
4246,61680062710,1789006546473120,1789006546475381,74076,0,1,1,43906,43906,43906
4247,61680096018,1789006546505944,1789006546507516,74076,0,1,1,43298,43298,43298
4248,61680129327,1789006546539420,1789006546540873,74076,0,1,1,44002,44002,44002
4249,61680162635,1789006546573324,1789006546575704,74076,0,1,1,43805,43805,43805
4250,61680195944,1789006546608330,1789006546608918,74076,0,1,1,43156,43156,43156
4251,61680229253,1789006546639273,1789006546640982,74076,0,1,1,43844,43844,43844
4252,61680262561,1789006546673044,1789006546675789,74076,0,1,1,42987,42987,42987
4253,61680295870,1789006546705889,1789006546707479,74076,0,1,1,43822,43822,43822
4254,61680329178,1789006546739284,1789006546740831,74076,0,1,1,43586,43586,43586
4255,61680362487,1789006546772553,1789006546773938,74076,0,1,1,43272,43272,43272
4256,61680395796,1789006546805857,1789006546807435,74076,0,1,1,43201,43201,43201
4257,61680429104,1789006546839518,1789006546840887,74076,0,1,1,42985,42985,42985
4258,61680462413,1789006546872417,1789006546873924,74076,0,1,1,43084,43084,43084
4259,61680495721,1789006546905770,1789006546907521,74076,0,1,1,43854,43854,43854
4260,61680529030,1789006546939211,1789006546940873,74076,0,1,1,44159,44159,44159
4261,61680562339,1789006546972892,1789006546975079,74076,0,1,1,43130,43130,43130
4262,61680595647,1789006547005989,1789006547007573,74076,0,1,1,43214,43214,43214
4263,61680628956,1789006547039054,1789006547040579,74076,0,1,1,43939,43939,43939
4264,61680662264,1789006547072323,1789006547074512,74076,0,1,1,42965,42965,42965
4265,61680695573,1789006547105584,1789006547107137,74076,0,1,1,43341,43341,43341
4266,61680728882,1789006547139622,1789006547141211,74076,0,1,1,44047,44047,44047
4267,61680762190,1789006547172699,1789006547175459,74076,0,1,1,43142,43142,43142
4268,61680795499,1789006547205510,1789006547207144,74076,0,1,1,43397,43397,43397
4269,61680828807,1789006547238892,1789006547240436,74076,0,1,1,43938,43938,43938
4270,61680862116,1789006547272180,1789006547273602,74076,0,1,1,43119,43119,43119
4271,61680895425,1789006547306015,1789006547307865,74076,0,1,1,43194,43194,43194
4272,61680928733,1789006547338910,1789006547340733,74076,0,1,1,43269,43269,43269
4273,61680962042,1789006547372184,1789006547374239,74076,0,1,1,43132,43132,43132
4274,61680995350,1789006547405760,1789006547408378,74076,0,1,1,43237,43237,43237
4275,61681028659,1789006547438712,1789006547440167,74076,0,1,1,43361,43361,43361
4276,61681061968,1789006547471974,1789006547473428,74076,0,1,1,43165,43165,43165
4277,61681095276,1789006547505616,1789006547508103,74076,0,1,1,43321,43321,43321
4278,61681128585,1789006547538731,1789006547540365,74076,0,1,1,43834,43834,43834
4279,61681161893,1789006547571927,1789006547573463,74076,0,1,1,43900,43900,43900
4280,61681195202,1789006547605614,1789006547608218,74076,0,1,1,43936,43936,43936
4281,61681228511,1789006547638580,1789006547640879,74076,0,1,1,43227,43227,43227
4282,61681261819,1789006547671844,1789006547673318,74076,0,1,1,43712,43712,43712
4283,61681295128,1789006547705197,1789006547707481,74076,0,1,1,43898,43898,43898
4284,61681328436,1789006547738564,1789006547740166,74076,0,1,1,43917,43917,43917
4285,61681361745,1789006547771749,1789006547773309,74076,0,1,1,43658,43658,43658
4286,61681395054,1789006547805147,1789006547806689,74076,0,1,1,43724,43724,43724
4287,61681428362,1789006547838347,1789006547839904,74076,0,1,1,43332,43332,43332
4288,61681461671,1789006547871686,1789006547873078,74076,0,1,1,43174,43174,43174
4289,61681494979,1789006547904989,1789006547906547,74076,0,1,1,43196,43196,43196
4290,61681528288,1789006547938414,1789006547940174,74076,0,1,1,43918,43918,43918
4291,61681561597,1789006547971620,1789006547972977,74076,0,1,1,43976,43976,43976
4292,61681594905,1789006548004893,1789006548006604,74076,0,1,1,43131,43131,43131
4293,61681628214,1789006548038205,1789006548039789,74076,0,1,1,43228,43228,43228
4294,61681661522,1789006548071572,1789006548073005,74076,0,1,1,43814,43814,43814
4295,61681694831,1789006548104900,1789006548106510,74076,0,1,1,43818,43818,43818
4296,61681728140,1789006548138323,1789006548139895,74076,0,1,1,43905,43905,43905
4297,61681761448,1789006548172465,1789006548173310,74076,0,1,1,42997,42997,42997
4298,61681794757,1789006548204803,1789006548206657,74076,0,1,1,43754,43754,43754
4299,61681828065,1789006548238076,1789006548239591,74076,0,1,1,43884,43884,43884
4300,61681861374,1789006548271371,1789006548272958,74076,0,1,1,43169,43169,43169
4301,61681894683,1789006548304688,1789006548306237,74076,0,1,1,43882,43882,43882
4302,61681927991,1789006548338747,1789006548340401,74076,0,1,1,43283,43283,43283
4303,61681961300,1789006548371284,1789006548372944,74076,0,1,1,43040,43040,43040
4304,61681994608,1789006548404685,1789006548406138,74076,0,1,1,43584,43584,43584
4305,61682027917,1789006548438525,1789006548441256,74076,0,1,1,43185,43185,43185
4306,61682061226,1789006548471375,1789006548472912,74076,0,1,1,43927,43927,43927
4307,61682094534,1789006548504602,1789006548506143,74076,0,1,1,43252,43252,43252
4308,61682127843,1789006548538346,1789006548540616,74076,0,1,1,43898,43898,43898
4309,61682161151,1789006548571320,1789006548572904,74076,0,1,1,43901,43901,43901
4310,61682194460,1789006548604537,1789006548606043,74076,0,1,1,43243,43243,43243
4311,61682227769,1789006548638352,1789006548640598,74076,0,1,1,43863,43863,43863
4312,61682261077,1789006548671227,1789006548672711,74076,0,1,1,43126,43126,43126
4313,61682294386,1789006548704504,1789006548705934,74076,0,1,1,43229,43229,43229
4314,61682327694,1789006548738176,1789006548740937,74076,0,1,1,43139,43139,43139
4315,61682361003,1789006548771104,1789006548772562,74076,0,1,1,43727,43727,43727
4316,61682394312,1789006548804388,1789006548805963,74076,0,1,1,43262,43262,43262
4317,61682427620,1789006548838378,1789006548840475,74076,0,1,1,43128,43128,43128
4318,61682460929,1789006548871053,1789006548872652,74076,0,1,1,43286,43286,43286
4319,61682494237,1789006548904355,1789006548905870,74076,0,1,1,43880,43880,43880
4320,61682527546,1789006548938146,1789006548940468,74076,0,1,1,43269,43269,43269
4321,61682560855,1789006548970934,1789006548972423,74076,0,1,1,43772,43772,43772
4322,61682594163,1789006549004209,1789006549005924,74076,0,1,1,43231,43231,43231
4323,61682627472,1789006549037988,1789006549040175,74076,0,1,1,43196,43196,43196
4324,61682660780,1789006549070933,1789006549072370,74076,0,1,1,43969,43969,43969
4325,61682694089,1789006549104337,1789006549105522,74076,0,1,1,43794,43794,43794
4326,61682727398,1789006549137549,1789006549138666,74076,0,1,1,43222,43222,43222
4327,61682760706,1789006549170826,1789006549171978,74076,0,1,1,43899,43899,43899
4328,61682794015,1789006549204133,1789006549205325,74076,0,1,1,43006,43006,43006
4329,61682827323,1789006549237329,1789006549238462,74076,0,1,1,43129,43129,43129
4330,61682860632,1789006549270631,1789006549271965,74076,0,1,1,43192,43192,43192
4331,61682893941,1789006549304080,1789006549305226,74076,0,1,1,43833,43833,43833
4332,61682927249,1789006549337530,1789006549338453,74076,0,1,1,43166,43166,43166
4333,61682960558,1789006549370620,1789006549371739,74076,0,1,1,43685,43685,43685
4334,61682993866,1789006549403911,1789006549405152,74076,0,1,1,43687,43687,43687
4335,61683027175,1789006549437225,1789006549438396,74076,0,1,1,43985,43985,43985
4336,61683060484,1789006549471314,1789006549472419,74076,0,1,1,43148,43148,43148
4337,61683093792,1789006549503890,1789006549505322,74076,0,1,1,43251,43251,43251
4338,61683127101,1789006549539693,1789006549540045,74076,0,1,1,44102,44102,44102
4339,61683160409,1789006549571053,1789006549572587,74076,0,1,1,43775,43775,43775
4340,61683193718,1789006549603899,1789006549605416,74076,0,1,1,43793,43793,43793
4341,61683227027,1789006549637585,1789006549639822,74076,0,1,1,43322,43322,43322
4342,61683260335,1789006549670949,1789006549672478,74076,0,1,1,43078,43078,43078
4343,61683293644,1789006549703793,1789006549705281,74076,0,1,1,43594,43594,43594
4344,61683326952,1789006549737550,1789006549741434,74076,0,1,1,43112,43112,43112
4345,61683360261,1789006549771507,1789006549773209,74076,0,1,1,43334,43334,43334
4346,61683393570,1789006549803663,1789006549805172,74076,0,1,1,43210,43210,43210
4347,61683426878,1789006549836978,1789006549838498,74076,0,1,1,43159,43159,43159
4348,61683460187,1789006549870715,1789006549872399,74076,0,1,1,42983,42983,42983
4349,61683493495,1789006549903521,1789006549905032,74076,0,1,1,43670,43670,43670
4350,61683526804,1789006549938954,1789006549939717,74076,0,1,1,43874,43874,43874
4351,61683560113,1789006549970216,1789006549971769,74076,0,1,1,43244,43244,43244
4352,61683593421,1789006550003605,1789006550005177,74076,0,1,1,43030,43030,43030
4353,61683626730,1789006550037111,1789006550038442,74076,0,1,1,43214,43214,43214
4354,61683660038,1789006550070580,1789006550072208,74076,0,1,1,43944,43944,43944
4355,61683693347,1789006550103462,1789006550104929,74076,0,1,1,43611,43611,43611
4356,61683726656,1789006550136734,1789006550138327,74076,0,1,1,43391,43391,43391
4357,61683759964,1789006550170571,1789006550172265,74076,0,1,1,43335,43335,43335
4358,61683793273,1789006550203368,1789006550204785,74076,0,1,1,43891,43891,43891
4359,61683826581,1789006550236954,1789006550239732,74076,0,1,1,43910,43910,43910
4360,61683859890,1789006550270049,1789006550271522,74076,0,1,1,43265,43265,43265
4361,61683893199,1789006550303288,1789006550304779,74076,0,1,1,43755,43755,43755
4362,61683926507,1789006550336749,1789006550338564,74076,0,1,1,44145,44145,44145
4363,61683959816,1789006550370053,1789006550371481,74076,0,1,1,43940,43940,43940
4364,61683993124,1789006550403223,1789006550404708,74076,0,1,1,43095,43095,43095
4365,61684026433,1789006550436894,1789006550438198,74076,0,1,1,43062,43062,43062
4366,61684059742,1789006550470019,1789006550471423,74076,0,1,1,43234,43234,43234
4367,61684093050,1789006550503262,1789006550504745,74076,0,1,1,43844,43844,43844
4368,61684126359,1789006550536722,1789006550537782,74076,0,1,1,44030,44030,44030
4369,61684159667,1789006550570195,1789006550571797,74076,0,1,1,43990,43990,43990
4370,61684192976,1789006550603533,1789006550605274,74076,0,1,1,43126,43126,43126
4371,61684226285,1789006550636824,1789006550637753,74076,0,1,1,43224,43224,43224
4372,61684259593,1789006550669766,1789006550671193,74076,0,1,1,43067,43067,43067
4373,61684292902,1789006550703399,1789006550704911,74076,0,1,1,43719,43719,43719
4374,61684326210,1789006550736337,1789006550737972,74076,0,1,1,43927,43927,43927
4375,61684359519,1789006550769719,1789006550771167,74076,0,1,1,43183,43183,43183
4376,61684392828,1789006550803534,1789006550805050,74076,0,1,1,43815,43815,43815
4377,61684426136,1789006550836383,1789006550838007,74076,0,1,1,43181,43181,43181
4378,61684459445,1789006550869599,1789006550871162,74076,0,1,1,43744,43744,43744
4379,61684492753,1789006550903561,1789006550905227,74076,0,1,1,43841,43841,43841
4380,61684526062,1789006550936212,1789006550937965,74076,0,1,1,43920,43920,43920
4381,61684559371,1789006550969490,1789006550970917,74076,0,1,1,43020,43020,43020
4382,61684592679,1789006551003372,1789006551004941,74076,0,1,1,43224,43224,43224
4383,61684625988,1789006551036159,1789006551037613,74076,0,1,1,43221,43221,43221
4384,61684659296,1789006551069497,1789006551070994,74076,0,1,1,43243,43243,43243
4385,61684692605,1789006551103280,1789006551105006,74076,0,1,1,43796,43796,43796
4386,61684725914,1789006551136125,1789006551137830,74076,0,1,1,43003,43003,43003
4387,61684759222,1789006551169339,1789006551170840,74076,0,1,1,42970,42970,42970
4388,61684792531,1789006551203200,1789006551204770,74076,0,1,1,43949,43949,43949
4389,61684825839,1789006551235865,1789006551237585,74076,0,1,1,43073,43073,43073
4390,61684859148,1789006551269322,1789006551271101,74076,0,1,1,43861,43861,43861
4391,61684892457,1789006551302898,1789006551306773,74076,0,1,1,43898,43898,43898
4392,61684925765,1789006551335933,1789006551337475,74076,0,1,1,43920,43920,43920
4393,61684959074,1789006551369179,1789006551370492,74076,0,1,1,43895,43895,43895
4394,61684992382,1789006551402469,1789006551404014,74076,0,1,1,43085,43085,43085
4395,61685025691,1789006551435986,1789006551437452,74076,0,1,1,43275,43275,43275
4396,61685059000,1789006551469150,1789006551470554,74076,0,1,1,43222,43222,43222
4397,61685092308,1789006551502492,1789006551503978,74076,0,1,1,43957,43957,43957
4398,61685125617,1789006551536006,1789006551537503,74076,0,1,1,43148,43148,43148
4399,61685158925,1789006551569096,1789006551570417,74076,0,1,1,43090,43090,43090
4400,61685192234,1789006551602841,1789006551604382,74076,0,1,1,43229,43229,43229
4401,61685225543,1789006551635749,1789006551637448,74076,0,1,1,43217,43217,43217
4402,61685258851,1789006551668970,1789006551670432,74076,0,1,1,43760,43760,43760
4403,61685292160,1789006551702402,1789006551704023,74076,0,1,1,43924,43924,43924
4404,61685325468,1789006551736007,1789006551738281,74076,0,1,1,43041,43041,43041
4405,61685358777,1789006551768934,1789006551770303,74076,0,1,1,43836,43836,43836
4406,61685392086,1789006551802238,1789006551803854,74076,0,1,1,44014,44014,44014
4407,61685425394,1789006551836056,1789006551837618,74076,0,1,1,43250,43250,43250
4408,61685458703,1789006551868889,1789006551870395,74076,0,1,1,43915,43915,43915
4409,61685492011,1789006551902176,1789006551903752,74076,0,1,1,43232,43232,43232
4410,61685525320,1789006551935560,1789006551937271,74076,0,1,1,43262,43262,43262
4411,61685558629,1789006551968766,1789006551970264,74076,0,1,1,43937,43937,43937
4412,61685591937,1789006552002078,1789006552003664,74076,0,1,1,44095,44095,44095
4413,61685625246,1789006552035612,1789006552037170,74076,0,1,1,43897,43897,43897
4414,61685658554,1789006552068699,1789006552070282,74076,0,1,1,43260,43260,43260
4415,61685691863,1789006552102144,1789006552103561,74076,0,1,1,43978,43978,43978
4416,61685725172,1789006552135825,1789006552138442,74076,0,1,1,43412,43412,43412
4417,61685758480,1789006552168669,1789006552170212,74076,0,1,1,43304,43304,43304
4418,61685791789,1789006552202005,1789006552203545,74076,0,1,1,43953,43953,43953
4419,61685825097,1789006552235320,1789006552237618,74076,0,1,1,43935,43935,43935
4420,61685858406,1789006552268655,1789006552270199,74076,0,1,1,44087,44087,44087
4421,61685891715,1789006552301874,1789006552303396,74076,0,1,1,43271,43271,43271
4422,61685925023,1789006552335214,1789006552337323,74076,0,1,1,43707,43707,43707
4423,61685958332,1789006552368411,1789006552369896,74076,0,1,1,43135,43135,43135
4424,61685991640,1789006552401749,1789006552403273,74076,0,1,1,43956,43956,43956
4425,61686024949,1789006552435053,1789006552436488,74076,0,1,1,43246,43246,43246
4426,61686058258,1789006552468397,1789006552469963,74076,0,1,1,43968,43968,43968
4427,61686091566,1789006552501694,1789006552503203,74076,0,1,1,43268,43268,43268
4428,61686124875,1789006552535006,1789006552536513,74076,0,1,1,43254,43254,43254
4429,61686158183,1789006552568334,1789006552569749,74076,0,1,1,44150,44150,44150
4430,61686191492,1789006552601605,1789006552603103,74076,0,1,1,43896,43896,43896
4431,61686224801,1789006552634997,1789006552636858,74076,0,1,1,43934,43934,43934
4432,61686258109,1789006552668327,1789006552670014,74076,0,1,1,44020,44020,44020
4433,61686291418,1789006552701483,1789006552702749,74076,0,1,1,43868,43868,43868
4434,61686324726,1789006552734882,1789006552736320,74076,0,1,1,43779,43779,43779
4435,61686358035,1789006552768080,1789006552769928,74076,0,1,1,43298,43298,43298
4436,61686391344,1789006552801424,1789006552803054,74076,0,1,1,44206,44206,44206
4437,61686424652,1789006552834645,1789006552836302,74076,0,1,1,43273,43273,43273
4438,61686457961,1789006552868068,1789006552869609,74076,0,1,1,43317,43317,43317
4439,61686491269,1789006552901305,1789006552902549,74076,0,1,1,43288,43288,43288
4440,61686524578,1789006552934669,1789006552936444,74076,0,1,1,43034,43034,43034
4441,61686557887,1789006552967992,1789006552969541,74076,0,1,1,43892,43892,43892
4442,61686591195,1789006553001303,1789006553002663,74076,0,1,1,43724,43724,43724
4443,61686624504,1789006553034666,1789006553036227,74076,0,1,1,43835,43835,43835
4444,61686657812,1789006553068354,1789006553070184,74076,0,1,1,44043,44043,44043
4445,61686691121,1789006553101338,1789006553102969,74076,0,1,1,43960,43960,43960
4446,61686724430,1789006553135025,1789006553136057,74076,0,1,1,43297,43297,43297
4447,61686757738,1789006553167976,1789006553170154,74076,0,1,1,44148,44148,44148
4448,61686791047,1789006553201098,1789006553202470,74076,0,1,1,43865,43865,43865
4449,61686824355,1789006553234511,1789006553235994,74076,0,1,1,43786,43786,43786
4450,61686857664,1789006553268196,1789006553270567,74076,0,1,1,43780,43780,43780
4451,61686890973,1789006553301089,1789006553302440,74076,0,1,1,43973,43973,43973
4452,61686924281,1789006553334417,1789006553335882,74076,0,1,1,43156,43156,43156
4453,61686957590,1789006553367796,1789006553369768,74076,0,1,1,43272,43272,43272
4454,61686990898,1789006553401023,1789006553402382,74076,0,1,1,43253,43253,43253
4455,61687024207,1789006553434320,1789006553435757,74076,0,1,1,43755,43755,43755
4456,61687057516,1789006553467948,1789006553469756,74076,0,1,1,43240,43240,43240
4457,61687090824,1789006553501039,1789006553502420,74076,0,1,1,43278,43278,43278
4458,61687124133,1789006553534281,1789006553535920,74076,0,1,1,43888,43888,43888
4459,61687157441,1789006553567840,1789006553569705,74076,0,1,1,42990,42990,42990
4460,61687190750,1789006553600865,1789006553602304,74076,0,1,1,43266,43266,43266
4461,61687224059,1789006553634171,1789006553635652,74076,0,1,1,44004,44004,44004
4462,61687257367,1789006553667902,1789006553669614,74076,0,1,1,43159,43159,43159
4463,61687290676,1789006553701103,1789006553702233,74076,0,1,1,43978,43978,43978
4464,61687323984,1789006553734051,1789006553735552,74076,0,1,1,43529,43529,43529
4465,61687357293,1789006553767671,1789006553769595,74076,0,1,1,43630,43630,43630
4466,61687390602,1789006553800714,1789006553802138,74076,0,1,1,43866,43866,43866
4467,61687423910,1789006553834003,1789006553835523,74076,0,1,1,44096,44096,44096
4468,61687457219,1789006553867815,1789006553869783,74076,0,1,1,43933,43933,43933
4469,61687490527,1789006553900748,1789006553902234,74076,0,1,1,43957,43957,43957
4470,61687523836,1789006553934019,1789006553935409,74076,0,1,1,43901,43901,43901
4471,61687557145,1789006553967283,1789006553968654,74076,0,1,1,43145,43145,43145
4472,61687590453,1789006554001118,1789006554003159,74076,0,1,1,43902,43902,43902
4473,61687623762,1789006554034254,1789006554035345,74076,0,1,1,43967,43967,43967
4474,61687657070,1789006554067534,1789006554068786,74076,0,1,1,43200,43200,43200
4475,61687690379,1789006554101017,1789006554102958,74076,0,1,1,43162,43162,43162
4476,61687723688,1789006554133855,1789006554135316,74076,0,1,1,43844,43844,43844
4477,61687756996,1789006554167679,1789006554168929,74076,0,1,1,43288,43288,43288
4478,61687790305,1789006554200536,1789006554202678,74076,0,1,1,43957,43957,43957
4479,61687823613,1789006554233809,1789006554235096,74076,0,1,1,43893,43893,43893
4480,61687856922,1789006554267028,1789006554268428,74076,0,1,1,43945,43945,43945
4481,61687890231,1789006554300356,1789006554302681,74076,0,1,1,44125,44125,44125
4482,61687923539,1789006554333703,1789006554335287,74076,0,1,1,44018,44018,44018
4483,61687956848,1789006554366976,1789006554368420,74076,0,1,1,43555,43555,43555
4484,61687990156,1789006554401093,1789006554402630,74076,0,1,1,43962,43962,43962
4485,61688023465,1789006554433651,1789006554435096,74076,0,1,1,43133,43133,43133
4486,61688056774,1789006554466862,1789006554468315,74076,0,1,1,43927,43927,43927
4487,61688090082,1789006554500848,1789006554502481,74076,0,1,1,43172,43172,43172
4488,61688123391,1789006554533514,1789006554534983,74076,0,1,1,43798,43798,43798
4489,61688156699,1789006554566835,1789006554568332,74076,0,1,1,43974,43974,43974
4490,61688190008,1789006554600913,1789006554602059,74076,0,1,1,43102,43102,43102
4491,61688223317,1789006554633440,1789006554634770,74076,0,1,1,43395,43395,43395
4492,61688256625,1789006554666701,1789006554668201,74076,0,1,1,43094,43094,43094
4493,61688289934,1789006554700380,1789006554701481,74076,0,1,1,43220,43220,43220
4494,61688323242,1789006554733361,1789006554734722,74076,0,1,1,43802,43802,43802
4495,61688356551,1789006554766622,1789006554768102,74076,0,1,1,43252,43252,43252
4496,61688389860,1789006554800058,1789006554801573,74076,0,1,1,43196,43196,43196
4497,61688423168,1789006554833266,1789006554835081,74076,0,1,1,43139,43139,43139
4498,61688456477,1789006554866526,1789006554868076,74076,0,1,1,43914,43914,43914
4499,61688489785,1789006554900009,1789006554901418,74076,0,1,1,43168,43168,43168
4500,61688523094,1789006554933252,1789006554934659,74076,0,1,1,43944,43944,43944
4501,61688556403,1789006554966407,1789006554967935,74076,0,1,1,43832,43832,43832
4502,61688589711,1789006554999906,1789006555001448,74076,0,1,1,43277,43277,43277
4503,61688623020,1789006555034846,1789006555035605,74076,0,1,1,43422,43422,43422
4504,61688656328,1789006555066507,1789006555067944,74076,0,1,1,44062,44062,44062
4505,61688689637,1789006555099891,1789006555101307,74076,0,1,1,43890,43890,43890
4506,61688722946,1789006555133586,1789006555135747,74076,0,1,1,43238,43238,43238
4507,61688756254,1789006555166409,1789006555167870,74076,0,1,1,43147,43147,43147
4508,61688789563,1789006555199918,1789006555201291,74076,0,1,1,43853,43853,43853
4509,61688822871,1789006555234439,1789006555235994,74076,0,1,1,43917,43917,43917
4510,61688856180,1789006555266369,1789006555267798,74076,0,1,1,43854,43854,43854
4511,61688889489,1789006555299821,1789006555301228,74076,0,1,1,43269,43269,43269
4512,61688922797,1789006555333297,1789006555335427,74076,0,1,1,43706,43706,43706
4513,61688956106,1789006555366324,1789006555367618,74076,0,1,1,43267,43267,43267
4514,61688989414,1789006555399494,1789006555401180,74076,0,1,1,43946,43946,43946
4515,61689022723,1789006555433407,1789006555435539,74076,0,1,1,43345,43345,43345
4516,61689056032,1789006555466763,1789006555468071,74076,0,1,1,43897,43897,43897
4517,61689089340,1789006555499816,1789006555501180,74076,0,1,1,43737,43737,43737
4518,61689122649,1789006555533079,1789006555535151,74076,0,1,1,43984,43984,43984
4519,61689155957,1789006555566312,1789006555567460,74076,0,1,1,43355,43355,43355
4520,61689189266,1789006555599458,1789006555601441,74076,0,1,1,43097,43097,43097
4521,61689222575,1789006555632813,1789006555634692,74076,0,1,1,44086,44086,44086
4522,61689255883,1789006555666245,1789006555667298,74076,0,1,1,43973,43973,43973
4523,61689289192,1789006555699460,1789006555701401,74076,0,1,1,43283,43283,43283
4524,61689322500,1789006555733190,1789006555734718,74076,0,1,1,43984,43984,43984
4525,61689355809,1789006555766195,1789006555767246,74076,0,1,1,43167,43167,43167
4526,61689389118,1789006555799367,1789006555800699,74076,0,1,1,43170,43170,43170
4527,61689422426,1789006555833359,1789006555835797,74076,0,1,1,43921,43921,43921
4528,61689455735,1789006555865834,1789006555867500,74076,0,1,1,44060,44060,44060
4529,61689489043,1789006555899320,1789006555900604,74076,0,1,1,43321,43321,43321
4530,61689522352,1789006555932416,1789006555934507,74076,0,1,1,43253,43253,43253
4531,61689555661,1789006555965827,1789006555967602,74076,0,1,1,43157,43157,43157
4532,61689588969,1789006555999121,1789006556000528,74076,0,1,1,43127,43127,43127
4533,61689622278,1789006556032427,1789006556033799,74076,0,1,1,44104,44104,44104
4534,61689655586,1789006556065919,1789006556067181,74076,0,1,1,43920,43920,43920
4535,61689688895,1789006556099185,1789006556100524,74076,0,1,1,43302,43302,43302
4536,61689722204,1789006556132894,1789006556134386,74076,0,1,1,43332,43332,43332
4537,61689755512,1789006556167129,1789006556168696,74076,0,1,1,43832,43832,43832
4538,61689788821,1789006556199042,1789006556200511,74076,0,1,1,43926,43926,43926
4539,61689822129,1789006556232336,1789006556233772,74076,0,1,1,43820,43820,43820
4540,61689855438,1789006556266047,1789006556268045,74076,0,1,1,43918,43918,43918
4541,61689888747,1789006556299049,1789006556300484,74076,0,1,1,43293,43293,43293
4542,61689922055,1789006556332191,1789006556333703,74076,0,1,1,43960,43960,43960
4543,61689955364,1789006556365958,1789006556367874,74076,0,1,1,43292,43292,43292
4544,61689988672,1789006556398731,1789006556400216,74076,0,1,1,43434,43434,43434
4545,61690021981,1789006556432125,1789006556433535,74076,0,1,1,44048,44048,44048
4546,61690055290,1789006556465936,1789006556468424,74076,0,1,1,43109,43109,43109
4547,61690088598,1789006556498936,1789006556500317,74076,0,1,1,43269,43269,43269
4548,61690121907,1789006556532120,1789006556533560,74076,0,1,1,44031,44031,44031
4549,61690155215,1789006556567032,1789006556568549,74076,0,1,1,44071,44071,44071
4550,61690188524,1789006556598675,1789006556600248,74076,0,1,1,43159,43159,43159
4551,61690221833,1789006556632048,1789006556633487,74076,0,1,1,43088,43088,43088
4552,61690255141,1789006556665733,1789006556668763,74076,0,1,1,43973,43973,43973
4553,61690288450,1789006556698909,1789006556700146,74076,0,1,1,43802,43802,43802
4554,61690321758,1789006556731977,1789006556733410,74076,0,1,1,43967,43967,43967
4555,61690355067,1789006556765303,1789006556767756,74076,0,1,1,43094,43094,43094
4556,61690388376,1789006556798500,1789006556800063,74076,0,1,1,43177,43177,43177
4557,61690421684,1789006556831827,1789006556833229,74076,0,1,1,43222,43222,43222
4558,61690454993,1789006556865202,1789006556866658,74076,0,1,1,43243,43243,43243
4559,61690488301,1789006556898657,1789006556900050,74076,0,1,1,43283,43283,43283
4560,61690521610,1789006556931771,1789006556933268,74076,0,1,1,43165,43165,43165
4561,61690554919,1789006556965466,1789006556967899,74076,0,1,1,43355,43355,43355
4562,61690588227,1789006556998371,1789006556999686,74076,0,1,1,43196,43196,43196
4563,61690621536,1789006557031611,1789006557033695,74076,0,1,1,43227,43227,43227
4564,61690654844,1789006557064988,1789006557066496,74076,0,1,1,43182,43182,43182
4565,61690688153,1789006557098455,1789006557100302,74076,0,1,1,43393,43393,43393
4566,61690721462,1789006557131583,1789006557133506,74076,0,1,1,43181,43181,43181
4567,61690754770,1789006557165200,1789006557167120,74076,0,1,1,43273,43273,43273
4568,61690788079,1789006557198839,1789006557199968,74076,0,1,1,43906,43906,43906
4569,61690821387,1789006557231542,1789006557232935,74076,0,1,1,43264,43264,43264
4570,61690854696,1789006557265249,1789006557267071,74076,0,1,1,43359,43359,43359
4571,61690888005,1789006557298668,1789006557300372,74076,0,1,1,43976,43976,43976
4572,61690921313,1789006557331488,1789006557332880,74076,0,1,1,43203,43203,43203
4573,61690954622,1789006557364927,1789006557367017,74076,0,1,1,43313,43313,43313
4574,61690987930,1789006557398581,1789006557400563,74076,0,1,1,43147,43147,43147
4575,61691021239,1789006557431417,1789006557432940,74076,0,1,1,43299,43299,43299
4576,61691054548,1789006557464748,1789006557466331,74076,0,1,1,44013,44013,44013
4577,61691087856,1789006557498492,1789006557502297,74076,0,1,1,43635,43635,43635
4578,61691121165,1789006557531423,1789006557533178,74076,0,1,1,43760,43760,43760
4579,61691154473,1789006557564685,1789006557566010,74076,0,1,1,43820,43820,43820
4580,61691187782,1789006557598458,1789006557600239,74076,0,1,1,43239,43239,43239
4581,61691221090,1789006557631284,1789006557632770,74076,0,1,1,43239,43239,43239
4582,61691254399,1789006557664542,1789006557665961,74076,0,1,1,43351,43351,43351
4583,61691287708,1789006557698402,1789006557700014,74076,0,1,1,43230,43230,43230
4584,61691321016,1789006557731155,1789006557732700,74076,0,1,1,43853,43853,43853
4585,61691354325,1789006557764989,1789006557765900,74076,0,1,1,43348,43348,43348
4586,61691387633,1789006557798851,1789006557800471,74076,0,1,1,43891,43891,43891
4587,61691420942,1789006557831102,1789006557832523,74076,0,1,1,43346,43346,43346
4588,61691454251,1789006557864390,1789006557865824,74076,0,1,1,44023,44023,44023
4589,61691487559,1789006557898136,1789006557903077,74076,0,1,1,43071,43071,43071
4590,61691520868,1789006557931090,1789006557932486,74076,0,1,1,43150,43150,43150
4591,61691554176,1789006557964380,1789006557965892,74076,0,1,1,43856,43856,43856
4592,61691587485,1789006557998178,1789006557999839,74076,0,1,1,43755,43755,43755
4593,61691620794,1789006558030915,1789006558032609,74076,0,1,1,43272,43272,43272
4594,61691654102,1789006558064302,1789006558066192,74076,0,1,1,43298,43298,43298
4595,61691687411,1789006558098050,1789006558099673,74076,0,1,1,43149,43149,43149
4596,61691720719,1789006558130919,1789006558132319,74076,0,1,1,43205,43205,43205
4597,61691754028,1789006558164232,1789006558166362,74076,0,1,1,43117,43117,43117
4598,61691787337,1789006558197549,1789006558198955,74076,0,1,1,43164,43164,43164
4599,61691820645,1789006558230883,1789006558232188,74076,0,1,1,43128,43128,43128
4600,61691853954,1789006558264094,1789006558265573,74076,0,1,1,43933,43933,43933
4601,61691887262,1789006558297480,1789006558299856,74076,0,1,1,43154,43154,43154
4602,61691920571,1789006558330718,1789006558332213,74076,0,1,1,43909,43909,43909
4603,61691953880,1789006558364104,1789006558365437,74076,0,1,1,43186,43186,43186
4604,61691987188,1789006558398063,1789006558399115,74076,0,1,1,43755,43755,43755
4605,61692020497,1789006558431125,1789006558432739,74076,0,1,1,43778,43778,43778
4606,61692053805,1789006558463992,1789006558465375,74076,0,1,1,43288,43288,43288
4607,61692087114,1789006558497357,1789006558499592,74076,0,1,1,43154,43154,43154
4608,61692120423,1789006558532040,1789006558533675,74076,0,1,1,43334,43334,43334
4609,61692153731,1789006558563843,1789006558565267,74076,0,1,1,43201,43201,43201
4610,61692187040,1789006558597210,1789006558598532,74076,0,1,1,43166,43166,43166
4611,61692220348,1789006558631137,1789006558632625,74076,0,1,1,43140,43140,43140
4612,61692253657,1789006558663686,1789006558665222,74076,0,1,1,43851,43851,43851
4613,61692286966,1789006558697182,1789006558701472,74076,0,1,1,44001,44001,44001
4614,61692320274,1789006558730519,1789006558731870,74076,0,1,1,43300,43300,43300
4615,61692353583,1789006558763734,1789006558765110,74076,0,1,1,43365,43365,43365
4616,61692386891,1789006558797495,1789006558798498,74076,0,1,1,43829,43829,43829
4617,61692420200,1789006558830897,1789006558832359,74076,0,1,1,43078,43078,43078
4618,61692453509,1789006558863692,1789006558865058,74076,0,1,1,43691,43691,43691
4619,61692486817,1789006558897569,1789006558899544,74076,0,1,1,43908,43908,43908
4620,61692520126,1789006558930282,1789006558931576,74076,0,1,1,43068,43068,43068
4621,61692553434,1789006558963650,1789006558965084,74076,0,1,1,43818,43818,43818
4622,61692586743,1789006558996784,1789006558998459,74076,0,1,1,43087,43087,43087
4623,61692620052,1789006559030631,1789006559032311,74076,0,1,1,43913,43913,43913
4624,61692653360,1789006559063485,1789006559064999,74076,0,1,1,43155,43155,43155
4625,61692686669,1789006559096841,1789006559099144,74076,0,1,1,43253,43253,43253
4626,61692719977,1789006559130174,1789006559131737,74076,0,1,1,43701,43701,43701
4627,61692753286,1789006559163417,1789006559164940,74076,0,1,1,43761,43761,43761
4628,61692786595,1789006559196737,1789006559198239,74076,0,1,1,43612,43612,43612
4629,61692819903,1789006559230608,1789006559232172,74076,0,1,1,43095,43095,43095
4630,61692853212,1789006559263477,1789006559264881,74076,0,1,1,43214,43214,43214
4631,61692886520,1789006559296757,1789006559299499,74076,0,1,1,43852,43852,43852
4632,61692919829,1789006559330220,1789006559331269,74076,0,1,1,43798,43798,43798
4633,61692953138,1789006559363369,1789006559364800,74076,0,1,1,43047,43047,43047
4634,61692986446,1789006559396491,1789006559397873,74076,0,1,1,43880,43880,43880
4635,61693019755,1789006559430463,1789006559432076,74076,0,1,1,43032,43032,43032
4636,61693053063,1789006559463702,1789006559464832,74076,0,1,1,42979,42979,42979
4637,61693086372,1789006559496492,1789006559499393,74076,0,1,1,43788,43788,43788
4638,61693119681,1789006559529914,1789006559531287,74076,0,1,1,43126,43126,43126
4639,61693152989,1789006559563617,1789006559565279,74076,0,1,1,43035,43035,43035
4640,61693186298,1789006559596505,1789006559597876,74076,0,1,1,43071,43071,43071
4641,61693219606,1789006559630465,1789006559631515,74076,0,1,1,43139,43139,43139
4642,61693252915,1789006559663932,1789006559665429,74076,0,1,1,43799,43799,43799
4643,61693286224,1789006559696509,1789006559699330,74076,0,1,1,43716,43716,43716
4644,61693319532,1789006559729918,1789006559731055,74076,0,1,1,43633,43633,43633
4645,61693352841,1789006559763032,1789006559765515,74076,0,1,1,43791,43791,43791
4646,61693386149,1789006559796473,1789006559797901,74076,0,1,1,43848,43848,43848
4647,61693419458,1789006559830196,1789006559831224,74076,0,1,1,43614,43614,43614
4648,61693452767,1789006559863519,1789006559865158,74076,0,1,1,43590,43590,43590
4649,61693486075,1789006559896689,1789006559897953,74076,0,1,1,43581,43581,43581
4650,61693519384,1789006559929544,1789006559931096,74076,0,1,1,43838,43838,43838
4651,61693552692,1789006559962868,1789006559964318,74076,0,1,1,42998,42998,42998
4652,61693586001,1789006559996615,1789006559997891,74076,0,1,1,43962,43962,43962
4653,61693619310,1789006560030285,1789006560031316,74076,0,1,1,43828,43828,43828
4654,61693652618,1789006560062868,1789006560064202,74076,0,1,1,43086,43086,43086
4655,61693685927,1789006560096243,1789006560097691,74076,0,1,1,43767,43767,43767
4656,61693719235,1789006560129695,1789006560130747,74076,0,1,1,42992,42992,42992
4657,61693752544,1789006560162773,1789006560164268,74076,0,1,1,43539,43539,43539
4658,61693785853,1789006560196229,1789006560197550,74076,0,1,1,43204,43204,43204
4659,61693819161,1789006560229589,1789006560230625,74076,0,1,1,43069,43069,43069
4660,61693852470,1789006560263113,1789006560277710,74076,0,1,1,44050,44050,44050
4661,61693885778,1789006560295875,1789006560297590,74076,0,1,1,43768,43768,43768
4662,61693919087,1789006560329469,1789006560330637,74076,0,1,1,43058,43058,43058
4663,61693952396,1789006560362628,1789006560363947,74076,0,1,1,43111,43111,43111
4664,61693985704,1789006560396592,1789006560397587,74076,0,1,1,43775,43775,43775
4665,61694019013,1789006560429984,1789006560431012,74076,0,1,1,43715,43715,43715
4666,61694052321,1789006560462503,1789006560463779,74076,0,1,1,43748,43748,43748
4667,61694085630,1789006560496582,1789006560497637,74076,0,1,1,43974,43974,43974
4668,61694118939,1789006560529576,1789006560530511,74076,0,1,1,43148,43148,43148
4669,61694152247,1789006560562520,1789006560563878,74076,0,1,1,44016,44016,44016
4670,61694185556,1789006560596845,1789006560597926,74076,0,1,1,43189,43189,43189
4671,61694218864,1789006560629648,1789006560630601,74076,0,1,1,43082,43082,43082
4672,61694252173,1789006560662410,1789006560663732,74076,0,1,1,43921,43921,43921
4673,61694285482,1789006560696755,1789006560698245,74076,0,1,1,43857,43857,43857
4674,61694318790,1789006560729475,1789006560730402,74076,0,1,1,43168,43168,43168
4675,61694352099,1789006560762333,1789006560763751,74076,0,1,1,43154,43154,43154
4676,61694385407,1789006560795985,1789006560804915,74076,0,1,1,43834,43834,43834
4677,61694418716,1789006560829532,1789006560830452,74076,0,1,1,43109,43109,43109
4678,61694452025,1789006560862226,1789006560863604,74076,0,1,1,43781,43781,43781
4679,61694485333,1789006560895481,1789006560904216,74076,0,1,1,43794,43794,43794
4680,61694518642,1789006560929783,1789006560931138,74076,0,1,1,43661,43661,43661
4681,61694551950,1789006560962177,1789006560963563,74076,0,1,1,43145,43145,43145
4682,61694585259,1789006560995880,1789006560998229,74076,0,1,1,43652,43652,43652
4683,61694618568,1789006561029814,1789006561030763,74076,0,1,1,43088,43088,43088
4684,61694651876,1789006561062129,1789006561063539,74076,0,1,1,43752,43752,43752
4685,61694685185,1789006561095398,1789006561097900,74076,0,1,1,43085,43085,43085
4686,61694718493,1789006561128726,1789006561130740,74076,0,1,1,43086,43086,43086
4687,61694751802,1789006561162040,1789006561163477,74076,0,1,1,43946,43946,43946
4688,61694785111,1789006561196588,1789006561198005,74076,0,1,1,43144,43144,43144
4689,61694818419,1789006561228659,1789006561230562,74076,0,1,1,44011,44011,44011
4690,61694851728,1789006561261933,1789006561263435,74076,0,1,1,42999,42999,42999
4691,61694885036,1789006561295819,1789006561298053,74076,0,1,1,43861,43861,43861
4692,61694918345,1789006561329388,1789006561330471,74076,0,1,1,43770,43770,43770
4693,61694951654,1789006561361818,1789006561363289,74076,0,1,1,43570,43570,43570
4694,61694984962,1789006561395206,1789006561396568,74076,0,1,1,43674,43674,43674
4695,61695018271,1789006561428501,1789006561430345,74076,0,1,1,43807,43807,43807
4696,61695051579,1789006561461828,1789006561463473,74076,0,1,1,42882,42882,42882
4697,61695084888,1789006561495088,1789006561496447,74076,0,1,1,43017,43017,43017
4698,61695118197,1789006561528431,1789006561529910,74076,0,1,1,43167,43167,43167
4699,61695151505,1789006561561674,1789006561563047,74076,0,1,1,43791,43791,43791
4700,61695184814,1789006561595075,1789006561597096,74076,0,1,1,43843,43843,43843
4701,61695218122,1789006561630087,1789006561631153,74076,0,1,1,43801,43801,43801
4702,61695251431,1789006561661667,1789006561662919,74076,0,1,1,43885,43885,43885
4703,61695284740,1789006561694933,1789006561697041,74076,0,1,1,43924,43924,43924
4704,61695318048,1789006561728516,1789006561731455,74076,0,1,1,42873,42873,42873
4705,61695351357,1789006561761497,1789006561762987,74076,0,1,1,43845,43845,43845
4706,61695384665,1789006561794907,1789006561796784,74076,0,1,1,43024,43024,43024
4707,61695417974,1789006561828488,1789006561830006,74076,0,1,1,43104,43104,43104
4708,61695451283,1789006561861691,1789006561862690,74076,0,1,1,43949,43949,43949
4709,61695484591,1789006561894821,1789006561896364,74076,0,1,1,43245,43245,43245
4710,61695517900,1789006561928648,1789006561930145,74076,0,1,1,43090,43090,43090
4711,61695551208,1789006561961368,1789006561962767,74076,0,1,1,43818,43818,43818
4712,61695584517,1789006561994710,1789006561996155,74076,0,1,1,43792,43792,43792
4713,61695617826,1789006562028213,1789006562030188,74076,0,1,1,43753,43753,43753
4714,61695651134,1789006562061316,1789006562062760,74076,0,1,1,43050,43050,43050
4715,61695684443,1789006562094706,1789006562096186,74076,0,1,1,43752,43752,43752
4716,61695717751,1789006562128360,1789006562129795,74076,0,1,1,43871,43871,43871
4717,61695751060,1789006562161273,1789006562162773,74076,0,1,1,42936,42936,42936
4718,61695784369,1789006562194541,1789006562195954,74076,0,1,1,43809,43809,43809
4719,61695817677,1789006562227869,1789006562229398,74076,0,1,1,43993,43993,43993
4720,61695850986,1789006562261265,1789006562262529,74076,0,1,1,43710,43710,43710
4721,61695884294,1789006562294541,1789006562295963,74076,0,1,1,43237,43237,43237
4722,61695917603,1789006562327873,1789006562329294,74076,0,1,1,43934,43934,43934
4723,61695950912,1789006562361060,1789006562362416,74076,0,1,1,43511,43511,43511
4724,61695984220,1789006562394495,1789006562395949,74076,0,1,1,43972,43972,43972
4725,61696017529,1789006562428759,1789006562430232,74076,0,1,1,43858,43858,43858
4726,61696050837,1789006562461071,1789006562462333,74076,0,1,1,43034,43034,43034
4727,61696084146,1789006562494353,1789006562495680,74076,0,1,1,42941,42941,42941
4728,61696117455,1789006562528864,1789006562530289,74076,0,1,1,43093,43093,43093
4729,61696150763,1789006562560952,1789006562562356,74076,0,1,1,43111,43111,43111
4730,61696184072,1789006562594289,1789006562595646,74076,0,1,1,43213,43213,43213
4731,61696217380,1789006562627951,1789006562628956,74076,0,1,1,43264,43264,43264
4732,61696250689,1789006562661085,1789006562662509,74076,0,1,1,43121,43121,43121
4733,61696283998,1789006562694236,1789006562695577,74076,0,1,1,43198,43198,43198
4734,61696317306,1789006562727465,1789006562731143,74076,0,1,1,43683,43683,43683
4735,61696350615,1789006562761351,1789006562762670,74076,0,1,1,43117,43117,43117
4736,61696383923,1789006562794120,1789006562795497,74076,0,1,1,43879,43879,43879
4737,61696417232,1789006562827385,1789006562828883,74076,0,1,1,43113,43113,43113
4738,61696450541,1789006562861259,1789006562862697,74076,0,1,1,43843,43843,43843
4739,61696483849,1789006562894042,1789006562895426,74076,0,1,1,43819,43819,43819
4740,61696517158,1789006562927404,1789006562928803,74076,0,1,1,43912,43912,43912
4741,61696550466,1789006562961409,1789006562962876,74076,0,1,1,44084,44084,44084
4742,61696583775,1789006562993993,1789006562995547,74076,0,1,1,43909,43909,43909
4743,61696617084,1789006563027258,1789006563028773,74076,0,1,1,43791,43791,43791
4744,61696650392,1789006563061093,1789006563062623,74076,0,1,1,43696,43696,43696
4745,61696683701,1789006563093865,1789006563095314,74076,0,1,1,43175,43175,43175
4746,61696717009,1789006563127092,1789006563128611,74076,0,1,1,43184,43184,43184
4747,61696750318,1789006563162376,1789006563163954,74076,0,1,1,43732,43732,43732
4748,61696783627,1789006563193843,1789006563195335,74076,0,1,1,43795,43795,43795
4749,61696816935,1789006563227026,1789006563228594,74076,0,1,1,43032,43032,43032
4750,61696850244,1789006563260935,1789006563262689,74076,0,1,1,43172,43172,43172
4751,61696883552,1789006563293820,1789006563295174,74076,0,1,1,43005,43005,43005
4752,61696916861,1789006563326992,1789006563328625,74076,0,1,1,44001,44001,44001
4753,61696950170,1789006563360826,1789006563362251,74076,0,1,1,43048,43048,43048
4754,61696983478,1789006563393671,1789006563395623,74076,0,1,1,43769,43769,43769
4755,61697016787,1789006563426927,1789006563428489,74076,0,1,1,43865,43865,43865
4756,61697050095,1789006563460811,1789006563462252,74076,0,1,1,43549,43549,43549
4757,61697083404,1789006563493599,1789006563495039,74076,0,1,1,43792,43792,43792
4758,61697116713,1789006563526979,1789006563528372,74076,0,1,1,43856,43856,43856
4759,61697150021,1789006563560263,1789006563561733,74076,0,1,1,43748,43748,43748
4760,61697183330,1789006563593796,1789006563595574,74076,0,1,1,43905,43905,43905
4761,61697216638,1789006563626897,1789006563628353,74076,0,1,1,43675,43675,43675
4762,61697249947,1789006563660615,1789006563662269,74076,0,1,1,43609,43609,43609
4763,61697283256,1789006563693410,1789006563695184,74076,0,1,1,43702,43702,43702
4764,61697316564,1789006563726738,1789006563728231,74076,0,1,1,43043,43043,43043
4765,61697349873,1789006563760117,1789006563762199,74076,0,1,1,43057,43057,43057
4766,61697383181,1789006563793517,1789006563795871,74076,0,1,1,43065,43065,43065
4767,61697416490,1789006563826742,1789006563828842,74076,0,1,1,43144,43144,43144
4768,61697449799,1789006563860626,1789006563861658,74076,0,1,1,42980,42980,42980
4769,61697483107,1789006563894752,1789006563897480,74076,0,1,1,43174,43174,43174
4770,61697516416,1789006563926509,1789006563928293,74076,0,1,1,44135,44135,44135
4771,61697549724,1789006563960543,1789006563961526,74076,0,1,1,43579,43579,43579
4772,61697583033,1789006563993669,1789006563995407,74076,0,1,1,43842,43842,43842
4773,61697616342,1789006564027050,1789006564028067,74076,0,1,1,43175,43175,43175
4774,61697649650,1789006564059953,1789006564061383,74076,0,1,1,42949,42949,42949
4775,61697682959,1789006564093504,1789006564095449,74076,0,1,1,43246,43246,43246
4776,61697716267,1789006564126565,1789006564127806,74076,0,1,1,43115,43115,43115
4777,61697749576,1789006564159888,1789006564161204,74076,0,1,1,43062,43062,43062
4778,61697782885,1789006564193639,1789006564194590,74076,0,1,1,43724,43724,43724
4779,61697816193,1789006564226485,1789006564227863,74076,0,1,1,43077,43077,43077
4780,61697849502,1789006564259903,1789006564261204,74076,0,1,1,43035,43035,43035
4781,61697882810,1789006564293558,1789006564295018,74076,0,1,1,43761,43761,43761
4782,61697916119,1789006564326446,1789006564327841,74076,0,1,1,43781,43781,43781
4783,61697949428,1789006564359638,1789006564361274,74076,0,1,1,43166,43166,43166
4784,61697982736,1789006564393455,1789006564395147,74076,0,1,1,43117,43117,43117
4785,61698016045,1789006564426339,1789006564427585,74076,0,1,1,43162,43162,43162
4786,61698049353,1789006564459582,1789006564460949,74076,0,1,1,43861,43861,43861
4787,61698082662,1789006564493240,1789006564494888,74076,0,1,1,43715,43715,43715
4788,61698115971,1789006564526308,1789006564527456,74076,0,1,1,42969,42969,42969
4789,61698149279,1789006564559576,1789006564560834,74076,0,1,1,43666,43666,43666
4790,61698182588,1789006564593154,1789006564594204,74076,0,1,1,43177,43177,43177
4791,61698215896,1789006564626072,1789006564627618,74076,0,1,1,43805,43805,43805
4792,61698249205,1789006564659474,1789006564660884,74076,0,1,1,43240,43240,43240
4793,61698282514,1789006564692623,1789006564694067,74076,0,1,1,43223,43223,43223
4794,61698315822,1789006564726079,1789006564727409,74076,0,1,1,43174,43174,43174
4795,61698349131,1789006564759291,1789006564760753,74076,0,1,1,42969,42969,42969
4796,61698382439,1789006564792584,1789006564793994,74076,0,1,1,43851,43851,43851
4797,61698415748,1789006564825894,1789006564827922,74076,0,1,1,42987,42987,42987
4798,61698449057,1789006564859291,1789006564860703,74076,0,1,1,43764,43764,43764
4799,61698482365,1789006564892582,1789006564893932,74076,0,1,1,43614,43614,43614
4800,61698515674,1789006564925802,1789006564927301,74076,0,1,1,43134,43134,43134
4801,61698548982,1789006564959153,1789006564960583,74076,0,1,1,43843,43843,43843
4802,61698582291,1789006564992350,1789006564993893,74076,0,1,1,43010,43010,43010
4803,61698615600,1789006565025798,1789006565027215,74076,0,1,1,43780,43780,43780
4804,61698648908,1789006565059166,1789006565060391,74076,0,1,1,43815,43815,43815
4805,61698682217,1789006565092326,1789006565093675,74076,0,1,1,43476,43476,43476
4806,61698715525,1789006565125645,1789006565127097,74076,0,1,1,43142,43142,43142
4807,61698748834,1789006565158952,1789006565160206,74076,0,1,1,43895,43895,43895
4808,61698782143,1789006565192236,1789006565193573,74076,0,1,1,43663,43663,43663
4809,61698815451,1789006565225544,1789006565226759,74076,0,1,1,43073,43073,43073
4810,61698848760,1789006565258982,1789006565260489,74076,0,1,1,43750,43750,43750
4811,61698882068,1789006565292294,1789006565293924,74076,0,1,1,43715,43715,43715
4812,61698915377,1789006565325582,1789006565326967,74076,0,1,1,43912,43912,43912
4813,61698948686,1789006565358986,1789006565360351,74076,0,1,1,43116,43116,43116
4814,61698981994,1789006565392284,1789006565393498,74076,0,1,1,43761,43761,43761
4815,61699015303,1789006565425511,1789006565427008,74076,0,1,1,43003,43003,43003
4816,61699048611,1789006565458855,1789006565460198,74076,0,1,1,43696,43696,43696
4817,61699081920,1789006565492157,1789006565493367,74076,0,1,1,43201,43201,43201
4818,61699115229,1789006565526328,1789006565528145,74076,0,1,1,43096,43096,43096
4819,61699148537,1789006565559270,1789006565560450,74076,0,1,1,43012,43012,43012
4820,61699181846,1789006565592137,1789006565593526,74076,0,1,1,43161,43161,43161
4821,61699215154,1789006565625880,1789006565628543,74076,0,1,1,43024,43024,43024
4822,61699248463,1789006565658776,1789006565660493,74076,0,1,1,43099,43099,43099
4823,61699281772,1789006565692061,1789006565693260,74076,0,1,1,43734,43734,43734
4824,61699315080,1789006565725832,1789006565727641,74076,0,1,1,43155,43155,43155
4825,61699348389,1789006565758626,1789006565759841,74076,0,1,1,43244,43244,43244
4826,61699381697,1789006565792005,1789006565793350,74076,0,1,1,43024,43024,43024
4827,61699415006,1789006565825289,1789006565826744,74076,0,1,1,43060,43060,43060
4828,61699448315,1789006565858769,1789006565860674,74076,0,1,1,43186,43186,43186
4829,61699481623,1789006565892125,1789006565893243,74076,0,1,1,43862,43862,43862
4830,61699514932,1789006565925177,1789006565926907,74076,0,1,1,43872,43872,43872
4831,61699548240,1789006565958488,1789006565959982,74076,0,1,1,43038,43038,43038
4832,61699581549,1789006565991819,1789006565993063,74076,0,1,1,42942,42942,42942
4833,61699614858,1789006566025087,1789006566027010,74076,0,1,1,43135,43135,43135
4834,61699648166,1789006566059016,1789006566060823,74076,0,1,1,43201,43201,43201
4835,61699681475,1789006566091809,1789006566093165,74076,0,1,1,43001,43001,43001
4836,61699714783,1789006566125059,1789006566126603,74076,0,1,1,43642,43642,43642
4837,61699748092,1789006566159042,1789006566160964,74076,0,1,1,43129,43129,43129
4838,61699781401,1789006566191733,1789006566192969,74076,0,1,1,43117,43117,43117
4839,61699814709,1789006566224975,1789006566226333,74076,0,1,1,42884,42884,42884
4840,61699848018,1789006566258687,1789006566261007,74076,0,1,1,43275,43275,43275
4841,61699881326,1789006566291581,1789006566292995,74076,0,1,1,43796,43796,43796
4842,61699914635,1789006566324830,1789006566326390,74076,0,1,1,43790,43790,43790
4843,61699947944,1789006566358719,1789006566360492,74076,0,1,1,42978,42978,42978
4844,61699981252,1789006566391548,1789006566392975,74076,0,1,1,42958,42958,42958
4845,61700014561,1789006566424812,1789006566426164,74076,0,1,1,43738,43738,43738
4846,61700047869,1789006566458680,1789006566460630,74076,0,1,1,43044,43044,43044
4847,61700081178,1789006566491497,1789006566492909,74076,0,1,1,43776,43776,43776
4848,61700114487,1789006566524727,1789006566526145,74076,0,1,1,43296,43296,43296
4849,61700147795,1789006566559683,1789006566560851,74076,0,1,1,43010,43010,43010
4850,61700181104,1789006566591380,1789006566592941,74076,0,1,1,43858,43858,43858
4851,61700214412,1789006566624693,1789006566626558,74076,0,1,1,43127,43127,43127
4852,61700247721,1789006566658221,1789006566659755,74076,0,1,1,43122,43122,43122
4853,61700281030,1789006566691286,1789006566692791,74076,0,1,1,43079,43079,43079
4854,61700314338,1789006566725162,1789006566726473,74076,0,1,1,43669,43669,43669
4855,61700347647,1789006566758255,1789006566760145,74076,0,1,1,43085,43085,43085
4856,61700380955,1789006566791172,1789006566792779,74076,0,1,1,43134,43134,43134
4857,61700414264,1789006566824538,1789006566825854,74076,0,1,1,43893,43893,43893
4858,61700447573,1789006566858283,1789006566860146,74076,0,1,1,44014,44014,44014
4859,61700480881,1789006566891567,1789006566892736,74076,0,1,1,43013,43013,43013
4860,61700514190,1789006566924784,1789006566925914,74076,0,1,1,43020,43020,43020
4861,61700547498,1789006566958155,1789006566959920,74076,0,1,1,43073,43073,43073
4862,61700580807,1789006566991117,1789006566992774,74076,0,1,1,43796,43796,43796
4863,61700614116,1789006567024336,1789006567025606,74076,0,1,1,43596,43596,43596
4864,61700647424,1789006567057674,1789006567059273,74076,0,1,1,42985,42985,42985
4865,61700680733,1789006567091499,1789006567093536,74076,0,1,1,43052,43052,43052
4866,61700714041,1789006567124350,1789006567125778,74076,0,1,1,43017,43017,43017
4867,61700747350,1789006567157701,1789006567158943,74076,0,1,1,43779,43779,43779
4868,61700780659,1789006567191576,1789006567193438,74076,0,1,1,43816,43816,43816
4869,61700813967,1789006567224233,1789006567225891,74076,0,1,1,42902,42902,42902
4870,61700847276,1789006567257586,1789006567259006,74076,0,1,1,43839,43839,43839
4871,61700880584,1789006567291945,1789006567293685,74076,0,1,1,43631,43631,43631
4872,61700913893,1789006567324187,1789006567325608,74076,0,1,1,43163,43163,43163
4873,61700947202,1789006567357494,1789006567358850,74076,0,1,1,43142,43142,43142
4874,61700980510,1789006567390845,1789006567392470,74076,0,1,1,43062,43062,43062
4875,61701013819,1789006567424444,1789006567425587,74076,0,1,1,42891,42891,42891
4876,61701047127,1789006567457451,1789006567459060,74076,0,1,1,43833,43833,43833
4877,61701080436,1789006567491244,1789006567492975,74076,0,1,1,43847,43847,43847
4878,61701113745,1789006567524008,1789006567525724,74076,0,1,1,43734,43734,43734
4879,61701147053,1789006567557406,1789006567559330,74076,0,1,1,43034,43034,43034
4880,61701180362,1789006567591200,1789006567593007,74076,0,1,1,43807,43807,43807
4881,61701213670,1789006567623962,1789006567625826,74076,0,1,1,42996,42996,42996
4882,61701246979,1789006567657301,1789006567658570,74076,0,1,1,43226,43226,43226
4883,61701280288,1789006567690538,1789006567692122,74076,0,1,1,43181,43181,43181
4884,61701313596,1789006567723859,1789006567725052,74076,0,1,1,43266,43266,43266
4885,61701346905,1789006567757419,1789006567758524,74076,0,1,1,43100,43100,43100
4886,61701380213,1789006567790532,1789006567792878,74076,0,1,1,44006,44006,44006
4887,61701413522,1789006567823800,1789006567825153,74076,0,1,1,43801,43801,43801
4888,61701446831,1789006567857107,1789006567858477,74076,0,1,1,43884,43884,43884
4889,61701480139,1789006567891028,1789006567892744,74076,0,1,1,43034,43034,43034
4890,61701513448,1789006567923812,1789006567925204,74076,0,1,1,43881,43881,43881
4891,61701546756,1789006567957020,1789006567958468,74076,0,1,1,43353,43353,43353
4892,61701580065,1789006567990375,1789006567991697,74076,0,1,1,43298,43298,43298
4893,61701613374,1789006568023601,1789006568024976,74076,0,1,1,43903,43903,43903
4894,61701646682,1789006568057055,1789006568058355,74076,0,1,1,43177,43177,43177
4895,61701679991,1789006568090231,1789006568091618,74076,0,1,1,43300,43300,43300
4896,61701713299,1789006568123818,1789006568125158,74076,0,1,1,43775,43775,43775
4897,61701746608,1789006568156870,1789006568158271,74076,0,1,1,43004,43004,43004
4898,61701779917,1789006568190525,1789006568191967,74076,0,1,1,43203,43203,43203
4899,61701813225,1789006568223970,1789006568225722,74076,0,1,1,43175,43175,43175
4900,61701846534,1789006568256897,1789006568258232,74076,0,1,1,44019,44019,44019
4901,61701879842,1789006568290185,1789006568291684,74076,0,1,1,43034,43034,43034
4902,61701913151,1789006568323987,1789006568325698,74076,0,1,1,42974,42974,42974
4903,61701946460,1789006568356794,1789006568358173,74076,0,1,1,43791,43791,43791
4904,61701979768,1789006568390044,1789006568391584,74076,0,1,1,43732,43732,43732
4905,61702013077,1789006568423752,1789006568425528,74076,0,1,1,43805,43805,43805
4906,61702046385,1789006568456690,1789006568458171,74076,0,1,1,44036,44036,44036
4907,61702079694,1789006568490592,1789006568491754,74076,0,1,1,42962,42962,42962
4908,61702113003,1789006568525105,1789006568526973,74076,0,1,1,43700,43700,43700
4909,61702146311,1789006568556662,1789006568557991,74076,0,1,1,43173,43173,43173
4910,61702179620,1789006568589896,1789006568591318,74076,0,1,1,43161,43161,43161
4911,61702212928,1789006568623498,1789006568625776,74076,0,1,1,43651,43651,43651
4912,61702246237,1789006568656554,1789006568658035,74076,0,1,1,43809,43809,43809
4913,61702279546,1789006568689829,1789006568691838,74076,0,1,1,43099,43099,43099
4914,61702312854,1789006568723627,1789006568725530,74076,0,1,1,43123,43123,43123
4915,61702346163,1789006568756609,1789006568758336,74076,0,1,1,43072,43072,43072
4916,61702379471,1789006568789841,1789006568791150,74076,0,1,1,43139,43139,43139
4917,61702412780,1789006568823092,1789006568825566,74076,0,1,1,43861,43861,43861
4918,61702446089,1789006568857000,1789006568858252,74076,0,1,1,43089,43089,43089
4919,61702479397,1789006568889738,1789006568891059,74076,0,1,1,43836,43836,43836
4920,61702512706,1789006568923526,1789006568925321,74076,0,1,1,42933,42933,42933
4921,61702546014,1789006568956248,1789006568957555,74076,0,1,1,42984,42984,42984
4922,61702579323,1789006568989568,1789006568990891,74076,0,1,1,43046,43046,43046
4923,61702612632,1789006569022839,1789006569024099,74076,0,1,1,43768,43768,43768
4924,61702645940,1789006569056185,1789006569057665,74076,0,1,1,43217,43217,43217
4925,61702679249,1789006569089498,1789006569090943,74076,0,1,1,43578,43578,43578
4926,61702712557,1789006569122719,1789006569124201,74076,0,1,1,42983,42983,42983
4927,61702745866,1789006569156119,1789006569157344,74076,0,1,1,43655,43655,43655
4928,61702779175,1789006569189520,1789006569190962,74076,0,1,1,43118,43118,43118
4929,61702812483,1789006569222831,1789006569224227,74076,0,1,1,43171,43171,43171
4930,61702845792,1789006569256882,1789006569258014,74076,0,1,1,43112,43112,43112
4931,61702879100,1789006569290970,1789006569291578,74076,0,1,1,42922,42922,42922
4932,61702912409,1789006569322626,1789006569324105,74076,0,1,1,42895,42895,42895
4933,61702945718,1789006569355921,1789006569357443,74076,0,1,1,42944,42944,42944
4934,61702979026,1789006569389282,1789006569390602,74076,0,1,1,42879,42879,42879
4935,61703012335,1789006569422592,1789006569423993,74076,0,1,1,42745,42745,42745
4936,61703045643,1789006569455860,1789006569457452,74076,0,1,1,43792,43792,43792
4937,61703078952,1789006569489121,1789006569490554,74076,0,1,1,43746,43746,43746
4938,61703112261,1789006569522474,1789006569523906,74076,0,1,1,43623,43623,43623
4939,61703145569,1789006569555762,1789006569557301,74076,0,1,1,43006,43006,43006
4940,61703178878,1789006569589188,1789006569590310,74076,0,1,1,43532,43532,43532
4941,61703212186,1789006569622453,1789006569623753,74076,0,1,1,42925,42925,42925
4942,61703245495,1789006569655693,1789006569657197,74076,0,1,1,43856,43856,43856
4943,61703278804,1789006569688942,1789006569690354,74076,0,1,1,43167,43167,43167
4944,61703312112,1789006569722294,1789006569723611,74076,0,1,1,43079,43079,43079
4945,61703345421,1789006569755602,1789006569757203,74076,0,1,1,42907,42907,42907
4946,61703378729,1789006569788976,1789006569790495,74076,0,1,1,43010,43010,43010
4947,61703412038,1789006569822332,1789006569823629,74076,0,1,1,42946,42946,42946
4948,61703445347,1789006569855575,1789006569857152,74076,0,1,1,43745,43745,43745
4949,61703478655,1789006569888859,1789006569890281,74076,0,1,1,42663,42663,42663
4950,61703511964,1789006569922117,1789006569923517,74076,0,1,1,42952,42952,42952
4951,61703545272,1789006569955387,1789006569956948,74076,0,1,1,43681,43681,43681
4952,61703578581,1789006569988836,1789006569990138,74076,0,1,1,43638,43638,43638
4953,61703611890,1789006570022111,1789006570023369,74076,0,1,1,42855,42855,42855
4954,61703645198,1789006570055373,1789006570057020,74076,0,1,1,42975,42975,42975
4955,61703678507,1789006570088739,1789006570090000,74076,0,1,1,43070,43070,43070
4956,61703711815,1789006570121951,1789006570123352,74076,0,1,1,43685,43685,43685
4957,61703745124,1789006570155286,1789006570156868,74076,0,1,1,43120,43120,43120
4958,61703778433,1789006570188726,1789006570190028,74076,0,1,1,42994,42994,42994
4959,61703811741,1789006570222005,1789006570223287,74076,0,1,1,43098,43098,43098
4960,61703845050,1789006570255351,1789006570256842,74076,0,1,1,43545,43545,43545
4961,61703878358,1789006570288877,1789006570290116,74076,0,1,1,43132,43132,43132
4962,61703911667,1789006570321832,1789006570323216,74076,0,1,1,43427,43427,43427
4963,61703944976,1789006570355177,1789006570356782,74076,0,1,1,43001,43001,43001
4964,61703978284,1789006570388676,1789006570389974,74076,0,1,1,43675,43675,43675
4965,61704011593,1789006570421848,1789006570423282,74076,0,1,1,43624,43624,43624
4966,61704044901,1789006570455113,1789006570456679,74076,0,1,1,42912,42912,42912
4967,61704078210,1789006570488481,1789006570489969,74076,0,1,1,43042,43042,43042
4968,61704111519,1789006570521687,1789006570523154,74076,0,1,1,43599,43599,43599
4969,61704144827,1789006570555041,1789006570556646,74076,0,1,1,42986,42986,42986
4970,61704178136,1789006570588462,1789006570589878,74076,0,1,1,42975,42975,42975
4971,61704211444,1789006570621668,1789006570622909,74076,0,1,1,43715,43715,43715
4972,61704244753,1789006570654949,1789006570656305,74076,0,1,1,43691,43691,43691
4973,61704278062,1789006570688304,1789006570689876,74076,0,1,1,42999,42999,42999
4974,61704311370,1789006570721536,1789006570722995,74076,0,1,1,42987,42987,42987
4975,61704344679,1789006570754941,1789006570756545,74076,0,1,1,43755,43755,43755
4976,61704377987,1789006570788219,1789006570789598,74076,0,1,1,43739,43739,43739
4977,61704411296,1789006570821604,1789006570822968,74076,0,1,1,43588,43588,43588
4978,61704444605,1789006570854904,1789006570856476,74076,0,1,1,43537,43537,43537
4979,61704477913,1789006570888307,1789006570889774,74076,0,1,1,43641,43641,43641
4980,61704511222,1789006570921419,1789006570922661,74076,0,1,1,43614,43614,43614
4981,61704544530,1789006570954757,1789006570956408,74076,0,1,1,42942,42942,42942
4982,61704577839,1789006570988047,1789006570989510,74076,0,1,1,43703,43703,43703
4983,61704611148,1789006571021359,1789006571022781,74076,0,1,1,43795,43795,43795
4984,61704644456,1789006571054618,1789006571056120,74076,0,1,1,43028,43028,43028
4985,61704677765,1789006571087981,1789006571089345,74076,0,1,1,43655,43655,43655
4986,61704711073,1789006571121269,1789006571122608,74076,0,1,1,43054,43054,43054
4987,61704744382,1789006571154510,1789006571155965,74076,0,1,1,42897,42897,42897
4988,61704777691,1789006571187925,1789006571189284,74076,0,1,1,43709,43709,43709
4989,61704810999,1789006571221338,1789006571222646,74076,0,1,1,43798,43798,43798
4990,61704844308,1789006571254473,1789006571255885,74076,0,1,1,43651,43651,43651
4991,61704877616,1789006571287849,1789006571289211,74076,0,1,1,42897,42897,42897
4992,61704910925,1789006571321206,1789006571322660,74076,0,1,1,43001,43001,43001
4993,61704944234,1789006571354353,1789006571355881,74076,0,1,1,42778,42778,42778
4994,61704977542,1789006571387872,1789006571389274,74076,0,1,1,43974,43974,43974
4995,61705010851,1789006571421158,1789006571422443,74076,0,1,1,42790,42790,42790
4996,61705044159,1789006571454330,1789006571455688,74076,0,1,1,43154,43154,43154
4997,61705077468,1789006571487741,1789006571489219,74076,0,1,1,43761,43761,43761
4998,61705110777,1789006571521012,1789006571522399,74076,0,1,1,43020,43020,43020
4999,61705144085,1789006571554269,1789006571555686,74076,0,1,1,43607,43607,43607
5000,61705177394,1789006571587581,1789006571589060,74076,0,1,1,42811,42811,42811
5001,61705210702,1789006571620905,1789006571622213,74076,0,1,1,43762,43762,43762
5002,61705244011,1789006571654185,1789006571655515,74076,0,1,1,43711,43711,43711
5003,61705277320,1789006571687580,1789006571689068,74076,0,1,1,43658,43658,43658
5004,61705310628,1789006571720734,1789006571722239,74076,0,1,1,43910,43910,43910
5005,61705343937,1789006571754103,1789006571755503,74076,0,1,1,43029,43029,43029
5006,61705377245,1789006571787478,1789006571789028,74076,0,1,1,42962,42962,42962
5007,61705410554,1789006571820733,1789006571822069,74076,0,1,1,43724,43724,43724
5008,61705443863,1789006571854055,1789006571855549,74076,0,1,1,43671,43671,43671
5009,61705477171,1789006571887409,1789006571888907,74076,0,1,1,43700,43700,43700
5010,61705510480,1789006571920699,1789006571922107,74076,0,1,1,43632,43632,43632
5011,61705543788,1789006571953932,1789006571955305,74076,0,1,1,42961,42961,42961
5012,61705577097,1789006571987433,1789006571988838,74076,0,1,1,43086,43086,43086
5013,61705610406,1789006572020616,1789006572021909,74076,0,1,1,43120,43120,43120
5014,61705643714,1789006572053917,1789006572055335,74076,0,1,1,43770,43770,43770
5015,61705677023,1789006572087346,1789006572088750,74076,0,1,1,43527,43527,43527
5016,61705710331,1789006572120513,1789006572121882,74076,0,1,1,43674,43674,43674
5017,61705743640,1789006572153975,1789006572155296,74076,0,1,1,42830,42830,42830
5018,61705776949,1789006572187228,1789006572188719,74076,0,1,1,43126,43126,43126
5019,61705810257,1789006572220469,1789006572221834,74076,0,1,1,42989,42989,42989
5020,61705843566,1789006572253953,1789006572255149,74076,0,1,1,42887,42887,42887
5021,61705876874,1789006572287105,1789006572288587,74076,0,1,1,43046,43046,43046
5022,61705910183,1789006572320459,1789006572321864,74076,0,1,1,43616,43616,43616
5023,61705943492,1789006572353667,1789006572355124,74076,0,1,1,43468,43468,43468
5024,61705976800,1789006572386970,1789006572388577,74076,0,1,1,43721,43721,43721
5025,61706010109,1789006572420398,1789006572421695,74076,0,1,1,43825,43825,43825
5026,61706043417,1789006572453960,1789006572455957,74076,0,1,1,43584,43584,43584
5027,61706076726,1789006572487117,1789006572488415,74076,0,1,1,42898,42898,42898
5028,61706110035,1789006572520397,1789006572521714,74076,0,1,1,43636,43636,43636
5029,61706143343,1789006572553693,1789006572554779,74076,0,1,1,43528,43528,43528
5030,61706176652,1789006572586990,1789006572588452,74076,0,1,1,43291,43291,43291
5031,61706209960,1789006572620306,1789006572621611,74076,0,1,1,43769,43769,43769
5032,61706243269,1789006572653532,1789006572654946,74076,0,1,1,43512,43512,43512
5033,61706276578,1789006572686944,1789006572688364,74076,0,1,1,43025,43025,43025
5034,61706309886,1789006572720106,1789006572721544,74076,0,1,1,43102,43102,43102
5035,61706343195,1789006572753503,1789006572754890,74076,0,1,1,42969,42969,42969
5036,61706376503,1789006572786728,1789006572788236,74076,0,1,1,43617,43617,43617
5037,61706409812,1789006572820124,1789006572821427,74076,0,1,1,42843,42843,42843
5038,61706443121,1789006572853423,1789006572854828,74076,0,1,1,43102,43102,43102
5039,61706476429,1789006572886613,1789006572888209,74076,0,1,1,43088,43088,43088
5040,61706509738,1789006572919989,1789006572921444,74076,0,1,1,42860,42860,42860
5041,61706543046,1789006572953202,1789006572954689,74076,0,1,1,42928,42928,42928
5042,61706576355,1789006572986725,1789006572987998,74076,0,1,1,43751,43751,43751
5043,61706609664,1789006573019949,1789006573021330,74076,0,1,1,43834,43834,43834
5044,61706642972,1789006573053252,1789006573054688,74076,0,1,1,42834,42834,42834
5045,61706676281,1789006573086538,1789006573087901,74076,0,1,1,42991,42991,42991
5046,61706709589,1789006573119765,1789006573121132,74076,0,1,1,43696,43696,43696
5047,61706742898,1789006573153090,1789006573154463,74076,0,1,1,43513,43513,43513
5048,61706776207,1789006573186875,1789006573188316,74076,0,1,1,43088,43088,43088
5049,61706809515,1789006573219933,1789006573221402,74076,0,1,1,43630,43630,43630
5050,61706842824,1789006573253213,1789006573254560,74076,0,1,1,42866,42866,42866
5051,61706876132,1789006573286045,1789006573287216,74076,0,1,1,42943,42943,42943
5052,61706909441,1789006573319405,1789006573320546,74076,0,1,1,43029,43029,43029
5053,61706942750,1789006573352713,1789006573353823,74076,0,1,1,43603,43603,43603
5054,61706976058,1789006573386015,1789006573387231,74076,0,1,1,42958,42958,42958
5055,61707009367,1789006573419494,1789006573420641,74076,0,1,1,43873,43873,43873
5056,61707042675,1789006573452808,1789006573454165,74076,0,1,1,42782,42782,42782
5057,61707075984,1789006573486157,1789006573488049,74076,0,1,1,43650,43650,43650
5058,61707109293,1789006573519624,1789006573520536,74076,0,1,1,42699,42699,42699
5059,61707142601,1789006573552640,1789006573553704,74076,0,1,1,43157,43157,43157
5060,61707175910,1789006573587287,1789006573588755,74076,0,1,1,43415,43415,43415
5061,61707209218,1789006573619602,1789006573621103,74076,0,1,1,43642,43642,43642
5062,61707242527,1789006573652893,1789006573654413,74076,0,1,1,43683,43683,43683
5063,61707275836,1789006573686116,1789006573688644,74076,0,1,1,43724,43724,43724
5064,61707309144,1789006573719505,1789006573720897,74076,0,1,1,43071,43071,43071
5065,61707342453,1789006573752820,1789006573754208,74076,0,1,1,43750,43750,43750
5066,61707375761,1789006573787167,1789006573788823,74076,0,1,1,43686,43686,43686
5067,61707409070,1789006573819496,1789006573820872,74076,0,1,1,42905,42905,42905
5068,61707442379,1789006573852753,1789006573854132,74076,0,1,1,42966,42966,42966
5069,61707475687,1789006573886946,1789006573888446,74076,0,1,1,43641,43641,43641
5070,61707508996,1789006573919389,1789006573920864,74076,0,1,1,43095,43095,43095
5071,61707542304,1789006573952887,1789006573954235,74076,0,1,1,43082,43082,43082
5072,61707575613,1789006573985920,1789006573987303,74076,0,1,1,43657,43657,43657
5073,61707608922,1789006574019380,1789006574020828,74076,0,1,1,43780,43780,43780
5074,61707642230,1789006574052545,1789006574054046,74076,0,1,1,43072,43072,43072
5075,61707675539,1789006574086299,1789006574088235,74076,0,1,1,43026,43026,43026
5076,61707708847,1789006574119268,1789006574120860,74076,0,1,1,42964,42964,42964
5077,61707742156,1789006574152539,1789006574153938,74076,0,1,1,43680,43680,43680
5078,61707775465,1789006574186276,1789006574188310,74076,0,1,1,42849,42849,42849
5079,61707808773,1789006574219059,1789006574220499,74076,0,1,1,43060,43060,43060
5080,61707842082,1789006574252457,1789006574253937,74076,0,1,1,43064,43064,43064
5081,61707875390,1789006574285699,1789006574287337,74076,0,1,1,43617,43617,43617
5082,61707908699,1789006574319117,1789006574320486,74076,0,1,1,43669,43669,43669
5083,61707942008,1789006574352393,1789006574353859,74076,0,1,1,43590,43590,43590
5084,61707975316,1789006574385836,1789006574387744,74076,0,1,1,43630,43630,43630
5085,61708008625,1789006574421579,1789006574421822,74076,0,1,1,42862,42862,42862
5086,61708041933,1789006574452311,1789006574453660,74076,0,1,1,43089,43089,43089
5087,61708075242,1789006574485508,1789006574487373,74076,0,1,1,42935,42935,42935
5088,61708108551,1789006574519125,1789006574521498,74076,0,1,1,43762,43762,43762
5089,61708141859,1789006574552295,1789006574553681,74076,0,1,1,43151,43151,43151
5090,61708175168,1789006574585538,1789006574587448,74076,0,1,1,43842,43842,43842
5091,61708208476,1789006574623984,1789006574624515,74076,0,1,1,43693,43693,43693
5092,61708241785,1789006574652164,1789006574653620,74076,0,1,1,43185,43185,43185
5093,61708275094,1789006574685402,1789006574686820,74076,0,1,1,43552,43552,43552
5094,61708308402,1789006574719159,1789006574721176,74076,0,1,1,43680,43680,43680
5095,61708341711,1789006574752082,1789006574753533,74076,0,1,1,42876,42876,42876
5096,61708375019,1789006574785353,1789006574786776,74076,0,1,1,43557,43557,43557
5097,61708408328,1789006574818938,1789006574820722,74076,0,1,1,43891,43891,43891
5098,61708441637,1789006574852004,1789006574853293,74076,0,1,1,43029,43029,43029
5099,61708474945,1789006574885253,1789006574886829,74076,0,1,1,43571,43571,43571
5100,61708508254,1789006574918566,1789006574920313,74076,0,1,1,43084,43084,43084
5101,61708541562,1789006574951921,1789006574953400,74076,0,1,1,43611,43611,43611
5102,61708574871,1789006574985188,1789006574986653,74076,0,1,1,42931,42931,42931
5103,61708608180,1789006575024409,1789006575025060,74076,0,1,1,43471,43471,43471
5104,61708641488,1789006575051849,1789006575053344,74076,0,1,1,43519,43519,43519
5105,61708674797,1789006575085447,1789006575086702,74076,0,1,1,43001,43001,43001
5106,61708708105,1789006575119028,1789006575120425,74076,0,1,1,42951,42951,42951
5107,61708741414,1789006575151799,1789006575153165,74076,0,1,1,43839,43839,43839
5108,61708774723,1789006575185045,1789006575186671,74076,0,1,1,43832,43832,43832
5109,61708808031,1789006575224253,1789006575224871,74076,0,1,1,43704,43704,43704
5110,61708841340,1789006575251683,1789006575253014,74076,0,1,1,43650,43650,43650
5111,61708874648,1789006575284983,1789006575286510,74076,0,1,1,43161,43161,43161
5112,61708907957,1789006575318321,1789006575320057,74076,0,1,1,43642,43642,43642
5113,61708941266,1789006575351596,1789006575353136,74076,0,1,1,43681,43681,43681
5114,61708974574,1789006575384936,1789006575386367,74076,0,1,1,42947,42947,42947
5115,61709007883,1789006575418247,1789006575419777,74076,0,1,1,43725,43725,43725
5116,61709041191,1789006575451569,1789006575453032,74076,0,1,1,43698,43698,43698
5117,61709074500,1789006575485028,1789006575486527,74076,0,1,1,43704,43704,43704
5118,61709107809,1789006575518096,1789006575519466,74076,0,1,1,42977,42977,42977
5119,61709141117,1789006575551926,1789006575553227,74076,0,1,1,43187,43187,43187
5120,61709174426,1789006575584772,1789006575586102,74076,0,1,1,42995,42995,42995
5121,61709207734,1789006575618123,1789006575619519,74076,0,1,1,43582,43582,43582
5122,61709241043,1789006575651649,1789006575653352,74076,0,1,1,43620,43620,43620
5123,61709274352,1789006575684669,1789006575686094,74076,0,1,1,43021,43021,43021
5124,61709307660,1789006575718045,1789006575719499,74076,0,1,1,43587,43587,43587
5125,61709340969,1789006575751746,1789006575753297,74076,0,1,1,43099,43099,43099
5126,61709374277,1789006575784612,1789006575786186,74076,0,1,1,42867,42867,42867
5127,61709407586,1789006575817970,1789006575819347,74076,0,1,1,43573,43573,43573
5128,61709440895,1789006575851305,1789006575853226,74076,0,1,1,43723,43723,43723
5129,61709474203,1789006575884526,1789006575885953,74076,0,1,1,42877,42877,42877
5130,61709507512,1789006575917878,1789006575919525,74076,0,1,1,42997,42997,42997
5131,61709540820,1789006575951567,1789006575953794,74076,0,1,1,42828,42828,42828
5132,61709574129,1789006575984369,1789006575986205,74076,0,1,1,43620,43620,43620
5133,61709607438,1789006576019146,1789006576019580,74076,0,1,1,42932,42932,42932
5134,61709640746,1789006576052389,1789006576056995,74076,0,1,1,43055,43055,43055
5135,61709674055,1789006576084287,1789006576085980,74076,0,1,1,42931,42931,42931
5136,61709707363,1789006576117612,1789006576119050,74076,0,1,1,43742,43742,43742
5137,61709740672,1789006576151444,1789006576153673,74076,0,1,1,43123,43123,43123
5138,61709773981,1789006576184298,1789006576185798,74076,0,1,1,43521,43521,43521
5139,61709807289,1789006576220101,1789006576220424,74076,0,1,1,43605,43605,43605
5140,61709840598,1789006576250889,1789006576252798,74076,0,1,1,43692,43692,43692
5141,61709873906,1789006576284212,1789006576285673,74076,0,1,1,43666,43666,43666
5142,61709907215,1789006576317562,1789006576319037,74076,0,1,1,43040,43040,43040
5143,61709940524,1789006576351400,1789006576353574,74076,0,1,1,42883,42883,42883
5144,61709973832,1789006576384124,1789006576385605,74076,0,1,1,43510,43510,43510
5145,61710007141,1789006576419168,1789006576419671,74076,0,1,1,43655,43655,43655
5146,61710040449,1789006576450711,1789006576452768,74076,0,1,1,43763,43763,43763
5147,61710073758,1789006576484084,1789006576485517,74076,0,1,1,43079,43079,43079
5148,61710107067,1789006576517238,1789006576518859,74076,0,1,1,42695,42695,42695
5149,61710140375,1789006576550708,1789006576552111,74076,0,1,1,43677,43677,43677
5150,61710173684,1789006576584324,1789006576586145,74076,0,1,1,42977,42977,42977
5151,61710206992,1789006576619166,1789006576619676,74076,0,1,1,43645,43645,43645
5152,61710240301,1789006576650580,1789006576652199,74076,0,1,1,43048,43048,43048
5153,61710273610,1789006576684270,1789006576686161,74076,0,1,1,43327,43327,43327
5154,61710306918,1789006576717183,1789006576718558,74076,0,1,1,43635,43635,43635
5155,61710340227,1789006576750591,1789006576751902,74076,0,1,1,43700,43700,43700
5156,61710373535,1789006576784454,1789006576785998,74076,0,1,1,43172,43172,43172
5157,61710406844,1789006576817163,1789006576818500,74076,0,1,1,43850,43850,43850
5158,61710440153,1789006576850460,1789006576851830,74076,0,1,1,43692,43692,43692
5159,61710473461,1789006576884239,1789006576885817,74076,0,1,1,42956,42956,42956
5160,61710506770,1789006576917192,1789006576918484,74076,0,1,1,43639,43639,43639
5161,61710540078,1789006576950433,1789006576951901,74076,0,1,1,43551,43551,43551
5162,61710573387,1789006576983995,1789006576985923,74076,0,1,1,43038,43038,43038
5163,61710606696,1789006577017196,1789006577020013,74076,0,1,1,42881,42881,42881
5164,61710640004,1789006577050266,1789006577051780,74076,0,1,1,43007,43007,43007
5165,61710673313,1789006577083622,1789006577085853,74076,0,1,1,43602,43602,43602
5166,61710706621,1789006577117165,1789006577118471,74076,0,1,1,42928,42928,42928
5167,61710739930,1789006577150201,1789006577151840,74076,0,1,1,43748,43748,43748
5168,61710773239,1789006577184080,1789006577186136,74076,0,1,1,43135,43135,43135
5169,61710806547,1789006577217179,1789006577220359,74076,0,1,1,42940,42940,42940
5170,61710839856,1789006577250272,1789006577251697,74076,0,1,1,43020,43020,43020
5171,61710873164,1789006577283492,1789006577285594,74076,0,1,1,43639,43639,43639
5172,61710906473,1789006577317087,1789006577318358,74076,0,1,1,43429,43429,43429
5173,61710939782,1789006577350127,1789006577351438,74076,0,1,1,43724,43724,43724
5174,61710973090,1789006577383988,1789006577385764,74076,0,1,1,43748,43748,43748
5175,61711006399,1789006577416990,1789006577419730,74076,0,1,1,43658,43658,43658
5176,61711039707,1789006577450155,1789006577451504,74076,0,1,1,43050,43050,43050
5177,61711073016,1789006577483385,1789006577485347,74076,0,1,1,43041,43041,43041
5178,61711106325,1789006577516979,1789006577518248,74076,0,1,1,43573,43573,43573
5179,61711139633,1789006577549967,1789006577551293,74076,0,1,1,43681,43681,43681
5180,61711172942,1789006577583391,1789006577584921,74076,0,1,1,43093,43093,43093
5181,61711206250,1789006577617091,1789006577617954,74076,0,1,1,43455,43455,43455
5182,61711239559,1789006577649994,1789006577651381,74076,0,1,1,43072,43072,43072
5183,61711272868,1789006577683208,1789006577684767,74076,0,1,1,43067,43067,43067
5184,61711306176,1789006577717407,1789006577718888,74076,0,1,1,42997,42997,42997
5185,61711339485,1789006577749801,1789006577751320,74076,0,1,1,43470,43470,43470
5186,61711372793,1789006577783212,1789006577784567,74076,0,1,1,42875,42875,42875
5187,61711406102,1789006577817758,1789006577819305,74076,0,1,1,43767,43767,43767
5188,61711439411,1789006577849825,1789006577851080,74076,0,1,1,43101,43101,43101
5189,61711472719,1789006577883067,1789006577885108,74076,0,1,1,43025,43025,43025
5190,61711506028,1789006577917684,1789006577919337,74076,0,1,1,42920,42920,42920
5191,61711539336,1789006577949633,1789006577951101,74076,0,1,1,43129,43129,43129
5192,61711572645,1789006577982993,1789006577984574,74076,0,1,1,43036,43036,43036
5193,61711605954,1789006578018258,1789006578018750,74076,0,1,1,43488,43488,43488
5194,61711639262,1789006578049631,1789006578051048,74076,0,1,1,43760,43760,43760
5195,61711672571,1789006578082928,1789006578084471,74076,0,1,1,43083,43083,43083
5196,61711705879,1789006578117541,1789006578119225,74076,0,1,1,42898,42898,42898
5197,61711739188,1789006578149634,1789006578151103,74076,0,1,1,43077,43077,43077
5198,61711772497,1789006578182937,1789006578184357,74076,0,1,1,43092,43092,43092
5199,61711805805,1789006578217094,1789006578219068,74076,0,1,1,43766,43766,43766
5200,61711839114,1789006578249519,1789006578250965,74076,0,1,1,43751,43751,43751
5201,61711872422,1789006578282841,1789006578284295,74076,0,1,1,43119,43119,43119
5202,61711905731,1789006578316088,1789006578317772,74076,0,1,1,43612,43612,43612
5203,61711939040,1789006578349401,1789006578350586,74076,0,1,1,43024,43024,43024
5204,61711972348,1789006578382750,1789006578384230,74076,0,1,1,43732,43732,43732
5205,61712005657,1789006578416001,1789006578418021,74076,0,1,1,43835,43835,43835
5206,61712038965,1789006578449373,1789006578450704,74076,0,1,1,43761,43761,43761
5207,61712072274,1789006578482668,1789006578484263,74076,0,1,1,43114,43114,43114
5208,61712105583,1789006578516846,1789006578518880,74076,0,1,1,42893,42893,42893
5209,61712138891,1789006578549241,1789006578550682,74076,0,1,1,43095,43095,43095
5210,61712172200,1789006578582641,1789006578584077,74076,0,1,1,42930,42930,42930
5211,61712205508,1789006578616350,1789006578618570,74076,0,1,1,43563,43563,43563
5212,61712238817,1789006578649159,1789006578650573,74076,0,1,1,42691,42691,42691
5213,61712272126,1789006578682455,1789006578684048,74076,0,1,1,42812,42812,42812
5214,61712305434,1789006578715944,1789006578718513,74076,0,1,1,42865,42865,42865
5215,61712338743,1789006578749143,1789006578750491,74076,0,1,1,42793,42793,42793
5216,61712372051,1789006578782328,1789006578783673,74076,0,1,1,43673,43673,43673
5217,61712405360,1789006578816013,1789006578818387,74076,0,1,1,43510,43510,43510
5218,61712438669,1789006578849455,1789006578850708,74076,0,1,1,43012,43012,43012
5219,61712471977,1789006578882267,1789006578883619,74076,0,1,1,43467,43467,43467
5220,61712505286,1789006578915659,1789006578917954,74076,0,1,1,43667,43667,43667
5221,61712538594,1789006578948970,1789006578950507,74076,0,1,1,43427,43427,43427
5222,61712571903,1789006578982424,1789006578983823,74076,0,1,1,43793,43793,43793
5223,61712605212,1789006579015604,1789006579018198,74076,0,1,1,43596,43596,43596
5224,61712638520,1789006579049293,1789006579051110,74076,0,1,1,43530,43530,43530
5225,61712671829,1789006579082162,1789006579083562,74076,0,1,1,43596,43596,43596
5226,61712705137,1789006579115588,1789006579117418,74076,0,1,1,43571,43571,43571
5227,61712738446,1789006579149274,1789006579150926,74076,0,1,1,43557,43557,43557
5228,61712771755,1789006579182103,1789006579183619,74076,0,1,1,43520,43520,43520
5229,61712805063,1789006579215473,1789006579216828,74076,0,1,1,43325,43325,43325
5230,61712838372,1789006579249239,1789006579250640,74076,0,1,1,43389,43389,43389
5231,61712871680,1789006579282123,1789006579283573,74076,0,1,1,43577,43577,43577
5232,61712904989,1789006579315371,1789006579316870,74076,0,1,1,43637,43637,43637
5233,61712938298,1789006579348725,1789006579351018,74076,0,1,1,43610,43610,43610
5234,61712971606,1789006579382091,1789006579383569,74076,0,1,1,42926,42926,42926
5235,61713004915,1789006579415330,1789006579416819,74076,0,1,1,43809,43809,43809
5236,61713038223,1789006579448997,1789006579451221,74076,0,1,1,43593,43593,43593
5237,61713071532,1789006579481928,1789006579483402,74076,0,1,1,43670,43670,43670
5238,61713104841,1789006579515194,1789006579516839,74076,0,1,1,43781,43781,43781
5239,61713138149,1789006579548926,1789006579550535,74076,0,1,1,42945,42945,42945
5240,61713171458,1789006579581816,1789006579583209,74076,0,1,1,43611,43611,43611
5241,61713204766,1789006579615194,1789006579616777,74076,0,1,1,42736,42736,42736
5242,61713238075,1789006579648459,1789006579650582,74076,0,1,1,43698,43698,43698
5243,61713271384,1789006579681729,1789006579683206,74076,0,1,1,43513,43513,43513
5244,61713304692,1789006579715121,1789006579716776,74076,0,1,1,42989,42989,42989
5245,61713338001,1789006579748803,1789006579750497,74076,0,1,1,43556,43556,43556
5246,61713371309,1789006579781761,1789006579783279,74076,0,1,1,43001,43001,43001
5247,61713404618,1789006579814995,1789006579816916,74076,0,1,1,43650,43650,43650
5248,61713437927,1789006579848284,1789006579849794,74076,0,1,1,43786,43786,43786
5249,61713471235,1789006579881629,1789006579883061,74076,0,1,1,43046,43046,43046
5250,61713504544,1789006579914963,1789006579916344,74076,0,1,1,42882,42882,42882
5251,61713537852,1789006579948239,1789006579949708,74076,0,1,1,42810,42810,42810
5252,61713571161,1789006579981617,1789006579983775,74076,0,1,1,42937,42937,42937
5253,61713604470,1789006580014865,1789006580016180,74076,0,1,1,42873,42873,42873
5254,61713637778,1789006580048141,1789006580050043,74076,0,1,1,43005,43005,43005
5255,61713671087,1789006580081984,1789006580083556,74076,0,1,1,43634,43634,43634
5256,61713704395,1789006580114733,1789006580116144,74076,0,1,1,42991,42991,42991
5257,61713737704,1789006580148065,1789006580149528,74076,0,1,1,42876,42876,42876
5258,61713771013,1789006580181948,1789006580184616,74076,0,1,1,43738,43738,43738
5259,61713804321,1789006580214721,1789006580216165,74076,0,1,1,43889,43889,43889
5260,61713837630,1789006580247990,1789006580249428,74076,0,1,1,43671,43671,43671
5261,61713870938,1789006580281300,1789006580283580,74076,0,1,1,43596,43596,43596
5262,61713904247,1789006580314552,1789006580316167,74076,0,1,1,43675,43675,43675
5263,61713937556,1789006580347925,1789006580349372,74076,0,1,1,43468,43468,43468
5264,61713970864,1789006580381749,1789006580384409,74076,0,1,1,43459,43459,43459
5265,61714004173,1789006580414532,1789006580416110,74076,0,1,1,43723,43723,43723
5266,61714037481,1789006580447880,1789006580449296,74076,0,1,1,43616,43616,43616
5267,61714070790,1789006580481680,1789006580483714,74076,0,1,1,42898,42898,42898
5268,61714104099,1789006580514465,1789006580515939,74076,0,1,1,43616,43616,43616
5269,61714137407,1789006580547767,1789006580549277,74076,0,1,1,42804,42804,42804
5270,61714170716,1789006580581492,1789006580584278,74076,0,1,1,42875,42875,42875
5271,61714204024,1789006580614429,1789006580615877,74076,0,1,1,42925,42925,42925
5272,61714237333,1789006580647687,1789006580649061,74076,0,1,1,43479,43479,43479
5273,61714270642,1789006580681052,1789006580683122,74076,0,1,1,42969,42969,42969
5274,61714303950,1789006580714359,1789006580715840,74076,0,1,1,43591,43591,43591
5275,61714337259,1789006580747648,1789006580749001,74076,0,1,1,43685,43685,43685
5276,61714370567,1789006580781303,1789006580783318,74076,0,1,1,42945,42945,42945
5277,61714403876,1789006580814285,1789006580815669,74076,0,1,1,43709,43709,43709
5278,61714437185,1789006580849393,1789006580849821,74076,0,1,1,42979,42979,42979
5279,61714470493,1789006580880869,1789006580882490,74076,0,1,1,43708,43708,43708
5280,61714503802,1789006580914235,1789006580915607,74076,0,1,1,43662,43662,43662
5281,61714537110,1789006580947507,1789006580948964,74076,0,1,1,43464,43464,43464
5282,61714570419,1789006580980896,1789006580982283,74076,0,1,1,42973,42973,42973
5283,61714603728,1789006581014185,1789006581019601,74076,0,1,1,42907,42907,42907
5284,61714637036,1789006581047419,1789006581048854,74076,0,1,1,42770,42770,42770
5285,61714670345,1789006581080741,1789006581082159,74076,0,1,1,43579,43579,43579
5286,61714703653,1789006581114519,1789006581116286,74076,0,1,1,43446,43446,43446
5287,61714736962,1789006581147377,1789006581148765,74076,0,1,1,42908,42908,42908
5288,61714770271,1789006581180721,1789006581182230,74076,0,1,1,42907,42907,42907
5289,61714803579,1789006581214631,1789006581215914,74076,0,1,1,43662,43662,43662
5290,61714836888,1789006581247322,1789006581248733,74076,0,1,1,42845,42845,42845
5291,61714870196,1789006581280659,1789006581282188,74076,0,1,1,42576,42576,42576
5292,61714903505,1789006581313910,1789006581315755,74076,0,1,1,42953,42953,42953
5293,61714936814,1789006581347187,1789006581348631,74076,0,1,1,43471,43471,43471
5294,61714970122,1789006581380626,1789006581381993,74076,0,1,1,43672,43672,43672
5295,61715003431,1789006581413879,1789006581415784,74076,0,1,1,43760,43760,43760
5296,61715036739,1789006581447239,1789006581448659,74076,0,1,1,42920,42920,42920
5297,61715070048,1789006581480477,1789006581482000,74076,0,1,1,43721,43721,43721
5298,61715103357,1789006581514176,1789006581515925,74076,0,1,1,42986,42986,42986
5299,61715136665,1789006581547269,1789006581548593,74076,0,1,1,43285,43285,43285
5300,61715169974,1789006581580461,1789006581581935,74076,0,1,1,42894,42894,42894
5301,61715203282,1789006581614116,1789006581616313,74076,0,1,1,43071,43071,43071
5302,61715236591,1789006581647068,1789006581648638,74076,0,1,1,43645,43645,43645
5303,61715269900,1789006581680337,1789006581681843,74076,0,1,1,43748,43748,43748
5304,61715303208,1789006581714005,1789006581715878,74076,0,1,1,43461,43461,43461
5305,61715336517,1789006581747188,1789006581748277,74076,0,1,1,42841,42841,42841
5306,61715369825,1789006581780294,1789006581781704,74076,0,1,1,43701,43701,43701
5307,61715403134,1789006581813586,1789006581815629,74076,0,1,1,42808,42808,42808
5308,61715436443,1789006581846853,1789006581848309,74076,0,1,1,43594,43594,43594
5309,61715469751,1789006581880220,1789006581881609,74076,0,1,1,43674,43674,43674
5310,61715503060,1789006581913989,1789006581916171,74076,0,1,1,43830,43830,43830
5311,61715536368,1789006581946885,1789006581948271,74076,0,1,1,42741,42741,42741
5312,61715569677,1789006581980168,1789006581981560,74076,0,1,1,43647,43647,43647
5313,61715602986,1789006582013695,1789006582015717,74076,0,1,1,42942,42942,42942
5314,61715636294,1789006582046974,1789006582048311,74076,0,1,1,42862,42862,42862
5315,61715669603,1789006582080004,1789006582081518,74076,0,1,1,42860,42860,42860
5316,61715702911,1789006582113381,1789006582114821,74076,0,1,1,43461,43461,43461
5317,61715736220,1789006582147589,1789006582149252,74076,0,1,1,42769,42769,42769
5318,61715769529,1789006582180006,1789006582181353,74076,0,1,1,42791,42791,42791
5319,61715802837,1789006582213262,1789006582214568,74076,0,1,1,43450,43450,43450
5320,61715836146,1789006582247626,1789006582248839,74076,0,1,1,42647,42647,42647
5321,61715869454,1789006582279818,1789006582281203,74076,0,1,1,43591,43591,43591
5322,61715902763,1789006582313191,1789006582314559,74076,0,1,1,43603,43603,43603
5323,61715936072,1789006582347385,1789006582349090,74076,0,1,1,42775,42775,42775
5324,61715969380,1789006582379814,1789006582381161,74076,0,1,1,43621,43621,43621
5325,61716002689,1789006582413183,1789006582414728,74076,0,1,1,43631,43631,43631
5326,61716035997,1789006582447261,1789006582448898,74076,0,1,1,42786,42786,42786
5327,61716069306,1789006582479695,1789006582481194,74076,0,1,1,42776,42776,42776
5328,61716102615,1789006582513069,1789006582514469,74076,0,1,1,42786,42786,42786
5329,61716135923,1789006582546921,1789006582549310,74076,0,1,1,42855,42855,42855
5330,61716169232,1789006582579735,1789006582581080,74076,0,1,1,42829,42829,42829
5331,61716202540,1789006582612906,1789006582614300,74076,0,1,1,42911,42911,42911
5332,61716235849,1789006582646640,1789006582649227,74076,0,1,1,43594,43594,43594
5333,61716269158,1789006582679572,1789006582680993,74076,0,1,1,43568,43568,43568
5334,61716302466,1789006582712908,1789006582714339,74076,0,1,1,42824,42824,42824
5335,61716335775,1789006582746776,1789006582748125,74076,0,1,1,43705,43705,43705
5336,61716369083,1789006582779537,1789006582781037,74076,0,1,1,43604,43604,43604
5337,61716402392,1789006582812827,1789006582814202,74076,0,1,1,42906,42906,42906
5338,61716435701,1789006582846087,1789006582848321,74076,0,1,1,42931,42931,42931
5339,61716469009,1789006582879411,1789006582880742,74076,0,1,1,42823,42823,42823
5340,61716502318,1789006582912762,1789006582914200,74076,0,1,1,43484,43484,43484
5341,61716535626,1789006582947000,1789006582948439,74076,0,1,1,43484,43484,43484
5342,61716568935,1789006582979516,1789006582980847,74076,0,1,1,42878,42878,42878
5343,61716602244,1789006583012662,1789006583014171,74076,0,1,1,43365,43365,43365
5344,61716635552,1789006583046768,1789006583048720,74076,0,1,1,43026,43026,43026
5345,61716668861,1789006583079383,1789006583080718,74076,0,1,1,43074,43074,43074
5346,61716702169,1789006583112613,1789006583114073,74076,0,1,1,43666,43666,43666
5347,61716735478,1789006583146349,1789006583148794,74076,0,1,1,43723,43723,43723
5348,61716768787,1789006583179590,1789006583181286,74076,0,1,1,43730,43730,43730
5349,61716802095,1789006583212570,1789006583213915,74076,0,1,1,43091,43091,43091
5350,61716835404,1789006583245782,1789006583248498,74076,0,1,1,43747,43747,43747
5351,61716868712,1789006583279690,1789006583281213,74076,0,1,1,43641,43641,43641
5352,61716902021,1789006583312442,1789006583313904,74076,0,1,1,43082,43082,43082
5353,61716935330,1789006583345706,1789006583348245,74076,0,1,1,42917,42917,42917
5354,61716968638,1789006583379329,1789006583381354,74076,0,1,1,43057,43057,43057
5355,61717001947,1789006583412410,1789006583413818,74076,0,1,1,43046,43046,43046
5356,61717035255,1789006583445533,1789006583447363,74076,0,1,1,43036,43036,43036
5357,61717068564,1789006583479409,1789006583481242,74076,0,1,1,42982,42982,42982
5358,61717101873,1789006583512332,1789006583513812,74076,0,1,1,43112,43112,43112
5359,61717135181,1789006583545549,1789006583547291,74076,0,1,1,43124,43124,43124
5360,61717168490,1789006583578974,1789006583581250,74076,0,1,1,42967,42967,42967
5361,61717201798,1789006583612290,1789006583613849,74076,0,1,1,42986,42986,42986
5362,61717235107,1789006583645481,1789006583647335,74076,0,1,1,43711,43711,43711
5363,61717268416,1789006583679267,1789006583680908,74076,0,1,1,43709,43709,43709
5364,61717301724,1789006583712176,1789006583713646,74076,0,1,1,43077,43077,43077
5365,61717335033,1789006583745399,1789006583747050,74076,0,1,1,43102,43102,43102
5366,61717368341,1789006583778783,1789006583781181,74076,0,1,1,43674,43674,43674
5367,61717401650,1789006583812035,1789006583813540,74076,0,1,1,43772,43772,43772
5368,61717434959,1789006583845365,1789006583846733,74076,0,1,1,43757,43757,43757
5369,61717468267,1789006583879001,1789006583881039,74076,0,1,1,42937,42937,42937
5370,61717501576,1789006583912041,1789006583913477,74076,0,1,1,43669,43669,43669
5371,61717534884,1789006583945299,1789006583946827,74076,0,1,1,44003,44003,44003
5372,61717568193,1789006583978710,1789006583980583,74076,0,1,1,43030,43030,43030
5373,61717601502,1789006584011972,1789006584013404,74076,0,1,1,43235,43235,43235
5374,61717634810,1789006584045232,1789006584046819,74076,0,1,1,43041,43041,43041
5375,61717668119,1789006584078555,1789006584080244,74076,0,1,1,42779,42779,42779
5376,61717701427,1789006584111896,1789006584113199,74076,0,1,1,43151,43151,43151
5377,61717734736,1789006584145174,1789006584146522,74076,0,1,1,43674,43674,43674
5378,61717768045,1789006584178514,1789006584181103,74076,0,1,1,43695,43695,43695
5379,61717801353,1789006584211876,1789006584213355,74076,0,1,1,42914,42914,42914
5380,61717834662,1789006584245110,1789006584246583,74076,0,1,1,43664,43664,43664
5381,61717867970,1789006584278402,1789006584279859,74076,0,1,1,43036,43036,43036
5382,61717901279,1789006584312102,1789006584313676,74076,0,1,1,43649,43649,43649
5383,61717934588,1789006584345019,1789006584346437,74076,0,1,1,43702,43702,43702
5384,61717967896,1789006584378259,1789006584382378,74076,0,1,1,43691,43691,43691
5385,61718001205,1789006584411988,1789006584414051,74076,0,1,1,43706,43706,43706
5386,61718034513,1789006584444910,1789006584446337,74076,0,1,1,43017,43017,43017
5387,61718067822,1789006584478231,1789006584479659,74076,0,1,1,43027,43027,43027
5388,61718101131,1789006584512649,1789006584514536,74076,0,1,1,43689,43689,43689
5389,61718134439,1789006584544850,1789006584546233,74076,0,1,1,43756,43756,43756
5390,61718167748,1789006584579384,1789006584580515,74076,0,1,1,42926,42926,42926
5391,61718201056,1789006584612055,1789006584613680,74076,0,1,1,42974,42974,42974
5392,61718234365,1789006584644808,1789006584646304,74076,0,1,1,43016,43016,43016
5393,61718267674,1789006584678129,1789006584679559,74076,0,1,1,43297,43297,43297
5394,61718300982,1789006584711843,1789006584713511,74076,0,1,1,43694,43694,43694
5395,61718334291,1789006584744782,1789006584746307,74076,0,1,1,43531,43531,43531
5396,61718367599,1789006584779264,1789006584780440,74076,0,1,1,42895,42895,42895
5397,61718400908,1789006584811791,1789006584813516,74076,0,1,1,42942,42942,42942
5398,61718434217,1789006584844554,1789006584845960,74076,0,1,1,43817,43817,43817
5399,61718467525,1789006584877976,1789006584879244,74076,0,1,1,43707,43707,43707
5400,61718500834,1789006584911727,1789006584913200,74076,0,1,1,42810,42810,42810
5401,61718534142,1789006584944565,1789006584945826,74076,0,1,1,43600,43600,43600
5402,61718567451,1789006584979245,1789006584980359,74076,0,1,1,43526,43526,43526
5403,61718600760,1789006585011210,1789006585012912,74076,0,1,1,43687,43687,43687
5404,61718634068,1789006585044579,1789006585045899,74076,0,1,1,43772,43772,43772
5405,61718667377,1789006585077743,1789006585079084,74076,0,1,1,42806,42806,42806
5406,61718700685,1789006585111594,1789006585113014,74076,0,1,1,42747,42747,42747
5407,61718733994,1789006585144392,1789006585145866,74076,0,1,1,43615,43615,43615
5408,61718767303,1789006585177666,1789006585179348,74076,0,1,1,42973,42973,42973
5409,61718800611,1789006585210985,1789006585213123,74076,0,1,1,43580,43580,43580
5410,61718833920,1789006585244354,1789006585245749,74076,0,1,1,42981,42981,42981
5411,61718867228,1789006585277689,1789006585279134,74076,0,1,1,42950,42950,42950
5412,61718900537,1789006585310908,1789006585312566,74076,0,1,1,43618,43618,43618
5413,61718933846,1789006585344597,1789006585345931,74076,0,1,1,42921,42921,42921
5414,61718967154,1789006585377606,1789006585379042,74076,0,1,1,42920,42920,42920
5415,61719000463,1789006585410851,1789006585413050,74076,0,1,1,43690,43690,43690
5416,61719033771,1789006585444598,1789006585447029,74076,0,1,1,43624,43624,43624
5417,61719067080,1789006585477554,1789006585478985,74076,0,1,1,42547,42547,42547
5418,61719100389,1789006585510822,1789006585512334,74076,0,1,1,42955,42955,42955
5419,61719133697,1789006585545066,1789006585546298,74076,0,1,1,42990,42990,42990
5420,61719167006,1789006585577378,1789006585578865,74076,0,1,1,43001,43001,43001
5421,61719200314,1789006585610722,1789006585612607,74076,0,1,1,43478,43478,43478
5422,61719233623,1789006585644480,1789006585646597,74076,0,1,1,42824,42824,42824
5423,61719266932,1789006585677306,1789006585678828,74076,0,1,1,42894,42894,42894
5424,61719300240,1789006585710647,1789006585712147,74076,0,1,1,42904,42904,42904
5425,61719333549,1789006585744416,1789006585746010,74076,0,1,1,42677,42677,42677
5426,61719366857,1789006585777278,1789006585778687,74076,0,1,1,42865,42865,42865
5427,61719400166,1789006585810660,1789006585812056,74076,0,1,1,43822,43822,43822
5428,61719433475,1789006585844425,1789006585845982,74076,0,1,1,43562,43562,43562
5429,61719466783,1789006585877247,1789006585878616,74076,0,1,1,42870,42870,42870
5430,61719500092,1789006585910586,1789006585912003,74076,0,1,1,43424,43424,43424
5431,61719533400,1789006585944276,1789006585945863,74076,0,1,1,43590,43590,43590
5432,61719566709,1789006585977273,1789006585978566,74076,0,1,1,42928,42928,42928
5433,61719600018,1789006586010421,1789006586011807,74076,0,1,1,42856,42856,42856
5434,61719633326,1789006586044182,1789006586046296,74076,0,1,1,43052,43052,43052
5435,61719666635,1789006586078033,1789006586078601,74076,0,1,1,42886,42886,42886
5436,61719699943,1789006586110290,1789006586111792,74076,0,1,1,43789,43789,43789
5437,61719733252,1789006586144017,1789006586146189,74076,0,1,1,43848,43848,43848
5438,61719766561,1789006586177185,1789006586178414,74076,0,1,1,43772,43772,43772
5439,61719799869,1789006586210368,1789006586211671,74076,0,1,1,43520,43520,43520
5440,61719833178,1789006586243650,1789006586245999,74076,0,1,1,42997,42997,42997
5441,61719866486,1789006586276890,1789006586278374,74076,0,1,1,43391,43391,43391
5442,61719899795,1789006586310175,1789006586311635,74076,0,1,1,43049,43049,43049
5443,61719933104,1789006586343928,1789006586345964,74076,0,1,1,43040,43040,43040
5444,61719966412,1789006586376878,1789006586378162,74076,0,1,1,42947,42947,42947
5445,61719999721,1789006586410123,1789006586411595,74076,0,1,1,42891,42891,42891
5446,61720033029,1789006586443923,1789006586445971,74076,0,1,1,43042,43042,43042
5447,61720066338,1789006586476977,1789006586478336,74076,0,1,1,43657,43657,43657
5448,61720099647,1789006586510099,1789006586511526,74076,0,1,1,43001,43001,43001
5449,61720132955,1789006586543472,1789006586545492,74076,0,1,1,42923,42923,42923
5450,61720166264,1789006586577596,1789006586579307,74076,0,1,1,42777,42777,42777
5451,61720199572,1789006586609915,1789006586611353,74076,0,1,1,43092,43092,43092
5452,61720232881,1789006586643344,1789006586645300,74076,0,1,1,42840,42840,42840
5453,61720266190,1789006586677454,1789006586678837,74076,0,1,1,43548,43548,43548
5454,61720299498,1789006586709967,1789006586711330,74076,0,1,1,43697,43697,43697
5455,61720332807,1789006586743242,1789006586744760,74076,0,1,1,42968,42968,42968
5456,61720366115,1789006586777256,1789006586778882,74076,0,1,1,43712,43712,43712
5457,61720399424,1789006586809879,1789006586811224,74076,0,1,1,43534,43534,43534
5458,61720432733,1789006586843147,1789006586844684,74076,0,1,1,43455,43455,43455
5459,61720466041,1789006586877372,1789006586878509,74076,0,1,1,43583,43583,43583
5460,61720499350,1789006586909790,1789006586911382,74076,0,1,1,42750,42750,42750
5461,61720532658,1789006586943202,1789006586944562,74076,0,1,1,42715,42715,42715
5462,61720565967,1789006586977348,1789006586978675,74076,0,1,1,42831,42831,42831
5463,61720599276,1789006587009742,1789006587011207,74076,0,1,1,43481,43481,43481
5464,61720632584,1789006587043052,1789006587044556,74076,0,1,1,43601,43601,43601
5465,61720665893,1789006587076896,1789006587078763,74076,0,1,1,43614,43614,43614
5466,61720699201,1789006587109689,1789006587111210,74076,0,1,1,43761,43761,43761
5467,61720732510,1789006587142917,1789006587144498,74076,0,1,1,42917,42917,42917
5468,61720765819,1789006587176816,1789006587178884,74076,0,1,1,42994,42994,42994
5469,61720799127,1789006587209539,1789006587210919,74076,0,1,1,42766,42766,42766
5470,61720832436,1789006587242916,1789006587244354,74076,0,1,1,43633,43633,43633
5471,61720865744,1789006587276677,1789006587278143,74076,0,1,1,42848,42848,42848
5472,61720899053,1789006587309483,1789006587310896,74076,0,1,1,42847,42847,42847
5473,61720932362,1789006587342933,1789006587344336,74076,0,1,1,42728,42728,42728
5474,61720965670,1789006587377025,1789006587379087,74076,0,1,1,42769,42769,42769
5475,61720998979,1789006587409390,1789006587411079,74076,0,1,1,43461,43461,43461
5476,61721032287,1789006587442754,1789006587444247,74076,0,1,1,43476,43476,43476
5477,61721065596,1789006587476534,1789006587478927,74076,0,1,1,42876,42876,42876
5478,61721098905,1789006587509332,1789006587510696,74076,0,1,1,43520,43520,43520
5479,61721132213,1789006587542752,1789006587544138,74076,0,1,1,43679,43679,43679
5480,61721165522,1789006587575925,1789006587578410,74076,0,1,1,43745,43745,43745
5481,61721198830,1789006587609595,1789006587610523,74076,0,1,1,42739,42739,42739
5482,61721232139,1789006587642635,1789006587644174,74076,0,1,1,43324,43324,43324
5483,61721265448,1789006587675831,1789006587677645,74076,0,1,1,43654,43654,43654
5484,61721298756,1789006587709650,1789006587711056,74076,0,1,1,43733,43733,43733
5485,61721332065,1789006587742572,1789006587744014,74076,0,1,1,43875,43875,43875
5486,61721365373,1789006587775838,1789006587777491,74076,0,1,1,43584,43584,43584
5487,61721398682,1789006587809565,1789006587810983,74076,0,1,1,42911,42911,42911
5488,61721431991,1789006587842438,1789006587843837,74076,0,1,1,42859,42859,42859
5489,61721465299,1789006587875723,1789006587877621,74076,0,1,1,42994,42994,42994
5490,61721498608,1789006587909500,1789006587910740,74076,0,1,1,42976,42976,42976
5491,61721531916,1789006587942386,1789006587943827,74076,0,1,1,42850,42850,42850
5492,61721565225,1789006587975668,1789006587977490,74076,0,1,1,43474,43474,43474
5493,61721598534,1789006588009008,1789006588010426,74076,0,1,1,43689,43689,43689
5494,61721631842,1789006588042300,1789006588043783,74076,0,1,1,43503,43503,43503
5495,61721665151,1789006588075588,1789006588077487,74076,0,1,1,42613,42613,42613
5496,61721698459,1789006588109419,1789006588110859,74076,0,1,1,43580,43580,43580
5497,61721731768,1789006588142287,1789006588143670,74076,0,1,1,43415,43415,43415
5498,61721765077,1789006588175608,1789006588176980,74076,0,1,1,43422,43422,43422
5499,61721798385,1789006588208840,1789006588210761,74076,0,1,1,43353,43353,43353
5500,61721831694,1789006588242119,1789006588243580,74076,0,1,1,42851,42851,42851
5501,61721865002,1789006588275466,1789006588277083,74076,0,1,1,42764,42764,42764
5502,61721898311,1789006588309178,1789006588311083,74076,0,1,1,43616,43616,43616
5503,61721931620,1789006588342129,1789006588343324,74076,0,1,1,42843,42843,42843
5504,61721964928,1789006588375386,1789006588377020,74076,0,1,1,42928,42928,42928
5505,61721998237,1789006588409105,1789006588410742,74076,0,1,1,42825,42825,42825
5506,61722031545,1789006588441963,1789006588443255,74076,0,1,1,42811,42811,42811
5507,61722064854,1789006588475349,1789006588476938,74076,0,1,1,43032,43032,43032
5508,61722098163,1789006588509158,1789006588510617,74076,0,1,1,43388,43388,43388
5509,61722131471,1789006588541993,1789006588543394,74076,0,1,1,43558,43558,43558
5510,61722164780,1789006588575324,1789006588576901,74076,0,1,1,43529,43529,43529
5511,61722198088,1789006588608542,1789006588610098,74076,0,1,1,42693,42693,42693
5512,61722231397,1789006588641903,1789006588643306,74076,0,1,1,43580,43580,43580
5513,61722264706,1789006588675292,1789006588676652,74076,0,1,1,42770,42770,42770
5514,61722298014,1789006588708466,1789006588710009,74076,0,1,1,43614,43614,43614
5515,61722331323,1789006588741959,1789006588743730,74076,0,1,1,43698,43698,43698
5516,61722364631,1789006588775099,1789006588776635,74076,0,1,1,43512,43512,43512
5517,61722397940,1789006588808752,1789006588810846,74076,0,1,1,43732,43732,43732
5518,61722431249,1789006588842152,1789006588843909,74076,0,1,1,43641,43641,43641
5519,61722464557,1789006588875021,1789006588876514,74076,0,1,1,43614,43614,43614
5520,61722497866,1789006588908243,1789006588909996,74076,0,1,1,43544,43544,43544
5521,61722531174,1789006588942082,1789006588943837,74076,0,1,1,43531,43531,43531
5522,61722564483,1789006588974988,1789006588976437,74076,0,1,1,43349,43349,43349
5523,61722597792,1789006589008246,1789006589009772,74076,0,1,1,42927,42927,42927
5524,61722631100,1789006589041570,1789006589043726,74076,0,1,1,43593,43593,43593
5525,61722664409,1789006589075005,1789006589076407,74076,0,1,1,42984,42984,42984
5526,61722697717,1789006589108209,1789006589109651,74076,0,1,1,42813,42813,42813
5527,61722731026,1789006589141952,1789006589143636,74076,0,1,1,42903,42903,42903
5528,61722764335,1789006589174775,1789006589176463,74076,0,1,1,42972,42972,42972
5529,61722797643,1789006589208097,1789006589209518,74076,0,1,1,43519,43519,43519
5530,61722830952,1789006589241888,1789006589243884,74076,0,1,1,42865,42865,42865
5531,61722864260,1789006589274694,1789006589276273,74076,0,1,1,42962,42962,42962
5532,61722897569,1789006589307994,1789006589309367,74076,0,1,1,42843,42843,42843
5533,61722930878,1789006589341818,1789006589343539,74076,0,1,1,42903,42903,42903
5534,61722964186,1789006589374686,1789006589376214,74076,0,1,1,43462,43462,43462
5535,61722997495,1789006589407960,1789006589409412,74076,0,1,1,42949,42949,42949
5536,61723030803,1789006589441278,1789006589443390,74076,0,1,1,42904,42904,42904
5537,61723064112,1789006589474618,1789006589476154,74076,0,1,1,42881,42881,42881
5538,61723097421,1789006589507861,1789006589509454,74076,0,1,1,42901,42901,42901
5539,61723130729,1789006589541431,1789006589543382,74076,0,1,1,42974,42974,42974
5540,61723164038,1789006589574525,1789006589576077,74076,0,1,1,42968,42968,42968
5541,61723197346,1789006589607797,1789006589609364,74076,0,1,1,42928,42928,42928
5542,61723230655,1789006589641714,1789006589643461,74076,0,1,1,42818,42818,42818
5543,61723263964,1789006589674481,1789006589675886,74076,0,1,1,43415,43415,43415
5544,61723297272,1789006589707749,1789006589709199,74076,0,1,1,42985,42985,42985
5545,61723330581,1789006589741120,1789006589742485,74076,0,1,1,43042,43042,43042
5546,61723363889,1789006589774743,1789006589776471,74076,0,1,1,42965,42965,42965
5547,61723397198,1789006589807691,1789006589809103,74076,0,1,1,43553,43553,43553
5548,61723430507,1789006589841014,1789006589842777,74076,0,1,1,43584,43584,43584
5549,61723463815,1789006589874559,1789006589876751,74076,0,1,1,43550,43550,43550
5550,61723497124,1789006589907604,1789006589909097,74076,0,1,1,42914,42914,42914
5551,61723530432,1789006589940968,1789006589942336,74076,0,1,1,43498,43498,43498
5552,61723563741,1789006589974403,1789006589975783,74076,0,1,1,42869,42869,42869
5553,61723597050,1789006590007541,1789006590008994,74076,0,1,1,43503,43503,43503
5554,61723630358,1789006590040899,1789006590042309,74076,0,1,1,43570,43570,43570
5555,61723663667,1789006590074685,1789006590076777,74076,0,1,1,42880,42880,42880
5556,61723696975,1789006590107415,1789006590108806,74076,0,1,1,43709,43709,43709
5557,61723730284,1789006590140769,1789006590142359,74076,0,1,1,43592,43592,43592
5558,61723763593,1789006590174415,1789006590176330,74076,0,1,1,42963,42963,42963
5559,61723796901,1789006590207291,1789006590208839,74076,0,1,1,43700,43700,43700
5560,61723830210,1789006590240775,1789006590242166,74076,0,1,1,42875,42875,42875
5561,61723863518,1789006590274501,1789006590276275,74076,0,1,1,42793,42793,42793
5562,61723896827,1789006590307338,1789006590308732,74076,0,1,1,43642,43642,43642
5563,61723930136,1789006590340674,1789006590341973,74076,0,1,1,43393,43393,43393
5564,61723963444,1789006590374214,1789006590375861,74076,0,1,1,43010,43010,43010
5565,61723996753,1789006590407148,1789006590408724,74076,0,1,1,42882,42882,42882
5566,61724030061,1789006590440590,1789006590442088,74076,0,1,1,42837,42837,42837
5567,61724063370,1789006590474141,1789006590476171,74076,0,1,1,42697,42697,42697
5568,61724096679,1789006590507383,1789006590508779,74076,0,1,1,43605,43605,43605
5569,61724129987,1789006590540541,1789006590541881,74076,0,1,1,42817,42817,42817
5570,61724163296,1789006590573838,1789006590576059,74076,0,1,1,43722,43722,43722
5571,61724196604,1789006590607353,1789006590608519,74076,0,1,1,43517,43517,43517
5572,61724229913,1789006590640412,1789006590641799,74076,0,1,1,42405,42405,42405
5573,61724263222,1789006590674082,1789006590676280,74076,0,1,1,42836,42836,42836
5574,61724296530,1789006590707096,1789006590708629,74076,0,1,1,43613,43613,43613
5575,61724329839,1789006590740399,1789006590741692,74076,0,1,1,42878,42878,42878
5576,61724363147,1789006590773911,1789006590775705,74076,0,1,1,42867,42867,42867
5577,61724396456,1789006590806995,1789006590808381,74076,0,1,1,43625,43625,43625
5578,61724429765,1789006590840280,1789006590841679,74076,0,1,1,42823,42823,42823
5579,61724463073,1789006590873521,1789006590874748,74076,0,1,1,42832,42832,42832
5580,61724496382,1789006590907501,1789006590909147,74076,0,1,1,42633,42633,42633
5581,61724529690,1789006590940244,1789006590941595,74076,0,1,1,42921,42921,42921
5582,61724562999,1789006590973522,1789006590975014,74076,0,1,1,43545,43545,43545
5583,61724596308,1789006591007653,1789006591009168,74076,0,1,1,43556,43556,43556
5584,61724629616,1789006591040126,1789006591041511,74076,0,1,1,42939,42939,42939
5585,61724662925,1789006591073446,1789006591075019,74076,0,1,1,43659,43659,43659
5586,61724696233,1789006591107644,1789006591109166,74076,0,1,1,43573,43573,43573
5587,61724729542,1789006591140087,1789006591141465,74076,0,1,1,43432,43432,43432
5588,61724762851,1789006591173406,1789006591174914,74076,0,1,1,43806,43806,43806
5589,61724796159,1789006591206839,1789006591208857,74076,0,1,1,42775,42775,42775
5590,61724829468,1789006591239978,1789006591241457,74076,0,1,1,43608,43608,43608
5591,61724862776,1789006591273309,1789006591274822,74076,0,1,1,42999,42999,42999
5592,61724896085,1789006591306832,1789006591309172,74076,0,1,1,43713,43713,43713
5593,61724929394,1789006591339974,1789006591341330,74076,0,1,1,42870,42870,42870
5594,61724962702,1789006591373247,1789006591374652,74076,0,1,1,42894,42894,42894
5595,61724996011,1789006591407475,1789006591408806,74076,0,1,1,43592,43592,43592
5596,61725029319,1789006591439844,1789006591441374,74076,0,1,1,43434,43434,43434
5597,61725062628,1789006591473162,1789006591474536,74076,0,1,1,43478,43478,43478
5598,61725095937,1789006591506879,1789006591508833,74076,0,1,1,43649,43649,43649
5599,61725129245,1789006591539780,1789006591541258,74076,0,1,1,42838,42838,42838
5600,61725162554,1789006591573133,1789006591574491,74076,0,1,1,43598,43598,43598
5601,61725195862,1789006591606318,1789006591608379,74076,0,1,1,42849,42849,42849
5602,61725229171,1789006591639706,1789006591641153,74076,0,1,1,42873,42873,42873
5603,61725262480,1789006591673007,1789006591674501,74076,0,1,1,43469,43469,43469
5604,61725295788,1789006591706245,1789006591708726,74076,0,1,1,42950,42950,42950
5605,61725329097,1789006591739553,1789006591741004,74076,0,1,1,43542,43542,43542
5606,61725362405,1789006591772943,1789006591774263,74076,0,1,1,42907,42907,42907
5607,61725395714,1789006591807139,1789006591809221,74076,0,1,1,43504,43504,43504
5608,61725429023,1789006591839795,1789006591841818,74076,0,1,1,43261,43261,43261
5609,61725462331,1789006591872874,1789006591874319,74076,0,1,1,43730,43730,43730
5610,61725495640,1789006591906139,1789006591907731,74076,0,1,1,42934,42934,42934
5611,61725528948,1789006591939568,1789006591941106,74076,0,1,1,42786,42786,42786
5612,61725562257,1789006591972747,1789006591974262,74076,0,1,1,42875,42875,42875
5613,61725595566,1789006592006045,1789006592007748,74076,0,1,1,43535,43535,43535
5614,61725628874,1789006592039768,1789006592042590,74076,0,1,1,43693,43693,43693
5615,61725662183,1789006592072727,1789006592074230,74076,0,1,1,43425,43425,43425
5616,61725695491,1789006592105987,1789006592107760,74076,0,1,1,42914,42914,42914
5617,61725728800,1789006592139719,1789006592141418,74076,0,1,1,43576,43576,43576
5618,61725762109,1789006592172663,1789006592174176,74076,0,1,1,42951,42951,42951
5619,61725795417,1789006592205841,1789006592207710,74076,0,1,1,43537,43537,43537
5620,61725828726,1789006592239676,1789006592241225,74076,0,1,1,42803,42803,42803
5621,61725862034,1789006592272566,1789006592274053,74076,0,1,1,42976,42976,42976
5622,61725895343,1789006592305793,1789006592307602,74076,0,1,1,43533,43533,43533
5623,61725928652,1789006592339248,1789006592341037,74076,0,1,1,43589,43589,43589
5624,61725961960,1789006592372492,1789006592374317,74076,0,1,1,43381,43381,43381
5625,61725995269,1789006592405663,1789006592407474,74076,0,1,1,43506,43506,43506
5626,61726028577,1789006592439034,1789006592440965,74076,0,1,1,43456,43456,43456
5627,61726061886,1789006592472420,1789006592473938,74076,0,1,1,43322,43322,43322
5628,61726095195,1789006592505664,1789006592507506,74076,0,1,1,43494,43494,43494
5629,61726128503,1789006592539345,1789006592541362,74076,0,1,1,43541,43541,43541
5630,61726161812,1789006592572358,1789006592573794,74076,0,1,1,43357,43357,43357
5631,61726195120,1789006592605621,1789006592607526,74076,0,1,1,43654,43654,43654
5632,61726228429,1789006592639410,1789006592641147,74076,0,1,1,42772,42772,42772
5633,61726261738,1789006592672285,1789006592673714,74076,0,1,1,42778,42778,42778
5634,61726295046,1789006592705549,1789006592707036,74076,0,1,1,42969,42969,42969
5635,61726328355,1789006592738861,1789006592740251,74076,0,1,1,43574,43574,43574
5636,61726361663,1789006592772205,1789006592773695,74076,0,1,1,43754,43754,43754
5637,61726394972,1789006592805443,1789006592807110,74076,0,1,1,42948,42948,42948
5638,61726428281,1789006592839354,1789006592840801,74076,0,1,1,43637,43637,43637
5639,61726461589,1789006592872171,1789006592873503,74076,0,1,1,42821,42821,42821
5640,61726494898,1789006592905373,1789006592906826,74076,0,1,1,43730,43730,43730
5641,61726528206,1789006592939225,1789006592940726,74076,0,1,1,43413,43413,43413
5642,61726561515,1789006592972144,1789006592973523,74076,0,1,1,43301,43301,43301
5643,61726594824,1789006593005337,1789006593006782,74076,0,1,1,43494,43494,43494
5644,61726628132,1789006593038688,1789006593040456,74076,0,1,1,42822,42822,42822
5645,61726661441,1789006593072338,1789006593074854,74076,0,1,1,42889,42889,42889
5646,61726694749,1789006593105243,1789006593106780,74076,0,1,1,43660,43660,43660
5647,61726728058,1789006593139062,1789006593140575,74076,0,1,1,42879,42879,42879
5648,61726761367,1789006593172312,1789006593174096,74076,0,1,1,42778,42778,42778
5649,61726794675,1789006593205137,1789006593206572,74076,0,1,1,43461,43461,43461
5650,61726827984,1789006593238527,1789006593240187,74076,0,1,1,43540,43540,43540
5651,61726861292,1789006593272203,1789006593274260,74076,0,1,1,43511,43511,43511
5652,61726894601,1789006593305084,1789006593306506,74076,0,1,1,43570,43570,43570
5653,61726927910,1789006593338424,1789006593339822,74076,0,1,1,43363,43363,43363
5654,61726961218,1789006593371782,1789006593373944,74076,0,1,1,43501,43501,43501
5655,61726994527,1789006593405058,1789006593406403,74076,0,1,1,43390,43390,43390
5656,61727027835,1789006593439093,1789006593440239,74076,0,1,1,43564,43564,43564
5657,61727061144,1789006593472193,1789006593473895,74076,0,1,1,43656,43656,43656
5658,61727094453,1789006593504930,1789006593506285,74076,0,1,1,43547,43547,43547
5659,61727127761,1789006593538313,1789006593539687,74076,0,1,1,42852,42852,42852
5660,61727161070,1789006593571946,1789006593573816,74076,0,1,1,42855,42855,42855
5661,61727194378,1789006593604849,1789006593606334,74076,0,1,1,42781,42781,42781
5662,61727227687,1789006593638226,1789006593639653,74076,0,1,1,42920,42920,42920
5663,61727260996,1789006593671879,1789006593673883,74076,0,1,1,43473,43473,43473
5664,61727294304,1789006593704810,1789006593706331,74076,0,1,1,43569,43569,43569
5665,61727327613,1789006593738177,1789006593739543,74076,0,1,1,42881,42881,42881
5666,61727360921,1789006593771413,1789006593773000,74076,0,1,1,43522,43522,43522
5667,61727394230,1789006593804743,1789006593806291,74076,0,1,1,42818,42818,42818
5668,61727427539,1789006593838059,1789006593839396,74076,0,1,1,42911,42911,42911
5669,61727460847,1789006593871797,1789006593873268,74076,0,1,1,43351,43351,43351
5670,61727494156,1789006593904685,1789006593906126,74076,0,1,1,42912,42912,42912
5671,61727527464,1789006593938001,1789006593939428,74076,0,1,1,42709,42709,42709
5672,61727560773,1789006593971290,1789006593972817,74076,0,1,1,43543,43543,43543
5673,61727594082,1789006594004635,1789006594006074,74076,0,1,1,43482,43482,43482
5674,61727627390,1789006594037870,1789006594039274,74076,0,1,1,42653,42653,42653
5675,61727660699,1789006594071234,1789006594072739,74076,0,1,1,42685,42685,42685
5676,61727694007,1789006594105132,1789006594106275,74076,0,1,1,42984,42984,42984
5677,61727727316,1789006594137768,1789006594139408,74076,0,1,1,43633,43633,43633
5678,61727760625,1789006594171491,1789006594173413,74076,0,1,1,43561,43561,43561
5679,61727793933,1789006594204949,1789006594206996,74076,0,1,1,43613,43613,43613
5680,61727827242,1789006594237783,1789006594239155,74076,0,1,1,43526,43526,43526
5681,61727860550,1789006594271023,1789006594272601,74076,0,1,1,42791,42791,42791
5682,61727893859,1789006594304939,1789006594306637,74076,0,1,1,42869,42869,42869
5683,61727927168,1789006594337701,1789006594339134,74076,0,1,1,43507,43507,43507
5684,61727960476,1789006594370989,1789006594372467,74076,0,1,1,43736,43736,43736
5685,61727993785,1789006594404766,1789006594406849,74076,0,1,1,43438,43438,43438
5686,61728027093,1789006594437665,1789006594439065,74076,0,1,1,42636,42636,42636
5687,61728060402,1789006594471735,1789006594473010,74076,0,1,1,42868,42868,42868
5688,61728093711,1789006594504704,1789006594506626,74076,0,1,1,42843,42843,42843
5689,61728127019,1789006594537398,1789006594538962,74076,0,1,1,42983,42983,42983
5690,61728160328,1789006594570833,1789006594572453,74076,0,1,1,42802,42802,42802
5691,61728193636,1789006594604434,1789006594606489,74076,0,1,1,42760,42760,42760
5692,61728226945,1789006594637439,1789006594638746,74076,0,1,1,43346,43346,43346
5693,61728260254,1789006594670730,1789006594672401,74076,0,1,1,43430,43430,43430
5694,61728293562,1789006594704618,1789006594706235,74076,0,1,1,43605,43605,43605
5695,61728326871,1789006594737335,1789006594738675,74076,0,1,1,42849,42849,42849
5696,61728360179,1789006594770618,1789006594772213,74076,0,1,1,43298,43298,43298
5697,61728393488,1789006594804476,1789006594806329,74076,0,1,1,42718,42718,42718
5698,61728426797,1789006594837289,1789006594838621,74076,0,1,1,42712,42712,42712
5699,61728460105,1789006594870606,1789006594872048,74076,0,1,1,42840,42840,42840
5700,61728493414,1789006594903857,1789006594905352,74076,0,1,1,42767,42767,42767
5701,61728526722,1789006594937391,1789006594938672,74076,0,1,1,43560,43560,43560
5702,61728560031,1789006594970548,1789006594971908,74076,0,1,1,43348,43348,43348
5703,61728593340,1789006595004064,1789006595005338,74076,0,1,1,43560,43560,43560
5704,61728626648,1789006595037366,1789006595038543,74076,0,1,1,43658,43658,43658
5705,61728659957,1789006595070525,1789006595071981,74076,0,1,1,42848,42848,42848
5706,61728693265,1789006595103753,1789006595105180,74076,0,1,1,43410,43410,43410
5707,61728726574,1789006595137531,1789006595138526,74076,0,1,1,43455,43455,43455
5708,61728759883,1789006595170402,1789006595171891,74076,0,1,1,42877,42877,42877
5709,61728793191,1789006595203668,1789006595205023,74076,0,1,1,43659,43659,43659
5710,61728826500,1789006595237958,1789006595239715,74076,0,1,1,42875,42875,42875
5711,61728859808,1789006595270311,1789006595271870,74076,0,1,1,43680,43680,43680
5712,61728893117,1789006595303669,1789006595305020,74076,0,1,1,42752,42752,42752
5713,61728926426,1789006595337869,1789006595339481,74076,0,1,1,42889,42889,42889
5714,61728959734,1789006595370249,1789006595371830,74076,0,1,1,43515,43515,43515
5715,61728993043,1789006595403538,1789006595405032,74076,0,1,1,43503,43503,43503
5716,61729026351,1789006595437945,1789006595439618,74076,0,1,1,42784,42784,42784
5717,61729059660,1789006595470141,1789006595471612,74076,0,1,1,43604,43604,43604
5718,61729092969,1789006595503554,1789006595505037,74076,0,1,1,42841,42841,42841
5719,61729126277,1789006595537890,1789006595539313,74076,0,1,1,42631,42631,42631
5720,61729159586,1789006595570183,1789006595571719,74076,0,1,1,43474,43474,43474
5721,61729192894,1789006595603418,1789006595605041,74076,0,1,1,42919,42919,42919
5722,61729226203,1789006595637982,1789006595639566,74076,0,1,1,43511,43511,43511
5723,61729259512,1789006595670100,1789006595671565,74076,0,1,1,43536,43536,43536
5724,61729292820,1789006595703405,1789006595704883,74076,0,1,1,42921,42921,42921
5725,61729326129,1789006595737869,1789006595739313,74076,0,1,1,43470,43470,43470
5726,61729359437,1789006595770033,1789006595771456,74076,0,1,1,43555,43555,43555
5727,61729392746,1789006595803294,1789006595804850,74076,0,1,1,43429,43429,43429
5728,61729426055,1789006595837539,1789006595838946,74076,0,1,1,43510,43510,43510
5729,61729459363,1789006595869905,1789006595871452,74076,0,1,1,43590,43590,43590
5730,61729492672,1789006595903290,1789006595904666,74076,0,1,1,43724,43724,43724
5731,61729525980,1789006595937784,1789006595939169,74076,0,1,1,42956,42956,42956
5732,61729559289,1789006595969830,1789006595971491,74076,0,1,1,43538,43538,43538
5733,61729592598,1789006596003104,1789006596004590,74076,0,1,1,42638,42638,42638
5734,61729625906,1789006596036889,1789006596039465,74076,0,1,1,43634,43634,43634
5735,61729659215,1789006596069776,1789006596071139,74076,0,1,1,42828,42828,42828
5736,61729692523,1789006596103165,1789006596104681,74076,0,1,1,42586,42586,42586
5737,61729725832,1789006596136890,1789006596138861,74076,0,1,1,42851,42851,42851
5738,61729759141,1789006596169698,1789006596171149,74076,0,1,1,42903,42903,42903
5739,61729792449,1789006596202962,1789006596204481,74076,0,1,1,42751,42751,42751
5740,61729825758,1789006596236346,1789006596238003,74076,0,1,1,42730,42730,42730
5741,61729859066,1789006596269684,1789006596271185,74076,0,1,1,42718,42718,42718
5742,61729892375,1789006596303000,1789006596304335,74076,0,1,1,42705,42705,42705
5743,61729925684,1789006596336211,1789006596337753,74076,0,1,1,42832,42832,42832
5744,61729958992,1789006596369942,1789006596371648,74076,0,1,1,42897,42897,42897
5745,61729992301,1789006596402842,1789006596404113,74076,0,1,1,43459,43459,43459
5746,61730025609,1789006596436163,1789006596437860,74076,0,1,1,43639,43639,43639
5747,61730058918,1789006596469889,1789006596471603,74076,0,1,1,43477,43477,43477
5748,61730092227,1789006596502864,1789006596504356,74076,0,1,1,43416,43416,43416
5749,61730125535,1789006596536095,1789006596538950,74076,0,1,1,43548,43548,43548
5750,61730158844,1789006596570392,1789006596572736,74076,0,1,1,42799,42799,42799
5751,61730192152,1789006596602655,1789006596604270,74076,0,1,1,42819,42819,42819
5752,61730225461,1789006596635999,1789006596637617,74076,0,1,1,42711,42711,42711
5753,61730258770,1789006596669775,1789006596671427,74076,0,1,1,43356,43356,43356
5754,61730292078,1789006596702682,1789006596704146,74076,0,1,1,43350,43350,43350
5755,61730325387,1789006596735880,1789006596737529,74076,0,1,1,43404,43404,43404
5756,61730358695,1789006596769711,1789006596771182,74076,0,1,1,43478,43478,43478
5757,61730392004,1789006596802489,1789006596803921,74076,0,1,1,43277,43277,43277
5758,61730425313,1789006596835826,1789006596837607,74076,0,1,1,42650,42650,42650
5759,61730458621,1789006596869480,1789006596871637,74076,0,1,1,42709,42709,42709
5760,61730491930,1789006596902566,1789006596904071,74076,0,1,1,43374,43374,43374
5761,61730525238,1789006596935716,1789006596937574,74076,0,1,1,43398,43398,43398
5762,61730558547,1789006596969318,1789006596971754,74076,0,1,1,43249,43249,43249
5763,61730591856,1789006597002402,1789006597003812,74076,0,1,1,42634,42634,42634
5764,61730625164,1789006597035688,1789006597037559,74076,0,1,1,42596,42596,42596
5765,61730658473,1789006597069439,1789006597070844,74076,0,1,1,43366,43366,43366
5766,61730691781,1789006597102347,1789006597103826,74076,0,1,1,42621,42621,42621
5767,61730725090,1789006597135628,1789006597137208,74076,0,1,1,43464,43464,43464
5768,61730758399,1789006597169341,1789006597170895,74076,0,1,1,43455,43455,43455
5769,61730791707,1789006597202304,1789006597203652,74076,0,1,1,43461,43461,43461
5770,61730825016,1789006597235598,1789006597237126,74076,0,1,1,42620,42620,42620
5771,61730858324,1789006597268843,1789006597270392,74076,0,1,1,42545,42545,42545
5772,61730891633,1789006597302341,1789006597303725,74076,0,1,1,43192,43192,43192
5773,61730924942,1789006597335464,1789006597337067,74076,0,1,1,43546,43546,43546
5774,61730958250,1789006597369325,1789006597370734,74076,0,1,1,43586,43586,43586
5775,61730991559,1789006597402574,1789006597404666,74076,0,1,1,43376,43376,43376
5776,61731024867,1789006597435412,1789006597437025,74076,0,1,1,43319,43319,43319
5777,61731058176,1789006597468662,1789006597470254,74076,0,1,1,43255,43255,43255
5778,61731091485,1789006597502619,1789006597503953,74076,0,1,1,43413,43413,43413
5779,61731124793,1789006597535392,1789006597536861,74076,0,1,1,42635,42635,42635
5780,61731158102,1789006597568574,1789006597570064,74076,0,1,1,42723,42723,42723
5781,61731191410,1789006597602399,1789006597604120,74076,0,1,1,42714,42714,42714
5782,61731224719,1789006597635311,1789006597636807,74076,0,1,1,42631,42631,42631
5783,61731258028,1789006597668490,1789006597669878,74076,0,1,1,43451,43451,43451
5784,61731291336,1789006597702360,1789006597703996,74076,0,1,1,43292,43292,43292
5785,61731324645,1789006597735252,1789006597736620,74076,0,1,1,43019,43019,43019
5786,61731357953,1789006597768417,1789006597769794,74076,0,1,1,42648,42648,42648
5787,61731391262,1789006597802044,1789006597804252,74076,0,1,1,42603,42603,42603
5788,61731424571,1789006597835130,1789006597836481,74076,0,1,1,43441,43441,43441
5789,61731457879,1789006597868404,1789006597869758,74076,0,1,1,43407,43407,43407
5790,61731491188,1789006597901873,1789006597903162,74076,0,1,1,42669,42669,42669
5791,61731524496,1789006597935060,1789006597936572,74076,0,1,1,42570,42570,42570
5792,61731557805,1789006597968344,1789006597969914,74076,0,1,1,42606,42606,42606
5793,61731591114,1789006598001618,1789006598002991,74076,0,1,1,42717,42717,42717
5794,61731624422,1789006598034969,1789006598036469,74076,0,1,1,43388,43388,43388
5795,61731657731,1789006598068273,1789006598069640,74076,0,1,1,42648,42648,42648
5796,61731691039,1789006598102170,1789006598103748,74076,0,1,1,42835,42835,42835
5797,61731724348,1789006598135027,1789006598136512,74076,0,1,1,42536,42536,42536
5798,61731757657,1789006598168088,1789006598169794,74076,0,1,1,43493,43493,43493
5799,61731790965,1789006598201980,1789006598204014,74076,0,1,1,43351,43351,43351
5800,61731824274,1789006598234834,1789006598236322,74076,0,1,1,43257,43257,43257
5801,61731857582,1789006598268120,1789006598269617,74076,0,1,1,42615,42615,42615
5802,61731890891,1789006598301995,1789006598303400,74076,0,1,1,42686,42686,42686
5803,61731924200,1789006598334695,1789006598336322,74076,0,1,1,42588,42588,42588
5804,61731957508,1789006598368080,1789006598369543,74076,0,1,1,42637,42637,42637
5805,61731990817,1789006598401919,1789006598403255,74076,0,1,1,42715,42715,42715
5806,61732024125,1789006598435181,1789006598436298,74076,0,1,1,43406,43406,43406
5807,61732057434,1789006598467969,1789006598469445,74076,0,1,1,43454,43454,43454
5808,61732090743,1789006598501384,1789006598502688,74076,0,1,1,43259,43259,43259
5809,61732124051,1789006598535170,1789006598536804,74076,0,1,1,42576,42576,42576
5810,61732157360,1789006598568213,1789006598569710,74076,0,1,1,43386,43386,43386
5811,61732190668,1789006598601244,1789006598602669,74076,0,1,1,43385,43385,43385
5812,61732223977,1789006598635050,1789006598636608,74076,0,1,1,43471,43471,43471
5813,61732257286,1789006598667850,1789006598669400,74076,0,1,1,43432,43432,43432
5814,61732290594,1789006598701194,1789006598702590,74076,0,1,1,42652,42652,42652
5815,61732323903,1789006598735011,1789006598736762,74076,0,1,1,42544,42544,42544
5816,61732357211,1789006598767697,1789006598769159,74076,0,1,1,42613,42613,42613
5817,61732390520,1789006598801110,1789006598802521,74076,0,1,1,43332,43332,43332
5818,61732423829,1789006598834387,1789006598835830,74076,0,1,1,43277,43277,43277
5819,61732457137,1789006598867714,1789006598869051,74076,0,1,1,42428,42428,42428
5820,61732490446,1789006598901082,1789006598902488,74076,0,1,1,43591,43591,43591
5821,61732523754,1789006598934317,1789006598936204,74076,0,1,1,43490,43490,43490
5822,61732557063,1789006598967642,1789006598969126,74076,0,1,1,43291,43291,43291
5823,61732590372,1789006599000960,1789006599002336,74076,0,1,1,43469,43469,43469
5824,61732623680,1789006599034751,1789006599036478,74076,0,1,1,42635,42635,42635
5825,61732656989,1789006599067568,1789006599068993,74076,0,1,1,43383,43383,43383
5826,61732690297,1789006599100961,1789006599102255,74076,0,1,1,43431,43431,43431
5827,61732723606,1789006599134485,1789006599136390,74076,0,1,1,43293,43293,43293
5828,61732756915,1789006599167385,1789006599169131,74076,0,1,1,42605,42605,42605
5829,61732790223,1789006599200832,1789006599202088,74076,0,1,1,43466,43466,43466
5830,61732823532,1789006599234394,1789006599236478,74076,0,1,1,43447,43447,43447
5831,61732856840,1789006599267346,1789006599268953,74076,0,1,1,42624,42624,42624
5832,61732890149,1789006599300798,1789006599302034,74076,0,1,1,43670,43670,43670
5833,61732923458,1789006599334527,1789006599336314,74076,0,1,1,43381,43381,43381
5834,61732956766,1789006599367479,1789006599368900,74076,0,1,1,43380,43380,43380
5835,61732990075,1789006599400652,1789006599402041,74076,0,1,1,43418,43418,43418
5836,61733023383,1789006599434373,1789006599436573,74076,0,1,1,43279,43279,43279
5837,61733056692,1789006599467462,1789006599468902,74076,0,1,1,43415,43415,43415
5838,61733090001,1789006599500630,1789006599501994,74076,0,1,1,43399,43399,43399
5839,61733123309,1789006599533943,1789006599536039,74076,0,1,1,42653,42653,42653
5840,61733156618,1789006599567694,1789006599568891,74076,0,1,1,43500,43500,43500
5841,61733189926,1789006599600564,1789006599601951,74076,0,1,1,43333,43333,43333
5842,61733223235,1789006599633816,1789006599635394,74076,0,1,1,43330,43330,43330
5843,61733256544,1789006599667745,1789006599669349,74076,0,1,1,42815,42815,42815
5844,61733289852,1789006599700490,1789006599702091,74076,0,1,1,43280,43280,43280
5845,61733323161,1789006599733744,1789006599735220,74076,0,1,1,43379,43379,43379
5846,61733356469,1789006599767614,1789006599768885,74076,0,1,1,42699,42699,42699
5847,61733389778,1789006599800287,1789006599801780,74076,0,1,1,42376,42376,42376
5848,61733423087,1789006599833612,1789006599835019,74076,0,1,1,42687,42687,42687
5849,61733456395,1789006599867725,1789006599869077,74076,0,1,1,42818,42818,42818
5850,61733489704,1789006599900332,1789006599901674,74076,0,1,1,42823,42823,42823
5851,61733523012,1789006599933603,1789006599935006,74076,0,1,1,43448,43448,43448
5852,61733556321,1789006599967693,1789006599969200,74076,0,1,1,42448,42448,42448
5853,61733589630,1789006600000238,1789006600001585,74076,0,1,1,43401,43401,43401
5854,61733622938,1789006600033465,1789006600034778,74076,0,1,1,42731,42731,42731
5855,61733656247,1789006600067775,1789006600069240,74076,0,1,1,43227,43227,43227
5856,61733689555,1789006600100193,1789006600101575,74076,0,1,1,42734,42734,42734
5857,61733722864,1789006600133582,1789006600135005,74076,0,1,1,43439,43439,43439
5858,61733756173,1789006600167998,1789006600169640,74076,0,1,1,42882,42882,42882
5859,61733789481,1789006600200061,1789006600201527,74076,0,1,1,42775,42775,42775
5860,61733822790,1789006600233405,1789006600235008,74076,0,1,1,42920,42920,42920
5861,61733856098,1789006600266935,1789006600268174,74076,0,1,1,42645,42645,42645
5862,61733889407,1789006600300057,1789006600301438,74076,0,1,1,43378,43378,43378
5863,61733922716,1789006600333317,1789006600334633,74076,0,1,1,43576,43576,43576
5864,61733956024,1789006600366589,1789006600368236,74076,0,1,1,43638,43638,43638
5865,61733989333,1789006600399967,1789006600401371,74076,0,1,1,42817,42817,42817
5866,61734022641,1789006600433245,1789006600434514,74076,0,1,1,42690,42690,42690
5867,61734055950,1789006600466750,1789006600468468,74076,0,1,1,42664,42664,42664
5868,61734089259,1789006600499850,1789006600501287,74076,0,1,1,42866,42866,42866
5869,61734122567,1789006600533162,1789006600534562,74076,0,1,1,42877,42877,42877
5870,61734155876,1789006600567780,1789006600569376,74076,0,1,1,43537,43537,43537
5871,61734189184,1789006600599880,1789006600601246,74076,0,1,1,43490,43490,43490
5872,61734222493,1789006600633092,1789006600634498,74076,0,1,1,42685,42685,42685
5873,61734255802,1789006600666365,1789006600668395,74076,0,1,1,43639,43639,43639
5874,61734289110,1789006600700215,1789006600703151,74076,0,1,1,42517,42517,42517
5875,61734322419,1789006600733032,1789006600734322,74076,0,1,1,43336,43336,43336
5876,61734355727,1789006600766245,1789006600768166,74076,0,1,1,42710,42710,42710
5877,61734389036,1789006600799833,1789006600801894,74076,0,1,1,42965,42965,42965
5878,61734422345,1789006600832953,1789006600834456,74076,0,1,1,42621,42621,42621
5879,61734455653,1789006600866191,1789006600868423,74076,0,1,1,43703,43703,43703
5880,61734488962,1789006600899792,1789006600903579,74076,0,1,1,42548,42548,42548
5881,61734522270,1789006600932801,1789006600934337,74076,0,1,1,42820,42820,42820
5882,61734555579,1789006600966173,1789006600967882,74076,0,1,1,43315,43315,43315
5883,61734588888,1789006600999921,1789006601001844,74076,0,1,1,43517,43517,43517
5884,61734622196,1789006601032736,1789006601034230,74076,0,1,1,43338,43338,43338
5885,61734655505,1789006601066068,1789006601067821,74076,0,1,1,42597,42597,42597
5886,61734688813,1789006601099435,1789006601101519,74076,0,1,1,43517,43517,43517
5887,61734722122,1789006601132766,1789006601134089,74076,0,1,1,42721,42721,42721
5888,61734755431,1789006601165981,1789006601167706,74076,0,1,1,42573,42573,42573
5889,61734788739,1789006601199332,1789006601201276,74076,0,1,1,42608,42608,42608
5890,61734822048,1789006601232681,1789006601233999,74076,0,1,1,42758,42758,42758
5891,61734855356,1789006601265968,1789006601267860,74076,0,1,1,43266,43266,43266
5892,61734888665,1789006601299350,1789006601301390,74076,0,1,1,42677,42677,42677
5893,61734921974,1789006601332598,1789006601333879,74076,0,1,1,43354,43354,43354
5894,61734955282,1789006601365838,1789006601367682,74076,0,1,1,43326,43326,43326
5895,61734988591,1789006601399779,1789006601401326,74076,0,1,1,43251,43251,43251
5896,61735021899,1789006601432542,1789006601433782,74076,0,1,1,43409,43409,43409
5897,61735055208,1789006601465772,1789006601467825,74076,0,1,1,42710,42710,42710
5898,61735088517,1789006601499287,1789006601501209,74076,0,1,1,43406,43406,43406
5899,61735121825,1789006601532441,1789006601533799,74076,0,1,1,43160,43160,43160
5900,61735155134,1789006601565657,1789006601567741,74076,0,1,1,43506,43506,43506
5901,61735188442,1789006601599040,1789006601600696,74076,0,1,1,42712,42712,42712
5902,61735221751,1789006601632398,1789006601633698,74076,0,1,1,42867,42867,42867
5903,61735255060,1789006601665636,1789006601667068,74076,0,1,1,42836,42836,42836
5904,61735288368,1789006601699405,1789006601703304,74076,0,1,1,43457,43457,43457
5905,61735321677,1789006601732288,1789006601733788,74076,0,1,1,42635,42635,42635
5906,61735354985,1789006601765578,1789006601767051,74076,0,1,1,43566,43566,43566
5907,61735388294,1789006601798881,1789006601800496,74076,0,1,1,42725,42725,42725
5908,61735421603,1789006601832635,1789006601834054,74076,0,1,1,42706,42706,42706
5909,61735454911,1789006601865400,1789006601867011,74076,0,1,1,43426,43426,43426
5910,61735488220,1789006601899000,1789006601901172,74076,0,1,1,42818,42818,42818
5911,61735521528,1789006601932533,1789006601934191,74076,0,1,1,43398,43398,43398
5912,61735554837,1789006601965382,1789006601967038,74076,0,1,1,42796,42796,42796
5913,61735588146,1789006601998754,1789006602000101,74076,0,1,1,43264,43264,43264
5914,61735621454,1789006602032060,1789006602033432,74076,0,1,1,43417,43417,43417
5915,61735654763,1789006602065272,1789006602066640,74076,0,1,1,43111,43111,43111
5916,61735688071,1789006602098757,1789006602100572,74076,0,1,1,43478,43478,43478
5917,61735721380,1789006602132380,1789006602134019,74076,0,1,1,43437,43437,43437
5918,61735754689,1789006602165311,1789006602166646,74076,0,1,1,43427,43427,43427
5919,61735787997,1789006602198613,1789006602200121,74076,0,1,1,43502,43502,43502
5920,61735821306,1789006602232303,1789006602234101,74076,0,1,1,42767,42767,42767
5921,61735854614,1789006602265216,1789006602266680,74076,0,1,1,42631,42631,42631
5922,61735887923,1789006602298598,1789006602302000,74076,0,1,1,43600,43600,43600
5923,61735921232,1789006602331901,1789006602333875,74076,0,1,1,42799,42799,42799
5924,61735954540,1789006602365128,1789006602366583,74076,0,1,1,43456,43456,43456
5925,61735987849,1789006602398466,1789006602399924,74076,0,1,1,42561,42561,42561
5926,61736021157,1789006602432001,1789006602433872,74076,0,1,1,43266,43266,43266
5927,61736054466,1789006602465051,1789006602466489,74076,0,1,1,42803,42803,42803
5928,61736087775,1789006602498421,1789006602501186,74076,0,1,1,42524,42524,42524
5929,61736121083,1789006602532103,1789006602533830,74076,0,1,1,42777,42777,42777
5930,61736154392,1789006602564992,1789006602566365,74076,0,1,1,42719,42719,42719
5931,61736187700,1789006602598275,1789006602599836,74076,0,1,1,43411,43411,43411
5932,61736221009,1789006602631900,1789006602634121,74076,0,1,1,43334,43334,43334
5933,61736254318,1789006602664887,1789006602666505,74076,0,1,1,42647,42647,42647
5934,61736287626,1789006602698246,1789006602701042,74076,0,1,1,42651,42651,42651
5935,61736320935,1789006602732008,1789006602733559,74076,0,1,1,42855,42855,42855
5936,61736354243,1789006602764844,1789006602766373,74076,0,1,1,43364,43364,43364
5937,61736387552,1789006602798167,1789006602799459,74076,0,1,1,42363,42363,42363
5938,61736420861,1789006602831479,1789006602832974,74076,0,1,1,43376,43376,43376
5939,61736454169,1789006602864868,1789006602866236,74076,0,1,1,42627,42627,42627
5940,61736487478,1789006602897940,1789006602900865,74076,0,1,1,43432,43432,43432
5941,61736520786,1789006602931863,1789006602933905,74076,0,1,1,42680,42680,42680
5942,61736554095,1789006602965282,1789006602966534,74076,0,1,1,43453,43453,43453
5943,61736587404,1789006602998019,1789006602999345,74076,0,1,1,42839,42839,42839
5944,61736620712,1789006603031327,1789006603032795,74076,0,1,1,43312,43312,43312
5945,61736654021,1789006603065018,1789006603067043,74076,0,1,1,42802,42802,42802
5946,61736687329,1789006603097866,1789006603100769,74076,0,1,1,43311,43311,43311
5947,61736720638,1789006603131269,1789006603132635,74076,0,1,1,43490,43490,43490
5948,61736753947,1789006603165016,1789006603166772,74076,0,1,1,43581,43581,43581
5949,61736787255,1789006603197871,1789006603199287,74076,0,1,1,42448,42448,42448
5950,61736820564,1789006603231114,1789006603232661,74076,0,1,1,43568,43568,43568
5951,61736853872,1789006603264989,1789006603266599,74076,0,1,1,42587,42587,42587
5952,61736887181,1789006603297832,1789006603300157,74076,0,1,1,43344,43344,43344
5953,61736920490,1789006603331134,1789006603332600,74076,0,1,1,42633,42633,42633
5954,61736953798,1789006603365119,1789006603366596,74076,0,1,1,43443,43443,43443
5955,61736987107,1789006603397742,1789006603399102,74076,0,1,1,42573,42573,42573
5956,61737020415,1789006603430956,1789006603432504,74076,0,1,1,42686,42686,42686
5957,61737053724,1789006603464982,1789006603466328,74076,0,1,1,43384,43384,43384
5958,61737087033,1789006603497582,1789006603499011,74076,0,1,1,43462,43462,43462
5959,61737120341,1789006603530875,1789006603532483,74076,0,1,1,42761,42761,42761
5960,61737153650,1789006603564279,1789006603566480,74076,0,1,1,43364,43364,43364
5961,61737186958,1789006603597496,1789006603598960,74076,0,1,1,43219,43219,43219
5962,61737220267,1789006603630919,1789006603632450,74076,0,1,1,43484,43484,43484
5963,61737253576,1789006603664183,1789006603666447,74076,0,1,1,42750,42750,42750
5964,61737286884,1789006603697491,1789006603698840,74076,0,1,1,42705,42705,42705
5965,61737320193,1789006603730723,1789006603732346,74076,0,1,1,43302,43302,43302
5966,61737353501,1789006603764109,1789006603765771,74076,0,1,1,43320,43320,43320
5967,61737386810,1789006603797444,1789006603798703,74076,0,1,1,42761,42761,42761
5968,61737420119,1789006603830714,1789006603832184,74076,0,1,1,42668,42668,42668
5969,61737453427,1789006603864066,1789006603865582,74076,0,1,1,42645,42645,42645
5970,61737486736,1789006603897431,1789006603898638,74076,0,1,1,42777,42777,42777
5971,61737520044,1789006603930637,1789006603932408,74076,0,1,1,43339,43339,43339
5972,61737553353,1789006603963952,1789006603965517,74076,0,1,1,42775,42775,42775
5973,61737586662,1789006603997366,1789006603998620,74076,0,1,1,43300,43300,43300
5974,61737619970,1789006604030558,1789006604031957,74076,0,1,1,43533,43533,43533
5975,61737653279,1789006604063835,1789006604065391,74076,0,1,1,42636,42636,42636
5976,61737686587,1789006604097970,1789006604099450,74076,0,1,1,43166,43166,43166
5977,61737719896,1789006604130453,1789006604131861,74076,0,1,1,43267,43267,43267
5978,61737753205,1789006604163785,1789006604165354,74076,0,1,1,43400,43400,43400
5979,61737786513,1789006604197684,1789006604199099,74076,0,1,1,43210,43210,43210
5980,61737819822,1789006604230476,1789006604231891,74076,0,1,1,42760,42760,42760
5981,61737853130,1789006604263771,1789006604265216,74076,0,1,1,42831,42831,42831
5982,61737886439,1789006604297975,1789006604299479,74076,0,1,1,43436,43436,43436
5983,61737919748,1789006604330329,1789006604331737,74076,0,1,1,42694,42694,42694
5984,61737953056,1789006604363677,1789006604365307,74076,0,1,1,42496,42496,42496
5985,61737986365,1789006604397016,1789006604398525,74076,0,1,1,42652,42652,42652
5986,61738019673,1789006604430301,1789006604431906,74076,0,1,1,43399,43399,43399
5987,61738052982,1789006604463552,1789006604465113,74076,0,1,1,43256,43256,43256
5988,61738086291,1789006604498084,1789006604499528,74076,0,1,1,43543,43543,43543
5989,61738119599,1789006604530138,1789006604531624,74076,0,1,1,43306,43306,43306
5990,61738152908,1789006604563470,1789006604565087,74076,0,1,1,43345,43345,43345
5991,61738186216,1789006604596984,1789006604599005,74076,0,1,1,42668,42668,42668
5992,61738219525,1789006604630134,1789006604631416,74076,0,1,1,43165,43165,43165
5993,61738252834,1789006604663524,1789006604664949,74076,0,1,1,43370,43370,43370
5994,61738286142,1789006604697637,1789006604699227,74076,0,1,1,42592,42592,42592
5995,61738319451,1789006604730108,1789006604731428,74076,0,1,1,43450,43450,43450
5996,61738352759,1789006604763270,1789006604764939,74076,0,1,1,42712,42712,42712
5997,61738386068,1789006604797637,1789006604799199,74076,0,1,1,43275,43275,43275
5998,61738419377,1789006604830004,1789006604831393,74076,0,1,1,43376,43376,43376
5999,61738452685,1789006604863322,1789006604864839,74076,0,1,1,43350,43350,43350
6000,61738485994,1789006604896563,1789006604898226,74076,0,1,1,42606,42606,42606
6001,61738519302,1789006604929964,1789006604931357,74076,0,1,1,43375,43375,43375
6002,61738552611,1789006604963181,1789006604964779,74076,0,1,1,43432,43432,43432
6003,61738585920,1789006604996520,1789006604998150,74076,0,1,1,43180,43180,43180
6004,61738619228,1789006605030420,1789006605031830,74076,0,1,1,43094,43094,43094
6005,61738652537,1789006605063186,1789006605064541,74076,0,1,1,43214,43214,43214
6006,61738685845,1789006605097666,1789006605099240,74076,0,1,1,43258,43258,43258
6007,61738719154,1789006605130200,1789006605131774,74076,0,1,1,42688,42688,42688
6008,61738752463,1789006605163075,1789006605164449,74076,0,1,1,42723,42723,42723
6009,61738785771,1789006605196362,1789006605198090,74076,0,1,1,43433,43433,43433
6010,61738819080,1789006605230122,1789006605231726,74076,0,1,1,43395,43395,43395
6011,61738852388,1789006605263142,1789006605264514,74076,0,1,1,43577,43577,43577
6012,61738885697,1789006605296330,1789006605297796,74076,0,1,1,42740,42740,42740
6013,61738919006,1789006605330070,1789006605331649,74076,0,1,1,42709,42709,42709
6014,61738952314,1789006605363013,1789006605364376,74076,0,1,1,43432,43432,43432
6015,61738985623,1789006605396128,1789006605397815,74076,0,1,1,43396,43396,43396
6016,61739018931,1789006605429958,1789006605431773,74076,0,1,1,42614,42614,42614
6017,61739052240,1789006605462971,1789006605464437,74076,0,1,1,42634,42634,42634
6018,61739085549,1789006605496141,1789006605497927,74076,0,1,1,43332,43332,43332
6019,61739118857,1789006605529882,1789006605531654,74076,0,1,1,42525,42525,42525
6020,61739152166,1789006605562783,1789006605564329,74076,0,1,1,42662,42662,42662
6021,61739185474,1789006605596031,1789006605597780,74076,0,1,1,43241,43241,43241
6022,61739218783,1789006605629478,1789006605631037,74076,0,1,1,43189,43189,43189
6023,61739252092,1789006605662769,1789006605664323,74076,0,1,1,43293,43293,43293
6024,61739285400,1789006605696031,1789006605698014,74076,0,1,1,42641,42641,42641
6025,61739318709,1789006605729746,1789006605731471,74076,0,1,1,42486,42486,42486
6026,61739352017,1789006605762627,1789006605764084,74076,0,1,1,42546,42546,42546
6027,61739385326,1789006605795909,1789006605797815,74076,0,1,1,43622,43622,43622
6028,61739418635,1789006605829668,1789006605831224,74076,0,1,1,42697,42697,42697
6029,61739451943,1789006605862637,1789006605864025,74076,0,1,1,42753,42753,42753
6030,61739485252,1789006605895864,1789006605897629,74076,0,1,1,42671,42671,42671
6031,61739518560,1789006605929187,1789006605930699,74076,0,1,1,42644,42644,42644
6032,61739551869,1789006605962526,1789006605963972,74076,0,1,1,43315,43315,43315
6033,61739585178,1789006605995869,1789006605997269,74076,0,1,1,42649,42649,42649
6034,61739618486,1789006606029114,1789006606030502,74076,0,1,1,43225,43225,43225
6035,61739651795,1789006606062521,1789006606063923,74076,0,1,1,42691,42691,42691
6036,61739685103,1789006606095740,1789006606097117,74076,0,1,1,42685,42685,42685
6037,61739718412,1789006606129033,1789006606130417,74076,0,1,1,42633,42633,42633
6038,61739751721,1789006606162832,1789006606164665,74076,0,1,1,43322,43322,43322
6039,61739785029,1789006606195683,1789006606197219,74076,0,1,1,42614,42614,42614
6040,61739818338,1789006606228962,1789006606230435,74076,0,1,1,43217,43217,43217
6041,61739851646,1789006606262738,1789006606264440,74076,0,1,1,43257,43257,43257
6042,61739884955,1789006606295514,1789006606297172,74076,0,1,1,43343,43343,43343
6043,61739918264,1789006606328918,1789006606330401,74076,0,1,1,42556,42556,42556
6044,61739951572,1789006606362582,1789006606364459,74076,0,1,1,43256,43256,43256
6045,61739984881,1789006606395521,1789006606397163,74076,0,1,1,43395,43395,43395
6046,61740018189,1789006606428811,1789006606430349,74076,0,1,1,42665,42665,42665
6047,61740051498,1789006606462439,1789006606464226,74076,0,1,1,42716,42716,42716
6048,61740084807,1789006606495462,1789006606496780,74076,0,1,1,43411,43411,43411
6049,61740118115,1789006606528808,1789006606530332,74076,0,1,1,43492,43492,43492
6050,61740151424,1789006606562568,1789006606564182,74076,0,1,1,42641,42641,42641
6051,61740184732,1789006606595409,1789006606596849,74076,0,1,1,42662,42662,42662
6052,61740218041,1789006606628760,1789006606632554,74076,0,1,1,42730,42730,42730
6053,61740251350,1789006606662304,1789006606663882,74076,0,1,1,43209,43209,43209
6054,61740284658,1789006606695330,1789006606696719,74076,0,1,1,43158,43158,43158
6055,61740317967,1789006606728590,1789006606730032,74076,0,1,1,42620,42620,42620
6056,61740351275,1789006606761904,1789006606763247,74076,0,1,1,43236,43236,43236
6057,61740384584,1789006606795272,1789006606796586,74076,0,1,1,42626,42626,42626
6058,61740417893,1789006606828512,1789006606829977,74076,0,1,1,42618,42618,42618
6059,61740451201,1789006606862390,1789006606863672,74076,0,1,1,42748,42748,42748
6060,61740484510,1789006606895166,1789006606896528,74076,0,1,1,43304,43304,43304
6061,61740517818,1789006606928434,1789006606929903,74076,0,1,1,42690,42690,42690
6062,61740551127,1789006606962049,1789006606963956,74076,0,1,1,42611,42611,42611
6063,61740584436,1789006606995172,1789006606996439,74076,0,1,1,43528,43528,43528
6064,61740617744,1789006607028400,1789006607029829,74076,0,1,1,42469,42469,42469
6065,61740651053,1789006607061741,1789006607063154,74076,0,1,1,43305,43305,43305
6066,61740684361,1789006607095151,1789006607096609,74076,0,1,1,42707,42707,42707
6067,61740717670,1789006607128289,1789006607129707,74076,0,1,1,42411,42411,42411
6068,61740750979,1789006607161565,1789006607163106,74076,0,1,1,42645,42645,42645
6069,61740784287,1789006607195418,1789006607197780,74076,0,1,1,42298,42298,42298
6070,61740817596,1789006607228202,1789006607229612,74076,0,1,1,42635,42635,42635
6071,61740850904,1789006607261615,1789006607263019,74076,0,1,1,42706,42706,42706
6072,61740884213,1789006607295277,1789006607297105,74076,0,1,1,43647,43647,43647
6073,61740917522,1789006607328120,1789006607329612,74076,0,1,1,42504,42504,42504
6074,61740950830,1789006607361446,1789006607362853,74076,0,1,1,42639,42639,42639
6075,61740984139,1789006607394736,1789006607396224,74076,0,1,1,42669,42669,42669
6076,61741017447,1789006607428025,1789006607429484,74076,0,1,1,43375,43375,43375
6077,61741050756,1789006607461471,1789006607462736,74076,0,1,1,42443,42443,42443
6078,61741084065,1789006607495457,1789006607497017,74076,0,1,1,42657,42657,42657
6079,61741117373,1789006607528100,1789006607529860,74076,0,1,1,43365,43365,43365
6080,61741150682,1789006607561319,1789006607563015,74076,0,1,1,42636,42636,42636
6081,61741183990,1789006607594957,1789006607597100,74076,0,1,1,43377,43377,43377
6082,61741217299,1789006607627854,1789006607629451,74076,0,1,1,42694,42694,42694
6083,61741250608,1789006607661343,1789006607662676,74076,0,1,1,42693,42693,42693
6084,61741283916,1789006607694556,1789006607696136,74076,0,1,1,43412,43412,43412
6085,61741317225,1789006607727926,1789006607729260,74076,0,1,1,42716,42716,42716
6086,61741350533,1789006607761209,1789006607762823,74076,0,1,1,43228,43228,43228
6087,61741383842,1789006607794499,1789006607796036,74076,0,1,1,42772,42772,42772
6088,61741417151,1789006607827690,1789006607829141,74076,0,1,1,42845,42845,42845
6089,61741450459,1789006607861171,1789006607862580,74076,0,1,1,42477,42477,42477
6090,61741483768,1789006607894733,1789006607896838,74076,0,1,1,43394,43394,43394
6091,61741517076,1789006607927699,1789006607929047,74076,0,1,1,43234,43234,43234
6092,61741550385,1789006607961175,1789006607962601,74076,0,1,1,43294,43294,43294
6093,61741583694,1789006607994378,1789006607995819,74076,0,1,1,43347,43347,43347
6094,61741617002,1789006608027707,1789006608028988,74076,0,1,1,42702,42702,42702
6095,61741650311,1789006608061027,1789006608062539,74076,0,1,1,42647,42647,42647
6096,61741683619,1789006608094246,1789006608095897,74076,0,1,1,43416,43416,43416
6097,61741716928,1789006608129992,1789006608130229,74076,0,1,1,42665,42665,42665
6098,61741750237,1789006608160769,1789006608162300,74076,0,1,1,43360,43360,43360
6099,61741783545,1789006608194268,1789006608195702,74076,0,1,1,42487,42487,42487
6100,61741816854,1789006608228405,1789006608229755,74076,0,1,1,42744,42744,42744
6101,61741850162,1789006608260887,1789006608262317,74076,0,1,1,42613,42613,42613
6102,61741883471,1789006608294162,1789006608295616,74076,0,1,1,43502,43502,43502
6103,61741916780,1789006608328072,1789006608329497,74076,0,1,1,42614,42614,42614
6104,61741950088,1789006608360765,1789006608362218,74076,0,1,1,43287,43287,43287
6105,61741983397,1789006608394100,1789006608395530,74076,0,1,1,42457,42457,42457
6106,61742016705,1789006608428248,1789006608430389,74076,0,1,1,42670,42670,42670
6107,61742050014,1789006608462300,1789006608462493,74076,0,1,1,42551,42551,42551
6108,61742083323,1789006608494022,1789006608495558,74076,0,1,1,42517,42517,42517
6109,61742116631,1789006608528146,1789006608529432,74076,0,1,1,43336,43336,43336
6110,61742149940,1789006608560603,1789006608562220,74076,0,1,1,43270,43270,43270
6111,61742183248,1789006608593841,1789006608595408,74076,0,1,1,42613,42613,42613
6112,61742216557,1789006608628458,1789006608629883,74076,0,1,1,43287,43287,43287
6113,61742249866,1789006608660597,1789006608662015,74076,0,1,1,43191,43191,43191
6114,61742283174,1789006608695879,1789006608696234,74076,0,1,1,43219,43219,43219
6115,61742316483,1789006608727359,1789006608729297,74076,0,1,1,43234,43234,43234
6116,61742349791,1789006608760476,1789006608762086,74076,0,1,1,43382,43382,43382
6117,61742383100,1789006608793741,1789006608795065,74076,0,1,1,42602,42602,42602
6118,61742416409,1789006608827872,1789006608829202,74076,0,1,1,43433,43433,43433
6119,61742449717,1789006608860381,1789006608861968,74076,0,1,1,43279,43279,43279
6120,61742483026,1789006608893685,1789006608895022,74076,0,1,1,43153,43153,43153
6121,61742516334,1789006608928064,1789006608929835,74076,0,1,1,43376,43376,43376
6122,61742549643,1789006608960328,1789006608961960,74076,0,1,1,43392,43392,43392
6123,61742582952,1789006608993634,1789006608995018,74076,0,1,1,43250,43250,43250
6124,61742616260,1789006609027110,1789006609029040,74076,0,1,1,42458,42458,42458
6125,61742649569,1789006609060209,1789006609061761,74076,0,1,1,43427,43427,43427
6126,61742682877,1789006609093587,1789006609095028,74076,0,1,1,43198,43198,43198
6127,61742716186,1789006609128254,1789006609129935,74076,0,1,1,42662,42662,42662
6128,61742749495,1789006609160166,1789006609161801,74076,0,1,1,42687,42687,42687
6129,61742782803,1789006609193450,1789006609195104,74076,0,1,1,43109,43109,43109
6130,61742816112,1789006609227723,1789006609229344,74076,0,1,1,42423,42423,42423
6131,61742849420,1789006609260454,1789006609262708,74076,0,1,1,43266,43266,43266
6132,61742882729,1789006609293440,1789006609294848,74076,0,1,1,42683,42683,42683
6133,61742916038,1789006609326667,1789006609328887,74076,0,1,1,43332,43332,43332
6134,61742949346,1789006609360215,1789006609362339,74076,0,1,1,42764,42764,42764
6135,61742982655,1789006609393362,1789006609394732,74076,0,1,1,42606,42606,42606
6136,61743015963,1789006609426585,1789006609428343,74076,0,1,1,43322,43322,43322
6137,61743049272,1789006609459918,1789006609461444,74076,0,1,1,43413,43413,43413
6138,61743082581,1789006609493236,1789006609494666,74076,0,1,1,42602,42602,42602
6139,61743115889,1789006609526650,1789006609528134,74076,0,1,1,43371,43371,43371
6140,61743149198,1789006609560251,1789006609562321,74076,0,1,1,43320,43320,43320
6141,61743182506,1789006609593130,1789006609594652,74076,0,1,1,43164,43164,43164
6142,61743215815,1789006609626753,1789006609628236,74076,0,1,1,42568,42568,42568
6143,61743249124,1789006609660278,1789006609661974,74076,0,1,1,43245,43245,43245
6144,61743282432,1789006609693048,1789006609694515,74076,0,1,1,43294,43294,43294
6145,61743315741,1789006609726374,1789006609728095,74076,0,1,1,42741,42741,42741
6146,61743349049,1789006609760105,1789006609762116,74076,0,1,1,42606,42606,42606
6147,61743382358,1789006609793004,1789006609794495,74076,0,1,1,42638,42638,42638
6148,61743415667,1789006609826336,1789006609827765,74076,0,1,1,43309,43309,43309
6149,61743448975,1789006609859727,1789006609861674,74076,0,1,1,43355,43355,43355
6150,61743482284,1789006609892979,1789006609894462,74076,0,1,1,43197,43197,43197
6151,61743515592,1789006609926177,1789006609927646,74076,0,1,1,43560,43560,43560
6152,61743548901,1789006609959543,1789006609961122,74076,0,1,1,43495,43495,43495
6153,61743582210,1789006609992843,1789006609994413,74076,0,1,1,43212,43212,43212
6154,61743615518,1789006610026055,1789006610027678,74076,0,1,1,42559,42559,42559
6155,61743648827,1789006610059582,1789006610061718,74076,0,1,1,42467,42467,42467
6156,61743682135,1789006610092825,1789006610094179,74076,0,1,1,42524,42524,42524
6157,61743715444,1789006610126045,1789006610127703,74076,0,1,1,42575,42575,42575
6158,61743748753,1789006610159508,1789006610161117,74076,0,1,1,42649,42649,42649
6159,61743782061,1789006610192825,1789006610194327,74076,0,1,1,42703,42703,42703
6160,61743815370,1789006610225920,1789006610227670,74076,0,1,1,42634,42634,42634
6161,61743848678,1789006610259400,1789006610261428,74076,0,1,1,43390,43390,43390
6162,61743881987,1789006610293054,1789006610295463,74076,0,1,1,43302,43302,43302
6163,61743915296,1789006610325857,1789006610327583,74076,0,1,1,43275,43275,43275
6164,61743948604,1789006610359181,1789006610360755,74076,0,1,1,43356,43356,43356
6165,61743981913,1789006610392837,1789006610395076,74076,0,1,1,42503,42503,42503
6166,61744015221,1789006610425759,1789006610427639,74076,0,1,1,43291,43291,43291
6167,61744048530,1789006610459125,1789006610460595,74076,0,1,1,43402,43402,43402
6168,61744081839,1789006610492773,1789006610494729,74076,0,1,1,42581,42581,42581
6169,61744115147,1789006610525816,1789006610527613,74076,0,1,1,43415,43415,43415
6170,61744148456,1789006610559103,1789006610560520,74076,0,1,1,43453,43453,43453
6171,61744181764,1789006610592677,1789006610594876,74076,0,1,1,43318,43318,43318
6172,61744215073,1789006610625790,1789006610627443,74076,0,1,1,42533,42533,42533
6173,61744248382,1789006610659134,1789006610660588,74076,0,1,1,43408,43408,43408
6174,61744281690,1789006610692718,1789006610694386,74076,0,1,1,42457,42457,42457
6175,61744314999,1789006610725637,1789006610727327,74076,0,1,1,42456,42456,42456
6176,61744348307,1789006610758947,1789006610760574,74076,0,1,1,42598,42598,42598
6177,61744381616,1789006610792204,1789006610794357,74076,0,1,1,42544,42544,42544
6178,61744414925,1789006610825603,1789006610827326,74076,0,1,1,43098,43098,43098
6179,61744448233,1789006610859239,1789006610860567,74076,0,1,1,42707,42707,42707
6180,61744481542,1789006610892464,1789006610894599,74076,0,1,1,42426,42426,42426
6181,61744514850,1789006610925518,1789006610927129,74076,0,1,1,42613,42613,42613
6182,61744548159,1789006610958888,1789006610960290,74076,0,1,1,43271,43271,43271
6183,61744581468,1789006610992075,1789006610993570,74076,0,1,1,43269,43269,43269
6184,61744614776,1789006611025407,1789006611027025,74076,0,1,1,43150,43150,43150
6185,61744648085,1789006611059214,1789006611060131,74076,0,1,1,42570,42570,42570
6186,61744681393,1789006611092422,1789006611094375,74076,0,1,1,42633,42633,42633
6187,61744714702,1789006611125349,1789006611126667,74076,0,1,1,42648,42648,42648
6188,61744748011,1789006611158703,1789006611160162,74076,0,1,1,42587,42587,42587
6189,61744781319,1789006611191989,1789006611196438,74076,0,1,1,43271,43271,43271
6190,61744814628,1789006611225273,1789006611226915,74076,0,1,1,42553,42553,42553
6191,61744847936,1789006611259134,1789006611260208,74076,0,1,1,42600,42600,42600
6192,61744881245,1789006611292246,1789006611294500,74076,0,1,1,42564,42564,42564
6193,61744914554,1789006611325246,1789006611326637,74076,0,1,1,43238,43238,43238
6194,61744947862,1789006611358525,1789006611359994,74076,0,1,1,42491,42491,42491
6195,61744981171,1789006611391911,1789006611393397,74076,0,1,1,42549,42549,42549
6196,61745014479,1789006611425593,1789006611427191,74076,0,1,1,42373,42373,42373
6197,61745047788,1789006611458440,1789006611459868,74076,0,1,1,43155,43155,43155
6198,61745081097,1789006611491780,1789006611493285,74076,0,1,1,42518,42518,42518
6199,61745114405,1789006611525469,1789006611527237,74076,0,1,1,43244,43244,43244
6200,61745147714,1789006611558336,1789006611559885,74076,0,1,1,43350,43350,43350
6201,61745181022,1789006611591735,1789006611593245,74076,0,1,1,42641,42641,42641
6202,61745214331,1789006611625478,1789006611627541,74076,0,1,1,42553,42553,42553
6203,61745247640,1789006611658295,1789006611659686,74076,0,1,1,42588,42588,42588
6204,61745280948,1789006611691636,1789006611693185,74076,0,1,1,42640,42640,42640
6205,61745314257,1789006611725764,1789006611727372,74076,0,1,1,43265,43265,43265
6206,61745347565,1789006611758212,1789006611759687,74076,0,1,1,42676,42676,42676
6207,61745380874,1789006611791464,1789006611793071,74076,0,1,1,43453,43453,43453
6208,61745414183,1789006611825433,1789006611827730,74076,0,1,1,42645,42645,42645
6209,61745447491,1789006611858113,1789006611859596,74076,0,1,1,43453,43453,43453
6210,61745480800,1789006611891459,1789006611892907,74076,0,1,1,43278,43278,43278
6211,61745514108,1789006611925300,1789006611927073,74076,0,1,1,43620,43620,43620
6212,61745547417,1789006611958057,1789006611959518,74076,0,1,1,43176,43176,43176
6213,61745580726,1789006611991431,1789006611992869,74076,0,1,1,43371,43371,43371
6214,61745614034,1789006612024658,1789006612026215,74076,0,1,1,43327,43327,43327
6215,61745647343,1789006612057995,1789006612059534,74076,0,1,1,43224,43224,43224
6216,61745680651,1789006612091345,1789006612092759,74076,0,1,1,43350,43350,43350
6217,61745713960,1789006612124978,1789006612127149,74076,0,1,1,43412,43412,43412
6218,61745747269,1789006612158078,1789006612159544,74076,0,1,1,43341,43341,43341
6219,61745780577,1789006612191288,1789006612192898,74076,0,1,1,42670,42670,42670
6220,61745813886,1789006612224464,1789006612226055,74076,0,1,1,42641,42641,42641
6221,61745847194,1789006612258408,1789006612259735,74076,0,1,1,43260,43260,43260
6222,61745880503,1789006612291208,1789006612292734,74076,0,1,1,43458,43458,43458
6223,61745913812,1789006612324435,1789006612325866,74076,0,1,1,42618,42618,42618
6224,61745947120,1789006612357724,1789006612359239,74076,0,1,1,42571,42571,42571
6225,61745980429,1789006612391184,1789006612392536,74076,0,1,1,42506,42506,42506
6226,61746013737,1789006612424327,1789006612426892,74076,0,1,1,43098,43098,43098
6227,61746047046,1789006612457804,1789006612459538,74076,0,1,1,42508,42508,42508
6228,61746080355,1789006612491075,1789006612492451,74076,0,1,1,42592,42592,42592
6229,61746113663,1789006612524308,1789006612525771,74076,0,1,1,42650,42650,42650
6230,61746146972,1789006612558103,1789006612559832,74076,0,1,1,43229,43229,43229
6231,61746180280,1789006612591049,1789006612592408,74076,0,1,1,42597,42597,42597
6232,61746213589,1789006612624273,1789006612626945,74076,0,1,1,42366,42366,42366
6233,61746246898,1789006612658228,1789006612660426,74076,0,1,1,43182,43182,43182
6234,61746280206,1789006612690988,1789006612692283,74076,0,1,1,43334,43334,43334
6235,61746313515,1789006612724209,1789006612725739,74076,0,1,1,43141,43141,43141
6236,61746346823,1789006612758134,1789006612760220,74076,0,1,1,42596,42596,42596
6237,61746380132,1789006612790854,1789006612792180,74076,0,1,1,42609,42609,42609
6238,61746413441,1789006612824162,1789006612825551,74076,0,1,1,42594,42594,42594
6239,61746446749,1789006612858202,1789006612860231,74076,0,1,1,43193,43193,43193
6240,61746480058,1789006612890734,1789006612892180,74076,0,1,1,43476,43476,43476
6241,61746513366,1789006612923980,1789006612925494,74076,0,1,1,42633,42633,42633
6242,61746546675,1789006612957501,1789006612958886,74076,0,1,1,42754,42754,42754
6243,61746579984,1789006612990557,1789006612992186,74076,0,1,1,43487,43487,43487
6244,61746613292,1789006613023915,1789006613025552,74076,0,1,1,43273,43273,43273
6245,61746646601,1789006613058041,1789006613060005,74076,0,1,1,42555,42555,42555
6246,61746679909,1789006613090595,1789006613092026,74076,0,1,1,42668,42668,42668
6247,61746713218,1789006613123780,1789006613125396,74076,0,1,1,43348,43348,43348
6248,61746746527,1789006613157959,1789006613159629,74076,0,1,1,42631,42631,42631
6249,61746779835,1789006613190525,1789006613191940,74076,0,1,1,43354,43354,43354
6250,61746813144,1789006613223763,1789006613225295,74076,0,1,1,42994,42994,42994
6251,61746846452,1789006613257239,1789006613258625,74076,0,1,1,43299,43299,43299
6252,61746879761,1789006613290491,1789006613291882,74076,0,1,1,43305,43305,43305
6253,61746913070,1789006613323710,1789006613325226,74076,0,1,1,43203,43203,43203
6254,61746946378,1789006613357256,1789006613358674,74076,0,1,1,43114,43114,43114
6255,61746979687,1789006613390433,1789006613391847,74076,0,1,1,43458,43458,43458
6256,61747012995,1789006613423648,1789006613425120,74076,0,1,1,42624,42624,42624
6257,61747046304,1789006613457255,1789006613458600,74076,0,1,1,42777,42777,42777
6258,61747079613,1789006613490302,1789006613491863,74076,0,1,1,42607,42607,42607
6259,61747112921,1789006613523564,1789006613525033,74076,0,1,1,42474,42474,42474
6260,61747146230,1789006613557000,1789006613559014,74076,0,1,1,42600,42600,42600
6261,61747179538,1789006613590266,1789006613591825,74076,0,1,1,42526,42526,42526
6262,61747212847,1789006613623539,1789006613625091,74076,0,1,1,42550,42550,42550
6263,61747246156,1789006613656869,1789006613658293,74076,0,1,1,43189,43189,43189
6264,61747279464,1789006613690454,1789006613692607,74076,0,1,1,43258,43258,43258
6265,61747312773,1789006613723491,1789006613724994,74076,0,1,1,42496,42496,42496
6266,61747346081,1789006613756859,1789006613758294,74076,0,1,1,42493,42493,42493
6267,61747379390,1789006613790392,1789006613792261,74076,0,1,1,42366,42366,42366
6268,61747412699,1789006613823451,1789006613824813,74076,0,1,1,43324,43324,43324
6269,61747446007,1789006613856665,1789006613858222,74076,0,1,1,42344,42344,42344
6270,61747479316,1789006613890449,1789006613892480,74076,0,1,1,42580,42580,42580
6271,61747512624,1789006613923263,1789006613924845,74076,0,1,1,42558,42558,42558
6272,61747545933,1789006613956588,1789006613958298,74076,0,1,1,43220,43220,43220
6273,61747579242,1789006613990903,1789006613991605,74076,0,1,1,43364,43364,43364
6274,61747612550,1789006614023212,1789006614024689,74076,0,1,1,42612,42612,42612
6275,61747645859,1789006614056584,1789006614058239,74076,0,1,1,43311,43311,43311
6276,61747679167,1789006614090313,1789006614092369,74076,0,1,1,43384,43384,43384
6277,61747712476,1789006614123130,1789006614124704,74076,0,1,1,43391,43391,43391
6278,61747745785,1789006614156439,1789006614158083,74076,0,1,1,42613,42613,42613
6279,61747779093,1789006614190234,1789006614191911,74076,0,1,1,43241,43241,43241
6280,61747812402,1789006614223194,1789006614224577,74076,0,1,1,42568,42568,42568
6281,61747845710,1789006614256415,1789006614257999,74076,0,1,1,43247,43247,43247
6282,61747879019,1789006614289757,1789006614291191,74076,0,1,1,43323,43323,43323
6283,61747912328,1789006614323030,1789006614324490,74076,0,1,1,42666,42666,42666
6284,61747945636,1789006614356291,1789006614357847,74076,0,1,1,43279,43279,43279
6285,61747978945,1789006614390094,1789006614391768,74076,0,1,1,43187,43187,43187
6286,61748012253,1789006614423080,1789006614424441,74076,0,1,1,42606,42606,42606
6287,61748045562,1789006614456142,1789006614457815,74076,0,1,1,42391,42391,42391
6288,61748078871,1789006614489809,1789006614492033,74076,0,1,1,42553,42553,42553
6289,61748112179,1789006614522882,1789006614524190,74076,0,1,1,42487,42487,42487
6290,61748145488,1789006614556113,1789006614557778,74076,0,1,1,43107,43107,43107
6291,61748178796,1789006614589846,1789006614591626,74076,0,1,1,43334,43334,43334
6292,61748212105,1789006614622864,1789006614624243,74076,0,1,1,42717,42717,42717
6293,61748245414,1789006614656000,1789006614657719,74076,0,1,1,42615,42615,42615
6294,61748278722,1789006614689385,1789006614691082,74076,0,1,1,43232,43232,43232
6295,61748312031,1789006614722937,1789006614724718,74076,0,1,1,42411,42411,42411
6296,61748345339,1789006614755982,1789006614757793,74076,0,1,1,43230,43230,43230
6297,61748378648,1789006614789677,1789006614791531,74076,0,1,1,42486,42486,42486
6298,61748411957,1789006614823140,1789006614824989,74076,0,1,1,42258,42258,42258
6299,61748445265,1789006614856391,1789006614858430,74076,0,1,1,42292,42292,42292
6300,61748478574,1789006614889231,1789006614890829,74076,0,1,1,43281,43281,43281
6301,61748511882,1789006614922582,1789006614924554,74076,0,1,1,43154,43154,43154
6302,61748545191,1789006614955967,1789006614957673,74076,0,1,1,43206,43206,43206
6303,61748578500,1789006614989128,1789006614990750,74076,0,1,1,43233,43233,43233
6304,61748611808,1789006615022891,1789006615024594,74076,0,1,1,42489,42489,42489
6305,61748645117,1789006615055791,1789006615057573,74076,0,1,1,42426,42426,42426
6306,61748678425,1789006615089117,1789006615090763,74076,0,1,1,42398,42398,42398
6307,61748711734,1789006615122871,1789006615124555,74076,0,1,1,43183,43183,43183
6308,61748745043,1789006615155705,1789006615157389,74076,0,1,1,43229,43229,43229
6309,61748778351,1789006615189054,1789006615190662,74076,0,1,1,43205,43205,43205
6310,61748811660,1789006615222889,1789006615224441,74076,0,1,1,43393,43393,43393
6311,61748844968,1789006615255585,1789006615257420,74076,0,1,1,42452,42452,42452
6312,61748878277,1789006615288955,1789006615290681,74076,0,1,1,42601,42601,42601
6313,61748911586,1789006615322635,1789006615324319,74076,0,1,1,43225,43225,43225
6314,61748944894,1789006615355525,1789006615357200,74076,0,1,1,42575,42575,42575
6315,61748978203,1789006615388844,1789006615390495,74076,0,1,1,43221,43221,43221
6316,61749011511,1789006615422565,1789006615424191,74076,0,1,1,43431,43431,43431
6317,61749044820,1789006615455533,1789006615456891,74076,0,1,1,43226,43226,43226
6318,61749078129,1789006615488858,1789006615490550,74076,0,1,1,43352,43352,43352
6319,61749111437,1789006615522538,1789006615524187,74076,0,1,1,43253,43253,43253
6320,61749144746,1789006615555458,1789006615556880,74076,0,1,1,43158,43158,43158
6321,61749178054,1789006615588772,1789006615590433,74076,0,1,1,43163,43163,43163
6322,61749211363,1789006615622460,1789006615624484,74076,0,1,1,43303,43303,43303
6323,61749244672,1789006615655430,1789006615657004,74076,0,1,1,42553,42553,42553
6324,61749277980,1789006615688620,1789006615690269,74076,0,1,1,42613,42613,42613
6325,61749311289,1789006615721938,1789006615724222,74076,0,1,1,43383,43383,43383
6326,61749344597,1789006615755600,1789006615757618,74076,0,1,1,42625,42625,42625
6327,61749377906,1789006615788590,1789006615790243,74076,0,1,1,42635,42635,42635
6328,61749411215,1789006615822001,1789006615823362,74076,0,1,1,43257,43257,43257
6329,61749444523,1789006615855776,1789006615857350,74076,0,1,1,43156,43156,43156
6330,61749477832,1789006615888480,1789006615890156,74076,0,1,1,43157,43157,43157
6331,61749511140,1789006615921823,1789006615923166,74076,0,1,1,43217,43217,43217
6332,61749544449,1789006615955766,1789006615957267,74076,0,1,1,43113,43113,43113
6333,61749577758,1789006615988395,1789006615989970,74076,0,1,1,43292,43292,43292
6334,61749611066,1789006616021838,1789006616023227,74076,0,1,1,43197,43197,43197
6335,61749644375,1789006616055047,1789006616056648,74076,0,1,1,42452,42452,42452
6336,61749677683,1789006616088318,1789006616089928,74076,0,1,1,43340,43340,43340
6337,61749710992,1789006616121701,1789006616123140,74076,0,1,1,43319,43319,43319
6338,61749744301,1789006616155543,1789006616157844,74076,0,1,1,42571,42571,42571
6339,61749777609,1789006616188255,1789006616189891,74076,0,1,1,42503,42503,42503
6340,61749810918,1789006616221723,1789006616223155,74076,0,1,1,43296,43296,43296
6341,61749844226,1789006616255497,1789006616256987,74076,0,1,1,43221,43221,43221
6342,61749877535,1789006616288169,1789006616289812,74076,0,1,1,42482,42482,42482
6343,61749910844,1789006616321548,1789006616323120,74076,0,1,1,42545,42545,42545
6344,61749944152,1789006616355570,1789006616357200,74076,0,1,1,42565,42565,42565
6345,61749977461,1789006616388172,1789006616389649,74076,0,1,1,42494,42494,42494
6346,61750010769,1789006616421523,1789006616423393,74076,0,1,1,42587,42587,42587
6347,61750044078,1789006616454737,1789006616456148,74076,0,1,1,42464,42464,42464
6348,61750077387,1789006616488099,1789006616489679,74076,0,1,1,42601,42601,42601
6349,61750110695,1789006616521394,1789006616522881,74076,0,1,1,43236,43236,43236
6350,61750144004,1789006616555200,1789006616556660,74076,0,1,1,43317,43317,43317
6351,61750177312,1789006616588015,1789006616589633,74076,0,1,1,43311,43311,43311
6352,61750210621,1789006616621363,1789006616622619,74076,0,1,1,43131,43131,43131
6353,61750243930,1789006616655031,1789006616657178,74076,0,1,1,43225,43225,43225
6354,61750277238,1789006616688059,1789006616689497,74076,0,1,1,43118,43118,43118
6355,61750310547,1789006616721332,1789006616722679,74076,0,1,1,43357,43357,43357
6356,61750343855,1789006616755044,1789006616756644,74076,0,1,1,42487,42487,42487
6357,61750377164,1789006616787787,1789006616789402,74076,0,1,1,42710,42710,42710
6358,61750410473,1789006616821185,1789006616822594,74076,0,1,1,42564,42564,42564
6359,61750443781,1789006616854471,1789006616856176,74076,0,1,1,43328,43328,43328
6360,61750477090,1789006616887921,1789006616890743,74076,0,1,1,43252,43252,43252
6361,61750510398,1789006616921186,1789006616922653,74076,0,1,1,42569,42569,42569
6362,61750543707,1789006616954382,1789006616955796,74076,0,1,1,43382,43382,43382
6363,61750577016,1789006616987993,1789006616990324,74076,0,1,1,43209,43209,43209
6364,61750610324,1789006617021084,1789006617022670,74076,0,1,1,43491,43491,43491
6365,61750643633,1789006617054392,1789006617055851,74076,0,1,1,42625,42625,42625
6366,61750676941,1789006617088198,1789006617090239,74076,0,1,1,42280,42280,42280
6367,61750710250,1789006617120962,1789006617122506,74076,0,1,1,42685,42685,42685
6368,61750743559,1789006617154305,1789006617155958,74076,0,1,1,43428,43428,43428
6369,61750776867,1789006617187469,1789006617189662,74076,0,1,1,43404,43404,43404
6370,61750810176,1789006617220929,1789006617222382,74076,0,1,1,42524,42524,42524
6371,61750843484,1789006617254225,1789006617255679,74076,0,1,1,42566,42566,42566
6372,61750876793,1789006617288053,1789006617290219,74076,0,1,1,42566,42566,42566
6373,61750910102,1789006617320876,1789006617322237,74076,0,1,1,43402,43402,43402
6374,61750943410,1789006617354195,1789006617355641,74076,0,1,1,42426,42426,42426
6375,61750976719,1789006617388056,1789006617389772,74076,0,1,1,42557,42557,42557
6376,61751010027,1789006617420747,1789006617422120,74076,0,1,1,42438,42438,42438
6377,61751043336,1789006617454288,1789006617455744,74076,0,1,1,43293,43293,43293
6378,61751076645,1789006617487455,1789006617489494,74076,0,1,1,43168,43168,43168
6379,61751109953,1789006617520742,1789006617522129,74076,0,1,1,43056,43056,43056
6380,61751143262,1789006617554034,1789006617555533,74076,0,1,1,43017,43017,43017
6381,61751176570,1789006617587838,1789006617589416,74076,0,1,1,43239,43239,43239
6382,61751209879,1789006617620622,1789006617621979,74076,0,1,1,43310,43310,43310
6383,61751243188,1789006617653851,1789006617655379,74076,0,1,1,42591,42591,42591
6384,61751276496,1789006617688150,1789006617690214,74076,0,1,1,43117,43117,43117
6385,61751309805,1789006617720582,1789006617722055,74076,0,1,1,42633,42633,42633
6386,61751343113,1789006617753794,1789006617755302,74076,0,1,1,42561,42561,42561
6387,61751376422,1789006617787651,1789006617789321,74076,0,1,1,42703,42703,42703
6388,61751409731,1789006617820513,1789006617821871,74076,0,1,1,42618,42618,42618
6389,61751443039,1789006617853766,1789006617855244,74076,0,1,1,43445,43445,43445
6390,61751476348,1789006617887270,1789006617889286,74076,0,1,1,42600,42600,42600
6391,61751509656,1789006617920490,1789006617921868,74076,0,1,1,43404,43404,43404
6392,61751542965,1789006617953677,1789006617955141,74076,0,1,1,42635,42635,42635
6393,61751576274,1789006617987292,1789006617989505,74076,0,1,1,42290,42290,42290
6394,61751609582,1789006618020315,1789006618021933,74076,0,1,1,42303,42303,42303
6395,61751642891,1789006618053606,1789006618055063,74076,0,1,1,42508,42508,42508
6396,61751676199,1789006618087236,1789006618089146,74076,0,1,1,42486,42486,42486
6397,61751709508,1789006618120681,1789006618122308,74076,0,1,1,43306,43306,43306
6398,61751742817,1789006618153602,1789006618155073,74076,0,1,1,42706,42706,42706
6399,61751776125,1789006618186985,1789006618189045,74076,0,1,1,43150,43150,43150
6400,61751809434,1789006618220530,1789006618222717,74076,0,1,1,42316,42316,42316
6401,61751842742,1789006618253529,1789006618254955,74076,0,1,1,42655,42655,42655
6402,61751876051,1789006618286672,1789006618288342,74076,0,1,1,43231,43231,43231
6403,61751909360,1789006618320034,1789006618321572,74076,0,1,1,43299,43299,43299
6404,61751942668,1789006618353453,1789006618354869,74076,0,1,1,42773,42773,42773
6405,61751975977,1789006618387082,1789006618388260,74076,0,1,1,42526,42526,42526
6406,61752009285,1789006618420387,1789006618422311,74076,0,1,1,42379,42379,42379
6407,61752042594,1789006618453295,1789006618454722,74076,0,1,1,42691,42691,42691
6408,61752075903,1789006618486632,1789006618488184,74076,0,1,1,42343,42343,42343
6409,61752109211,1789006618520474,1789006618522562,74076,0,1,1,43465,43465,43465
6410,61752142520,1789006618553262,1789006618554690,74076,0,1,1,42562,42562,42562
6411,61752175828,1789006618586585,1789006618588134,74076,0,1,1,42689,42689,42689
6412,61752209137,1789006618620057,1789006618622089,74076,0,1,1,43149,43149,43149
6413,61752242446,1789006618653157,1789006618654466,74076,0,1,1,43352,43352,43352
6414,61752275754,1789006618686475,1789006618688100,74076,0,1,1,43316,43316,43316
6415,61752309063,1789006618720203,1789006618722232,74076,0,1,1,43229,43229,43229
6416,61752342371,1789006618753055,1789006618754558,74076,0,1,1,43182,43182,43182
6417,61752375680,1789006618786442,1789006618788105,74076,0,1,1,42379,42379,42379
6418,61752408989,1789006618819826,1789006618821910,74076,0,1,1,42611,42611,42611
6419,61752442297,1789006618853031,1789006618854533,74076,0,1,1,42451,42451,42451
6420,61752475606,1789006618886243,1789006618887951,74076,0,1,1,42533,42533,42533
6421,61752508914,1789006618920226,1789006618921819,74076,0,1,1,42509,42509,42509
6422,61752542223,1789006618952907,1789006618954433,74076,0,1,1,42620,42620,42620
6423,61752575532,1789006618986181,1789006618987693,74076,0,1,1,43262,43262,43262
6424,61752608840,1789006619019943,1789006619024021,74076,0,1,1,43239,43239,43239
6425,61752642149,1789006619053167,1789006619054371,74076,0,1,1,42567,42567,42567
6426,61752675457,1789006619086161,1789006619087639,74076,0,1,1,42581,42581,42581
6427,61752708766,1789006619119536,1789006619121812,74076,0,1,1,43306,43306,43306
6428,61752742075,1789006619153132,1789006619155250,74076,0,1,1,42516,42516,42516
6429,61752775383,1789006619186037,1789006619187834,74076,0,1,1,42723,42723,42723
6430,61752808692,1789006619219456,1789006619221007,74076,0,1,1,43335,43335,43335
6431,61752842000,1789006619253131,1789006619255552,74076,0,1,1,43397,43397,43397
6432,61752875309,1789006619285954,1789006619287848,74076,0,1,1,43498,43498,43498
6433,61752908618,1789006619319383,1789006619320806,74076,0,1,1,42641,42641,42641
6434,61752941926,1789006619352958,1789006619354693,74076,0,1,1,43344,43344,43344
6435,61752975235,1789006619385967,1789006619387732,74076,0,1,1,43550,43550,43550
6436,61753008543,1789006619419284,1789006619420663,74076,0,1,1,42541,42541,42541
6437,61753041852,1789006619452977,1789006619455147,74076,0,1,1,42661,42661,42661
6438,61753075161,1789006619485897,1789006619487295,74076,0,1,1,43235,43235,43235
6439,61753108469,1789006619519194,1789006619520684,74076,0,1,1,42601,42601,42601
6440,61753141778,1789006619553018,1789006619554504,74076,0,1,1,43258,43258,43258
6441,61753175086,1789006619585783,1789006619587447,74076,0,1,1,42689,42689,42689
6442,61753208395,1789006619619155,1789006619620652,74076,0,1,1,42615,42615,42615
6443,61753241704,1789006619652968,1789006619654522,74076,0,1,1,43366,43366,43366
6444,61753275012,1789006619685764,1789006619687301,74076,0,1,1,42483,42483,42483
6445,61753308321,1789006619719033,1789006619720522,74076,0,1,1,42332,42332,42332
6446,61753341629,1789006619752640,1789006619754941,74076,0,1,1,43246,43246,43246
6447,61753374938,1789006619785716,1789006619787330,74076,0,1,1,43229,43229,43229
6448,61753408247,1789006619819020,1789006619820415,74076,0,1,1,42352,42352,42352
6449,61753441555,1789006619852731,1789006619854896,74076,0,1,1,42537,42537,42537
6450,61753474864,1789006619885533,1789006619886951,74076,0,1,1,42581,42581,42581
6451,61753508172,1789006619918919,1789006619920334,74076,0,1,1,42133,42133,42133
6452,61753541481,1789006619952526,1789006619954598,74076,0,1,1,43263,43263,43263
6453,61753574790,1789006619985523,1789006619987373,74076,0,1,1,43282,43282,43282
6454,61753608098,1789006620018914,1789006620020275,74076,0,1,1,42369,42369,42369
6455,61753641407,1789006620052211,1789006620053590,74076,0,1,1,42361,42361,42361
6456,61753674715,1789006620086774,1789006620088278,74076,0,1,1,42601,42601,42601
6457,61753708024,1789006620118721,1789006620120345,74076,0,1,1,43154,43154,43154
6458,61753741333,1789006620152176,1789006620153563,74076,0,1,1,43150,43150,43150
6459,61753774641,1789006620185895,1789006620188131,74076,0,1,1,43256,43256,43256
6460,61753807950,1789006620218733,1789006620220077,74076,0,1,1,43154,43154,43154
6461,61753841258,1789006620252045,1789006620253862,74076,0,1,1,42601,42601,42601
6462,61753874567,1789006620285651,1789006620287827,74076,0,1,1,43440,43440,43440
6463,61753907876,1789006620318630,1789006620320155,74076,0,1,1,43328,43328,43328
6464,61753941184,1789006620352090,1789006620353491,74076,0,1,1,43342,43342,43342
6465,61753974493,1789006620385734,1789006620388078,74076,0,1,1,43203,43203,43203
6466,61754007801,1789006620418557,1789006620420014,74076,0,1,1,43334,43334,43334
6467,61754041110,1789006620451923,1789006620453440,74076,0,1,1,43313,43313,43313
6468,61754074419,1789006620485577,1789006620487784,74076,0,1,1,42398,42398,42398
6469,61754107727,1789006620518428,1789006620519961,74076,0,1,1,42514,42514,42514
6470,61754141036,1789006620551852,1789006620553246,74076,0,1,1,43377,43377,43377
6471,61754174344,1789006620585031,1789006620586737,74076,0,1,1,43171,43171,43171
6472,61754207653,1789006620618866,1789006620620334,74076,0,1,1,42534,42534,42534
6473,61754240962,1789006620651754,1789006620653291,74076,0,1,1,42598,42598,42598
6474,61754274270,1789006620685488,1789006620687843,74076,0,1,1,43302,43302,43302
6475,61754307579,1789006620718290,1789006620719711,74076,0,1,1,43188,43188,43188
6476,61754340887,1789006620751678,1789006620753071,74076,0,1,1,43323,43323,43323
6477,61754374196,1789006620784985,1789006620786681,74076,0,1,1,42540,42540,42540
6478,61754407505,1789006620818233,1789006620819682,74076,0,1,1,43153,43153,43153
6479,61754440813,1789006620851586,1789006620853065,74076,0,1,1,42475,42475,42475
6480,61754474122,1789006620885384,1789006620886849,74076,0,1,1,43206,43206,43206
6481,61754507430,1789006620918152,1789006620919574,74076,0,1,1,43262,43262,43262
6482,61754540739,1789006620951494,1789006620952935,74076,0,1,1,43193,43193,43193
6483,61754574048,1789006620985334,1789006620988102,74076,0,1,1,43427,43427,43427
6484,61754607356,1789006621018482,1789006621020137,74076,0,1,1,43346,43346,43346
6485,61754640665,1789006621051405,1789006621052830,74076,0,1,1,43251,43251,43251
6486,61754673973,1789006621084755,1789006621086482,74076,0,1,1,43239,43239,43239
6487,61754707282,1789006621118174,1789006621119888,74076,0,1,1,42465,42465,42465
6488,61754740591,1789006621151647,1789006621153041,74076,0,1,1,42451,42451,42451
6489,61754773899,1789006621184664,1789006621186107,74076,0,1,1,43408,43408,43408
6490,61754807208,1789006621218419,1789006621220452,74076,0,1,1,42539,42539,42539
6491,61754840516,1789006621251266,1789006621252748,74076,0,1,1,43198,43198,43198
6492,61754873825,1789006621284487,1789006621286214,74076,0,1,1,43289,43289,43289
6493,61754907134,1789006621318172,1789006621320735,74076,0,1,1,42468,42468,42468
6494,61754940442,1789006621351293,1789006621352795,74076,0,1,1,43051,43051,43051
6495,61754973751,1789006621384435,1789006621385848,74076,0,1,1,43308,43308,43308
6496,61755007059,1789006621418550,1789006621420548,74076,0,1,1,42459,42459,42459
6497,61755040368,1789006621451165,1789006621452615,74076,0,1,1,42522,42522,42522
6498,61755073677,1789006621484225,1789006621485699,74076,0,1,1,43200,43200,43200
6499,61755106985,1789006621517675,1789006621519206,74076,0,1,1,42359,42359,42359
6500,61755140294,1789006621551169,1789006621552702,74076,0,1,1,43224,43224,43224
6501,61755173602,1789006621584161,1789006621585622,74076,0,1,1,42490,42490,42490
6502,61755206911,1789006621617677,1789006621619610,74076,0,1,1,43280,43280,43280
6503,61755240220,1789006621651044,1789006621652525,74076,0,1,1,42468,42468,42468
6504,61755273528,1789006621684227,1789006621685761,74076,0,1,1,43188,43188,43188
6505,61755306837,1789006621717638,1789006621719147,74076,0,1,1,42538,42538,42538
6506,61755340145,1789006621751055,1789006621752566,74076,0,1,1,43038,43038,43038
6507,61755373454,1789006621784205,1789006621785735,74076,0,1,1,42451,42451,42451
6508,61755406763,1789006621817813,1789006621819827,74076,0,1,1,43056,43056,43056
6509,61755440071,1789006621850872,1789006621852392,74076,0,1,1,42975,42975,42975
6510,61755473380,1789006621884243,1789006621885702,74076,0,1,1,43141,43141,43141
6511,61755506688,1789006621917420,1789006621918886,74076,0,1,1,43159,43159,43159
6512,61755539997,1789006621950910,1789006621952440,74076,0,1,1,42999,42999,42999
6513,61755573306,1789006621984045,1789006621985563,74076,0,1,1,43094,43094,43094
6514,61755606614,1789006622017262,1789006622018690,74076,0,1,1,42466,42466,42466
6515,61755639923,1789006622051049,1789006622052663,74076,0,1,1,42201,42201,42201
6516,61755673231,1789006622084008,1789006622085484,74076,0,1,1,43307,43307,43307
6517,61755706540,1789006622117222,1789006622118716,74076,0,1,1,43392,43392,43392
6518,61755739849,1789006622150974,1789006622152834,74076,0,1,1,43198,43198,43198
6519,61755773157,1789006622183967,1789006622185447,74076,0,1,1,42490,42490,42490
6520,61755806466,1789006622217096,1789006622218675,74076,0,1,1,42416,42416,42416
6521,61755839774,1789006622250916,1789006622252848,74076,0,1,1,42558,42558,42558
6522,61755873083,1789006622283863,1789006622285312,74076,0,1,1,42388,42388,42388
6523,61755906392,1789006622317108,1789006622318698,74076,0,1,1,43020,43020,43020
6524,61755939700,1789006622350908,1789006622352817,74076,0,1,1,42488,42488,42488
6525,61755973009,1789006622383816,1789006622385223,74076,0,1,1,42561,42561,42561
6526,61756006317,1789006622417061,1789006622418711,74076,0,1,1,42596,42596,42596
6527,61756039626,1789006622450774,1789006622452737,74076,0,1,1,42430,42430,42430
6528,61756072935,1789006622483939,1789006622485337,74076,0,1,1,43179,43179,43179
6529,61756106243,1789006622517010,1789006622518449,74076,0,1,1,42525,42525,42525
6530,61756139552,1789006622550713,1789006622552669,74076,0,1,1,43150,43150,43150
6531,61756172860,1789006622583632,1789006622585369,74076,0,1,1,43045,43045,43045
6532,61756206169,1789006622617058,1789006622618472,74076,0,1,1,42512,42512,42512
6533,61756239478,1789006622650596,1789006622652601,74076,0,1,1,43327,43327,43327
6534,61756272786,1789006622683566,1789006622685582,74076,0,1,1,43222,43222,43222
6535,61756306095,1789006622716803,1789006622718285,74076,0,1,1,43239,43239,43239
6536,61756339403,1789006622750464,1789006622752531,74076,0,1,1,42955,42955,42955
6537,61756372712,1789006622783505,1789006622784972,74076,0,1,1,43035,43035,43035
6538,61756406021,1789006622816844,1789006622818288,74076,0,1,1,42481,42481,42481
6539,61756439329,1789006622850754,1789006622851755,74076,0,1,1,42532,42532,42532
6540,61756472638,1789006622883314,1789006622884809,74076,0,1,1,43342,43342,43342
6541,61756505946,1789006622916719,1789006622918187,74076,0,1,1,42597,42597,42597
6542,61756539255,1789006622950400,1789006622952497,74076,0,1,1,43219,43219,43219
6543,61756572564,1789006622983332,1789006622984712,74076,0,1,1,43239,43239,43239
6544,61756605872,1789006623016556,1789006623018043,74076,0,1,1,43175,43175,43175
6545,61756639181,1789006623050371,1789006623051399,74076,0,1,1,42452,42452,42452
6546,61756672489,1789006623083302,1789006623084668,74076,0,1,1,43178,43178,43178
6547,61756705798,1789006623116733,1789006623118172,74076,0,1,1,43331,43331,43331
6548,61756739107,1789006623150348,1789006623151386,74076,0,1,1,42296,42296,42296
6549,61756772415,1789006623183340,1789006623184834,74076,0,1,1,42489,42489,42489
6550,61756805724,1789006623216480,1789006623217793,74076,0,1,1,43182,43182,43182
6551,61756839032,1789006623250423,1789006623251379,74076,0,1,1,43292,43292,43292
6552,61756872341,1789006623283483,1789006623285462,74076,0,1,1,42560,42560,42560
6553,61756905650,1789006623316406,1789006623317808,74076,0,1,1,43195,43195,43195
6554,61756938958,1789006623350832,1789006623351353,74076,0,1,1,42620,42620,42620
6555,61756972267,1789006623383889,1789006623385535,74076,0,1,1,43154,43154,43154
6556,61757005575,1789006623416264,1789006623417676,74076,0,1,1,43163,43163,43163
6557,61757038884,1789006623450333,1789006623451369,74076,0,1,1,43145,43145,43145
6558,61757072193,1789006623483535,1789006623485214,74076,0,1,1,42452,42452,42452
6559,61757105501,1789006623516218,1789006623517682,74076,0,1,1,43217,43217,43217
6560,61757138810,1789006623550270,1789006623551298,74076,0,1,1,43077,43077,43077
6561,61757172118,1789006623583575,1789006623585178,74076,0,1,1,43064,43064,43064
6562,61757205427,1789006623616213,1789006623617761,74076,0,1,1,43382,43382,43382
6563,61757238736,1789006623650240,1789006623651248,74076,0,1,1,42560,42560,42560
6564,61757272044,1789006623683821,1789006623685348,74076,0,1,1,42522,42522,42522
6565,61757305353,1789006623716084,1789006623717752,74076,0,1,1,42561,42561,42561
6566,61757338661,1789006623749426,1789006623751486,74076,0,1,1,43206,43206,43206
6567,61757371970,1789006623783612,1789006623785703,74076,0,1,1,43305,43305,43305
6568,61757405279,1789006623816022,1789006623817734,74076,0,1,1,43332,43332,43332
6569,61757438587,1789006623849330,1789006623850881,74076,0,1,1,42481,42481,42481
6570,61757471896,1789006623883105,1789006623884851,74076,0,1,1,43458,43458,43458
6571,61757505204,1789006623915883,1789006623917695,74076,0,1,1,43312,43312,43312
6572,61757538513,1789006623949219,1789006623950651,74076,0,1,1,42405,42405,42405
6573,61757571822,1789006623983248,1789006623985022,74076,0,1,1,42442,42442,42442
6574,61757605130,1789006624015804,1789006624017271,74076,0,1,1,42549,42549,42549
6575,61757638439,1789006624049289,1789006624051057,74076,0,1,1,42454,42454,42454
6576,61757671747,1789006624082994,1789006624084614,74076,0,1,1,42662,42662,42662
6577,61757705056,1789006624115790,1789006624117219,74076,0,1,1,43190,43190,43190
6578,61757738365,1789006624150263,1789006624151407,74076,0,1,1,43268,43268,43268
6579,61757771673,1789006624182452,1789006624183879,74076,0,1,1,43121,43121,43121
6580,61757804982,1789006624215777,1789006624217221,74076,0,1,1,43342,43342,43342
6581,61757838290,1789006624249382,1789006624250932,74076,0,1,1,43151,43151,43151
6582,61757871599,1789006624282364,1789006624283819,74076,0,1,1,42484,42484,42484
6583,61757904908,1789006624315853,1789006624317258,74076,0,1,1,42583,42583,42583
6584,61757938216,1789006624349250,1789006624350476,74076,0,1,1,42524,42524,42524
6585,61757971525,1789006624382273,1789006624383712,74076,0,1,1,43357,43357,43357
6586,61758004833,1789006624416067,1789006624417609,74076,0,1,1,42583,42583,42583
6587,61758038142,1789006624448879,1789006624450696,74076,0,1,1,43297,43297,43297
6588,61758071451,1789006624482182,1789006624483624,74076,0,1,1,42519,42519,42519
6589,61758104759,1789006624516017,1789006624517805,74076,0,1,1,43210,43210,43210
6590,61758138068,1789006624548755,1789006624550334,74076,0,1,1,43050,43050,43050
6591,61758171376,1789006624582205,1789006624583650,74076,0,1,1,42504,42504,42504
6592,61758204685,1789006624617258,1789006624618528,74076,0,1,1,43314,43314,43314
6593,61758237994,1789006624648687,1789006624650145,74076,0,1,1,42538,42538,42538
6594,61758271302,1789006624682288,1789006624683717,74076,0,1,1,43125,43125,43125
6595,61758304611,1789006624715942,1789006624717526,74076,0,1,1,42994,42994,42994
6596,61758337919,1789006624748683,1789006624750078,74076,0,1,1,43198,43198,43198
6597,61758371228,1789006624785073,1789006624788036,74076,0,1,1,42550,42550,42550
6598,61758404537,1789006624815725,1789006624817818,74076,0,1,1,42528,42528,42528
6599,61758437845,1789006624848617,1789006624850156,74076,0,1,1,42500,42500,42500
6600,61758471154,1789006624881855,1789006624883347,74076,0,1,1,43102,43102,43102
6601,61758504462,1789006624915659,1789006624917380,74076,0,1,1,43054,43054,43054
6602,61758537771,1789006624948506,1789006624949906,74076,0,1,1,42463,42463,42463
6603,61758571080,1789006624981884,1789006624983315,74076,0,1,1,42469,42469,42469
6604,61758604388,1789006625015135,1789006625016721,74076,0,1,1,43233,43233,43233
6605,61758637697,1789006625048393,1789006625049891,74076,0,1,1,43241,43241,43241
6606,61758671005,1789006625081771,1789006625083157,74076,0,1,1,43176,43176,43176
6607,61758704314,1789006625115491,1789006625117167,74076,0,1,1,43274,43274,43274
6608,61758737623,1789006625148380,1789006625149901,74076,0,1,1,43261,43261,43261
6609,61758770931,1789006625181767,1789006625183180,74076,0,1,1,42562,42562,42562
6610,61758804240,1789006625217908,1789006625218603,74076,0,1,1,43120,43120,43120
6611,61758837548,1789006625248312,1789006625249766,74076,0,1,1,42639,42639,42639
6612,61758870857,1789006625281637,1789006625283037,74076,0,1,1,43141,43141,43141
6613,61758904166,1789006625316091,1789006625317513,74076,0,1,1,43232,43232,43232
6614,61758937474,1789006625348206,1789006625349622,74076,0,1,1,43194,43194,43194
6615,61758970783,1789006625381798,1789006625382996,74076,0,1,1,42566,42566,42566
6616,61759004091,1789006625415270,1789006625417372,74076,0,1,1,43246,43246,43246
6617,61759037400,1789006625448199,1789006625449665,74076,0,1,1,43222,43222,43222
6618,61759070709,1789006625481474,1789006625482916,74076,0,1,1,42899,42899,42899
6619,61759104017,1789006625514704,1789006625516270,74076,0,1,1,43033,43033,43033
6620,61759137326,1789006625548475,1789006625550166,74076,0,1,1,43164,43164,43164
6621,61759170634,1789006625581450,1789006625582750,74076,0,1,1,42503,42503,42503
6622,61759203943,1789006625615191,1789006625617122,74076,0,1,1,43201,43201,43201
6623,61759237252,1789006625648850,1789006625650747,74076,0,1,1,43273,43273,43273
6624,61759270560,1789006625681340,1789006625682684,74076,0,1,1,43041,43041,43041
6625,61759303869,1789006625714620,1789006625716027,74076,0,1,1,42629,42629,42629
6626,61759337177,1789006625748255,1789006625750701,74076,0,1,1,43238,43238,43238
6627,61759370486,1789006625781309,1789006625782680,74076,0,1,1,43250,43250,43250
6628,61759403795,1789006625814494,1789006625816058,74076,0,1,1,42570,42570,42570
6629,61759437103,1789006625848206,1789006625850166,74076,0,1,1,43098,43098,43098
6630,61759470412,1789006625881673,1789006625882679,74076,0,1,1,42503,42503,42503
6631,61759503720,1789006625914475,1789006625915894,74076,0,1,1,42497,42497,42497
6632,61759537029,1789006625948186,1789006625950320,74076,0,1,1,42677,42677,42677
6633,61759570338,1789006625981127,1789006625982835,74076,0,1,1,43093,43093,43093
6634,61759603646,1789006626014452,1789006626015854,74076,0,1,1,42412,42412,42412
6635,61759636955,1789006626047713,1789006626049099,74076,0,1,1,43228,43228,43228
6636,61759670263,1789006626081010,1789006626082453,74076,0,1,1,43288,43288,43288
6637,61759703572,1789006626114363,1789006626115749,74076,0,1,1,42474,42474,42474
6638,61759736881,1789006626148191,1789006626150018,74076,0,1,1,43169,43169,43169
6639,61759770189,1789006626181000,1789006626182390,74076,0,1,1,43216,43216,43216
6640,61759803498,1789006626214284,1789006626215695,74076,0,1,1,43129,43129,43129
6641,61759836806,1789006626247861,1789006626249853,74076,0,1,1,43312,43312,43312
6642,61759870115,1789006626280863,1789006626282389,74076,0,1,1,43192,43192,43192
6643,61759903424,1789006626314208,1789006626315683,74076,0,1,1,43219,43219,43219
6644,61759936732,1789006626347492,1789006626348991,74076,0,1,1,43220,43220,43220
6645,61759970041,1789006626380920,1789006626382430,74076,0,1,1,42314,42314,42314
6646,61760003349,1789006626414308,1789006626415734,74076,0,1,1,43206,43206,43206
6647,61760036658,1789006626447789,1789006626449767,74076,0,1,1,43145,43145,43145
6648,61760069967,1789006626480791,1789006626482211,74076,0,1,1,43158,43158,43158
6649,61760103275,1789006626514045,1789006626515741,74076,0,1,1,42374,42374,42374
6650,61760136584,1789006626547306,1789006626548856,74076,0,1,1,42417,42417,42417
6651,61760169892,1789006626581013,1789006626582382,74076,0,1,1,43084,43084,43084
6652,61760203201,1789006626613959,1789006626615377,74076,0,1,1,43198,43198,43198
6653,61760236510,1789006626647284,1789006626648707,74076,0,1,1,42557,42557,42557
6654,61760269818,1789006626681116,1789006626682540,74076,0,1,1,42421,42421,42421
6655,61760303127,1789006626713853,1789006626715297,74076,0,1,1,43088,43088,43088
6656,61760336435,1789006626747481,1789006626749344,74076,0,1,1,42465,42465,42465
6657,61760369744,1789006626781195,1789006626782576,74076,0,1,1,43206,43206,43206
6658,61760403053,1789006626813822,1789006626815217,74076,0,1,1,42442,42442,42442
6659,61760436361,1789006626847068,1789006626849373,74076,0,1,1,42585,42585,42585
6660,61760469670,1789006626880969,1789006626882568,74076,0,1,1,42425,42425,42425
6661,61760502978,1789006626913747,1789006626915204,74076,0,1,1,43215,43215,43215
6662,61760536287,1789006626947028,1789006626948531,74076,0,1,1,42473,42473,42473
6663,61760569596,1789006626981352,1789006626982891,74076,0,1,1,43344,43344,43344
6664,61760602904,1789006627013715,1789006627015139,74076,0,1,1,43492,43492,43492
6665,61760636213,1789006627047026,1789006627048466,74076,0,1,1,43230,43230,43230
6666,61760669521,1789006627081083,1789006627082533,74076,0,1,1,43001,43001,43001
6667,61760702830,1789006627113657,1789006627115120,74076,0,1,1,42548,42548,42548
6668,61760736139,1789006627146965,1789006627148395,74076,0,1,1,43273,43273,43273
6669,61760769447,1789006627180356,1789006627182727,74076,0,1,1,42509,42509,42509
6670,61760802756,1789006627213584,1789006627214988,74076,0,1,1,42331,42331,42331
6671,61760836064,1789006627246866,1789006627248398,74076,0,1,1,42524,42524,42524
6672,61760869373,1789006627280551,1789006627282606,74076,0,1,1,42378,42378,42378
6673,61760902682,1789006627313508,1789006627315003,74076,0,1,1,43220,43220,43220
6674,61760935990,1789006627346752,1789006627348417,74076,0,1,1,43382,43382,43382
6675,61760969299,1789006627380558,1789006627382129,74076,0,1,1,42708,42708,42708
6676,61761002607,1789006627416186,1789006627416627,74076,0,1,1,43228,43228,43228
6677,61761035916,1789006627446713,1789006627448269,74076,0,1,1,43138,43138,43138
6678,61761069225,1789006627480029,1789006627481426,74076,0,1,1,43266,43266,43266
6679,61761102533,1789006627513456,1789006627514756,74076,0,1,1,43268,43268,43268
6680,61761135842,1789006627546605,1789006627548066,74076,0,1,1,42554,42554,42554
6681,61761169150,1789006627580136,1789006627581516,74076,0,1,1,43254,43254,43254
6682,61761202459,1789006627614209,1789006627615875,74076,0,1,1,42373,42373,42373
6683,61761235768,1789006627646519,1789006627647983,74076,0,1,1,42399,42399,42399
6684,61761269076,1789006627679886,1789006627681386,74076,0,1,1,42512,42512,42512
6685,61761302385,1789006627713423,1789006627715405,74076,0,1,1,43184,43184,43184
6686,61761335693,1789006627746479,1789006627747956,74076,0,1,1,43163,43163,43163
6687,61761369002,1789006627779976,1789006627781373,74076,0,1,1,43277,43277,43277
6688,61761402311,1789006627813444,1789006627815757,74076,0,1,1,43204,43204,43204
6689,61761435619,1789006627846358,1789006627847787,74076,0,1,1,43257,43257,43257
6690,61761468928,1789006627879763,1789006627881229,74076,0,1,1,43272,43272,43272
6691,61761502236,1789006627913382,1789006627915399,74076,0,1,1,42381,42381,42381
6692,61761535545,1789006627946268,1789006627947758,74076,0,1,1,43247,43247,43247
6693,61761568854,1789006627979850,1789006627981239,74076,0,1,1,42544,42544,42544
6694,61761602162,1789006628013061,1789006628014473,74076,0,1,1,43260,43260,43260
6695,61761635471,1789006628046162,1789006628047754,74076,0,1,1,42546,42546,42546
6696,61761668779,1789006628079588,1789006628081043,74076,0,1,1,43226,43226,43226
6697,61761702088,1789006628113282,1789006628115596,74076,0,1,1,43166,43166,43166
6698,61761735397,1789006628146111,1789006628147770,74076,0,1,1,42658,42658,42658
6699,61761768705,1789006628179751,1789006628181185,74076,0,1,1,43134,43134,43134
6700,61761802014,1789006628213220,1789006628215286,74076,0,1,1,42301,42301,42301
6701,61761835322,1789006628246065,1789006628247745,74076,0,1,1,42655,42655,42655
6702,61761868631,1789006628279432,1789006628280872,74076,0,1,1,42475,42475,42475
6703,61761901940,1789006628313329,1789006628315099,74076,0,1,1,43004,43004,43004
6704,61761935248,1789006628346056,1789006628347714,74076,0,1,1,42578,42578,42578
6705,61761968557,1789006628379497,1789006628380859,74076,0,1,1,42541,42541,42541
6706,61762001865,1789006628413417,1789006628415785,74076,0,1,1,42370,42370,42370
6707,61762035174,1789006628445990,1789006628447496,74076,0,1,1,42664,42664,42664
6708,61762068483,1789006628479216,1789006628480646,74076,0,1,1,42420,42420,42420
6709,61762101791,1789006628512587,1789006628514119,74076,0,1,1,43087,43087,43087
6710,61762135100,1789006628545928,1789006628547552,74076,0,1,1,42501,42501,42501
6711,61762168408,1789006628579383,1789006628580789,74076,0,1,1,43217,43217,43217
6712,61762201717,1789006628612501,1789006628613936,74076,0,1,1,43061,43061,43061
6713,61762235026,1789006628645864,1789006628647533,74076,0,1,1,42496,42496,42496
6714,61762268334,1789006628679151,1789006628680548,74076,0,1,1,43059,43059,43059
6715,61762301643,1789006628712940,1789006628714555,74076,0,1,1,42999,42999,42999
6716,61762334951,1789006628745922,1789006628747603,74076,0,1,1,43005,43005,43005
6717,61762368260,1789006628779235,1789006628780644,74076,0,1,1,43441,43441,43441
6718,61762401569,1789006628812412,1789006628814410,74076,0,1,1,43166,43166,43166
6719,61762434877,1789006628846572,1789006628848171,74076,0,1,1,42574,42574,42574
6720,61762468186,1789006628878999,1789006628880340,74076,0,1,1,43248,43248,43248
6721,61762501494,1789006628912260,1789006628913669,74076,0,1,1,43180,43180,43180
6722,61762534803,1789006628946601,1789006628948474,74076,0,1,1,43193,43193,43193
6723,61762568112,1789006628979070,1789006628980860,74076,0,1,1,43454,43454,43454
6724,61762601420,1789006629012237,1789006629013752,74076,0,1,1,42617,42617,42617
6725,61762634729,1789006629046031,1789006629047905,74076,0,1,1,42412,42412,42412
6726,61762668037,1789006629079254,1789006629080625,74076,0,1,1,43334,43334,43334
6727,61762701346,1789006629112161,1789006629113569,74076,0,1,1,42668,42668,42668
6728,61762734655,1789006629146005,1789006629147916,74076,0,1,1,43248,43248,43248
6729,61762767963,1789006629179022,1789006629180496,74076,0,1,1,43189,43189,43189
6730,61762801272,1789006629212298,1789006629213768,74076,0,1,1,42979,42979,42979
6731,61762834580,1789006629245885,1789006629247543,74076,0,1,1,42539,42539,42539
6732,61762867889,1789006629278687,1789006629280146,74076,0,1,1,42608,42608,42608
6733,61762901198,1789006629312003,1789006629313432,74076,0,1,1,42446,42446,42446
6734,61762934506,1789006629345324,1789006629346738,74076,0,1,1,42353,42353,42353
6735,61762967815,1789006629378870,1789006629380390,74076,0,1,1,42501,42501,42501
6736,61763001123,1789006629411939,1789006629413353,74076,0,1,1,42461,42461,42461
6737,61763034432,1789006629445649,1789006629447334,74076,0,1,1,42940,42940,42940
6738,61763067741,1789006629478582,1789006629480045,74076,0,1,1,43262,43262,43262
6739,61763101049,1789006629511853,1789006629513247,74076,0,1,1,43143,43143,43143
6740,61763134358,1789006629545540,1789006629547328,74076,0,1,1,43081,43081,43081
6741,61763167666,1789006629578580,1789006629580062,74076,0,1,1,43258,43258,43258
6742,61763200975,1789006629611828,1789006629613197,74076,0,1,1,42350,42350,42350
6743,61763234284,1789006629645590,1789006629647666,74076,0,1,1,43086,43086,43086
6744,61763267592,1789006629678440,1789006629679856,74076,0,1,1,43220,43220,43220
6745,61763300901,1789006629711789,1789006629713174,74076,0,1,1,42996,42996,42996
6746,61763334209,1789006629745911,1789006629747937,74076,0,1,1,43308,43308,43308
6747,61763367518,1789006629778445,1789006629780093,74076,0,1,1,43200,43200,43200
6748,61763400827,1789006629811721,1789006629813105,74076,0,1,1,42377,42377,42377
6749,61763434135,1789006629844909,1789006629847557,74076,0,1,1,42298,42298,42298
6750,61763467444,1789006629878416,1789006629880023,74076,0,1,1,43030,43030,43030
6751,61763500752,1789006629911540,1789006629912936,74076,0,1,1,42982,42982,42982
6752,61763534061,1789006629945386,1789006629947006,74076,0,1,1,42369,42369,42369
6753,61763567370,1789006629979127,1789006629981129,74076,0,1,1,42299,42299,42299
6754,61763600678,1789006630011854,1789006630013533,74076,0,1,1,42350,42350,42350
6755,61763633987,1789006630044715,1789006630046239,74076,0,1,1,42420,42420,42420
6756,61763667295,1789006630078115,1789006630079489,74076,0,1,1,42524,42524,42524
6757,61763700604,1789006630111475,1789006630112870,74076,0,1,1,42524,42524,42524
6758,61763733913,1789006630144630,1789006630146214,74076,0,1,1,43130,43130,43130
6759,61763767221,1789006630179246,1789006630181186,74076,0,1,1,43245,43245,43245
6760,61763800530,1789006630211368,1789006630212782,74076,0,1,1,43155,43155,43155
6761,61763833838,1789006630244687,1789006630246101,74076,0,1,1,42486,42486,42486
6762,61763867147,1789006630278268,1789006630280530,74076,0,1,1,42451,42451,42451
6763,61763900456,1789006630311320,1789006630312719,74076,0,1,1,43178,43178,43178
6764,61763933764,1789006630344548,1789006630346058,74076,0,1,1,42519,42519,42519
6765,61763967073,1789006630377941,1789006630379400,74076,0,1,1,43282,43282,43282
6766,61764000381,1789006630411208,1789006630412772,74076,0,1,1,43258,43258,43258
6767,61764033690,1789006630444455,1789006630445890,74076,0,1,1,43270,43270,43270
6768,61764066999,1789006630477819,1789006630479212,74076,0,1,1,43376,43376,43376
6769,61764100307,1789006630511197,1789006630512609,74076,0,1,1,43323,43323,43323
6770,61764133616,1789006630544498,1789006630545929,74076,0,1,1,43227,43227,43227
6771,61764166924,1789006630577883,1789006630579378,74076,0,1,1,42482,42482,42482
6772,61764200233,1789006630611121,1789006630612633,74076,0,1,1,42563,42563,42563
6773,61764233542,1789006630644313,1789006630646076,74076,0,1,1,42621,42621,42621
6774,61764266850,1789006630678006,1789006630680193,74076,0,1,1,42533,42533,42533
6775,61764300159,1789006630710934,1789006630712545,74076,0,1,1,43222,43222,43222
6776,61764333467,1789006630744231,1789006630745833,74076,0,1,1,43175,43175,43175
6777,61764366776,1789006630777911,1789006630780024,74076,0,1,1,43227,43227,43227
6778,61764400085,1789006630811000,1789006630812421,74076,0,1,1,42369,42369,42369
6779,61764433393,1789006630844114,1789006630845663,74076,0,1,1,42449,42449,42449
6780,61764466702,1789006630877903,1789006630880198,74076,0,1,1,43207,43207,43207
6781,61764500010,1789006630911317,1789006630912230,74076,0,1,1,42594,42594,42594
6782,61764533319,1789006630944064,1789006630945707,74076,0,1,1,42484,42484,42484
6783,61764566628,1789006630977390,1789006630978872,74076,0,1,1,42503,42503,42503
6784,61764599936,1789006631010901,1789006631012379,74076,0,1,1,42519,42519,42519
6785,61764633245,1789006631044163,1789006631046056,74076,0,1,1,42908,42908,42908
6786,61764666553,1789006631077333,1789006631078677,74076,0,1,1,43278,43278,43278
6787,61764699862,1789006631111561,1789006631113230,74076,0,1,1,42320,42320,42320
6788,61764733171,1789006631144058,1789006631145523,74076,0,1,1,43193,43193,43193
6789,61764766479,1789006631177248,1789006631178698,74076,0,1,1,43162,43162,43162
6790,61764799788,1789006631210997,1789006631212734,74076,0,1,1,42480,42480,42480
6791,61764833096,1789006631243914,1789006631245335,74076,0,1,1,43097,43097,43097
6792,61764866405,1789006631277143,1789006631278716,74076,0,1,1,42244,42244,42244
6793,61764899714,1789006631311026,1789006631313267,74076,0,1,1,42384,42384,42384
6794,61764933022,1789006631344133,1789006631345527,74076,0,1,1,42219,42219,42219
6795,61764966331,1789006631377183,1789006631378841,74076,0,1,1,42511,42511,42511
6796,61764999639,1789006631411229,1789006631412956,74076,0,1,1,42542,42542,42542
6797,61765032948,1789006631443731,1789006631445621,74076,0,1,1,43175,43175,43175
6798,61765066257,1789006631477158,1789006631478580,74076,0,1,1,42292,42292,42292
6799,61765099565,1789006631512195,1789006631513185,74076,0,1,1,42603,42603,42603
6800,61765132874,1789006631543719,1789006631545148,74076,0,1,1,42510,42510,42510
6801,61765166182,1789006631579398,1789006631580293,74076,0,1,1,42371,42371,42371
6802,61765199491,1789006631610644,1789006631612035,74076,0,1,1,42456,42456,42456
6803,61765232800,1789006631643551,1789006631645067,74076,0,1,1,43151,43151,43151
6804,61765266108,1789006631677003,1789006631678447,74076,0,1,1,42458,42458,42458
6805,61765299417,1789006631710552,1789006631712640,74076,0,1,1,43350,43350,43350
6806,61765332725,1789006631743935,1789006631745365,74076,0,1,1,42321,42321,42321
6807,61765366034,1789006631776894,1789006631778343,74076,0,1,1,43307,43307,43307
6808,61765399343,1789006631810490,1789006631812235,74076,0,1,1,43307,43307,43307
6809,61765432651,1789006631843434,1789006631844906,74076,0,1,1,42547,42547,42547
6810,61765465960,1789006631876787,1789006631878408,74076,0,1,1,42282,42282,42282
6811,61765499268,1789006631911934,1789006631912843,74076,0,1,1,42364,42364,42364
6812,61765532577,1789006631943480,1789006631944868,74076,0,1,1,43231,43231,43231
6813,61765565886,1789006631976632,1789006631978129,74076,0,1,1,42424,42424,42424
6814,61765599194,1789006632010731,1789006632012265,74076,0,1,1,43321,43321,43321
6815,61765632503,1789006632043387,1789006632044795,74076,0,1,1,42357,42357,42357
6816,61765665811,1789006632076576,1789006632078099,74076,0,1,1,42471,42471,42471
6817,61765699120,1789006632112524,1789006632113270,74076,0,1,1,42560,42560,42560
6818,61765732429,1789006632143613,1789006632145183,74076,0,1,1,42437,42437,42437
6819,61765765737,1789006632176536,1789006632177856,74076,0,1,1,42382,42382,42382
6820,61765799046,1789006632210263,1789006632211352,74076,0,1,1,43253,43253,43253
6821,61765832354,1789006632243649,1789006632245323,74076,0,1,1,42618,42618,42618
6822,61765865663,1789006632276398,1789006632277967,74076,0,1,1,42357,42357,42357
6823,61765898972,1789006632310534,1789006632311719,74076,0,1,1,42189,42189,42189
6824,61765932280,1789006632343607,1789006632345328,74076,0,1,1,43110,43110,43110
6825,61765965589,1789006632376349,1789006632377822,74076,0,1,1,42531,42531,42531
6826,61765998897,1789006632410379,1789006632411342,74076,0,1,1,42568,42568,42568
6827,61766032206,1789006632443581,1789006632445250,74076,0,1,1,42323,42323,42323
6828,61766065515,1789006632476338,1789006632477745,74076,0,1,1,42631,42631,42631
6829,61766098823,1789006632510476,1789006632511892,74076,0,1,1,42324,42324,42324
6830,61766132132,1789006632543362,1789006632545597,74076,0,1,1,43173,43173,43173
6831,61766165440,1789006632576256,1789006632577876,74076,0,1,1,43021,43021,43021
6832,61766198749,1789006632609515,1789006632611100,74076,0,1,1,42294,42294,42294
6833,61766232058,1789006632643782,1789006632645747,74076,0,1,1,42597,42597,42597
6834,61766265366,1789006632676181,1789006632677783,74076,0,1,1,42495,42495,42495
6835,61766298675,1789006632709461,1789006632711620,74076,0,1,1,42440,42440,42440
6836,61766331983,1789006632743998,1789006632745603,74076,0,1,1,43156,43156,43156
6837,61766365292,1789006632776127,1789006632777643,74076,0,1,1,43160,43160,43160
6838,61766398601,1789006632809421,1789006632811389,74076,0,1,1,43257,43257,43257
6839,61766431909,1789006632842657,1789006632845736,74076,0,1,1,43236,43236,43236
6840,61766465218,1789006632876074,1789006632877721,74076,0,1,1,42523,42523,42523
6841,61766498526,1789006632909335,1789006632910726,74076,0,1,1,42176,42176,42176
6842,61766531835,1789006632943187,1789006632945275,74076,0,1,1,42507,42507,42507
6843,61766565144,1789006632976074,1789006632977644,74076,0,1,1,43141,43141,43141
6844,61766598452,1789006633009366,1789006633011179,74076,0,1,1,42324,42324,42324
6845,61766631761,1789006633042551,1789006633044103,74076,0,1,1,42608,42608,42608
6846,61766665069,1789006633076001,1789006633077543,74076,0,1,1,42910,42910,42910
6847,61766698378,1789006633109245,1789006633111306,74076,0,1,1,42461,42461,42461
6848,61766731687,1789006633143979,1789006633145530,74076,0,1,1,43047,43047,43047
6849,61766764995,1789006633175849,1789006633177544,74076,0,1,1,43080,43080,43080
6850,61766798304,1789006633209156,1789006633211223,74076,0,1,1,42456,42456,42456
6851,61766831612,1789006633242433,1789006633244253,74076,0,1,1,43209,43209,43209
6852,61766864921,1789006633276418,1789006633277917,74076,0,1,1,42217,42217,42217
6853,61766898230,1789006633309098,1789006633310627,74076,0,1,1,42524,42524,42524
6854,61766931538,1789006633342402,1789006633343838,74076,0,1,1,42414,42414,42414
6855,61766964847,1789006633377212,1789006633379284,74076,0,1,1,42375,42375,42375
6856,61766998155,1789006633408934,1789006633410644,74076,0,1,1,43171,43171,43171
6857,61767031464,1789006633442318,1789006633443812,74076,0,1,1,43164,43164,43164
6858,61767064773,1789006633476710,1789006633478189,74076,0,1,1,43107,43107,43107
6859,61767098081,1789006633508843,1789006633510337,74076,0,1,1,42526,42526,42526
6860,61767131390,1789006633542285,1789006633543752,74076,0,1,1,42515,42515,42515
6861,61767164698,1789006633576055,1789006633577916,74076,0,1,1,43004,43004,43004
6862,61767198007,1789006633608793,1789006633610299,74076,0,1,1,43101,43101,43101
6863,61767231316,1789006633642110,1789006633643681,74076,0,1,1,42433,42433,42433
6864,61767264624,1789006633675524,1789006633677680,74076,0,1,1,42263,42263,42263
6865,61767297933,1789006633708779,1789006633710414,74076,0,1,1,42593,42593,42593
6866,61767331241,1789006633742148,1789006633743575,74076,0,1,1,43200,43200,43200
6867,61767364550,1789006633775366,1789006633777484,74076,0,1,1,43168,43168,43168
6868,61767397859,1789006633808700,1789006633810143,74076,0,1,1,43269,43269,43269
6869,61767431167,1789006633842111,1789006633843569,74076,0,1,1,43086,43086,43086
6870,61767464476,1789006633875329,1789006633877504,74076,0,1,1,43126,43126,43126
6871,61767497784,1789006633908635,1789006633909989,74076,0,1,1,43159,43159,43159
6872,61767531093,1789006633942003,1789006633943438,74076,0,1,1,42413,42413,42413
6873,61767564402,1789006633975258,1789006633977577,74076,0,1,1,42977,42977,42977
6874,61767597710,1789006634008491,1789006634009871,74076,0,1,1,42431,42431,42431
6875,61767631019,1789006634041785,1789006634043271,74076,0,1,1,42556,42556,42556
6876,61767664327,1789006634075207,1789006634076599,74076,0,1,1,42276,42276,42276
6877,61767697636,1789006634108463,1789006634109987,74076,0,1,1,42388,42388,42388
6878,61767730945,1789006634141825,1789006634143237,74076,0,1,1,43277,43277,43277
6879,61767764253,1789006634176003,1789006634178006,74076,0,1,1,43124,43124,43124
6880,61767797562,1789006634211058,1789006634211508,74076,0,1,1,42474,42474,42474
6881,61767830870,1789006634241717,1789006634243158,74076,0,1,1,42309,42309,42309
6882,61767864179,1789006634275063,1789006634277327,74076,0,1,1,42533,42533,42533
6883,61767897488,1789006634308333,1789006634309810,74076,0,1,1,42451,42451,42451
6884,61767930796,1789006634341715,1789006634343183,74076,0,1,1,43157,43157,43157
6885,61767964105,1789006634376138,1789006634378103,74076,0,1,1,43151,43151,43151
6886,61767997413,1789006634408547,1789006634410280,74076,0,1,1,42591,42591,42591
6887,61768030722,1789006634441566,1789006634443030,74076,0,1,1,43031,43031,43031
6888,61768064031,1789006634474878,1789006634477970,74076,0,1,1,43301,43301,43301
6889,61768097339,1789006634508442,1789006634510519,74076,0,1,1,42438,42438,42438
6890,61768130648,1789006634541581,1789006634542989,74076,0,1,1,42577,42577,42577
6891,61768163956,1789006634574830,1789006634576911,74076,0,1,1,43123,43123,43123
6892,61768197265,1789006634609069,1789006634610781,74076,0,1,1,43236,43236,43236
6893,61768230574,1789006634641469,1789006634642814,74076,0,1,1,43012,43012,43012
6894,61768263882,1789006634674659,1789006634676176,74076,0,1,1,43002,43002,43002
6895,61768297191,1789006634708458,1789006634710503,74076,0,1,1,42901,42901,42901
6896,61768330499,1789006634741410,1789006634742846,74076,0,1,1,42608,42608,42608
6897,61768363808,1789006634774620,1789006634776247,74076,0,1,1,42318,42318,42318
6898,61768397117,1789006634808546,1789006634810255,74076,0,1,1,42421,42421,42421
6899,61768430425,1789006634841300,1789006634842867,74076,0,1,1,42451,42451,42451
6900,61768463734,1789006634874606,1789006634876024,74076,0,1,1,42435,42435,42435
6901,61768497042,1789006634908327,1789006634910329,74076,0,1,1,43133,43133,43133
6902,61768530351,1789006634941208,1789006634942736,74076,0,1,1,42537,42537,42537
6903,61768563660,1789006634974562,1789006634975920,74076,0,1,1,43071,43071,43071
6904,61768596968,1789006635007841,1789006635009913,74076,0,1,1,43296,43296,43296
6905,61768630277,1789006635041149,1789006635042495,74076,0,1,1,43114,43114,43114
6906,61768663585,1789006635074443,1789006635075890,74076,0,1,1,43165,43165,43165
6907,61768696894,1789006635107789,1789006635109867,74076,0,1,1,42366,42366,42366
6908,61768730203,1789006635141104,1789006635142672,74076,0,1,1,42362,42362,42362
6909,61768763511,1789006635174335,1789006635175756,74076,0,1,1,42392,42392,42392
6910,61768796820,1789006635208111,1789006635210147,74076,0,1,1,43266,43266,43266
6911,61768830128,1789006635240960,1789006635242396,74076,0,1,1,42412,42412,42412
6912,61768863437,1789006635274521,1789006635275957,74076,0,1,1,42950,42950,42950
6913,61768896746,1789006635307940,1789006635309956,74076,0,1,1,42429,42429,42429
6914,61768930054,1789006635341019,1789006635342425,74076,0,1,1,42433,42433,42433
6915,61768963363,1789006635374166,1789006635375881,74076,0,1,1,42451,42451,42451
6916,61768996671,1789006635407897,1789006635409634,74076,0,1,1,42438,42438,42438
6917,61769029980,1789006635441454,1789006635442526,74076,0,1,1,42400,42400,42400
6918,61769063289,1789006635474134,1789006635475609,74076,0,1,1,42508,42508,42508
6919,61769096597,1789006635507670,1789006635509694,74076,0,1,1,43302,43302,43302
6920,61769129906,1789006635541373,1789006635542765,74076,0,1,1,42558,42558,42558
6921,61769163214,1789006635574063,1789006635575479,74076,0,1,1,42964,42964,42964
6922,61769196523,1789006635608051,1789006635610033,74076,0,1,1,42484,42484,42484
6923,61769229832,1789006635641248,1789006635642880,74076,0,1,1,43259,43259,43259
6924,61769263140,1789006635674066,1789006635675477,74076,0,1,1,42525,42525,42525
6925,61769296449,1789006635707255,1789006635709031,74076,0,1,1,42618,42618,42618
6926,61769329757,1789006635741249,1789006635742713,74076,0,1,1,43350,43350,43350
6927,61769363066,1789006635773974,1789006635775411,74076,0,1,1,42502,42502,42502
6928,61769396375,1789006635807207,1789006635808719,74076,0,1,1,42370,42370,42370
6929,61769429683,1789006635841064,1789006635842644,74076,0,1,1,43124,43124,43124
6930,61769462992,1789006635873901,1789006635875359,74076,0,1,1,43116,43116,43116
6931,61769496300,1789006635907223,1789006635908600,74076,0,1,1,43175,43175,43175
6932,61769529609,1789006635941024,1789006635942570,74076,0,1,1,43136,43136,43136
6933,61769562918,1789006635973784,1789006635975230,74076,0,1,1,43093,43093,43093
6934,61769596226,1789006636007128,1789006636008633,74076,0,1,1,42302,42302,42302
6935,61769629535,1789006636040766,1789006636041848,74076,0,1,1,43155,43155,43155
6936,61769662843,1789006636073759,1789006636075200,74076,0,1,1,43172,43172,43172
6937,61769696152,1789006636107089,1789006636108468,74076,0,1,1,42365,42365,42365
6938,61769729461,1789006636140809,1789006636143317,74076,0,1,1,43178,43178,43178
6939,61769762769,1789006636173625,1789006636175134,74076,0,1,1,42895,42895,42895
6940,61769796078,1789006636206964,1789006636208485,74076,0,1,1,43281,43281,43281
6941,61769829386,1789006636240246,1789006636241695,74076,0,1,1,42323,42323,42323
6942,61769862695,1789006636273752,1789006636275189,74076,0,1,1,42520,42520,42520
6943,61769896004,1789006636306951,1789006636308338,74076,0,1,1,43212,43212,43212
6944,61769929312,1789006636340262,1789006636341787,74076,0,1,1,42289,42289,42289
6945,61769962621,1789006636373500,1789006636374987,74076,0,1,1,42973,42973,42973
6946,61769995929,1789006636406935,1789006636408334,74076,0,1,1,42272,42272,42272
6947,61770029238,1789006636440130,1789006636441662,74076,0,1,1,43348,43348,43348
6948,61770062547,1789006636473680,1789006636474931,74076,0,1,1,42453,42453,42453
6949,61770095855,1789006636506723,1789006636508217,74076,0,1,1,43156,43156,43156
6950,61770129164,1789006636540193,1789006636541606,74076,0,1,1,43231,43231,43231
6951,61770162472,1789006636573666,1789006636575980,74076,0,1,1,43146,43146,43146
6952,61770195781,1789006636606624,1789006636608069,74076,0,1,1,42508,42508,42508
6953,61770229090,1789006636639998,1789006636641405,74076,0,1,1,42573,42573,42573
6954,61770262398,1789006636673533,1789006636675759,74076,0,1,1,42430,42430,42430
6955,61770295707,1789006636706578,1789006636708078,74076,0,1,1,43188,43188,43188
6956,61770329015,1789006636740076,1789006636742102,74076,0,1,1,42378,42378,42378
6957,61770362324,1789006636773518,1789006636775813,74076,0,1,1,42355,42355,42355
6958,61770395633,1789006636809445,1789006636810780,74076,0,1,1,43002,43002,43002
6959,61770428941,1789006636839864,1789006636841327,74076,0,1,1,43132,43132,43132
6960,61770462250,1789006636873502,1789006636875785,74076,0,1,1,42420,42420,42420
6961,61770495558,1789006636906399,1789006636907998,74076,0,1,1,42468,42468,42468
6962,61770528867,1789006636939920,1789006636941769,74076,0,1,1,42510,42510,42510
6963,61770562176,1789006636973463,1789006636975741,74076,0,1,1,42935,42935,42935
6964,61770595484,1789006637006254,1789006637007879,74076,0,1,1,42459,42459,42459
6965,61770628793,1789006637039704,1789006637041150,74076,0,1,1,42585,42585,42585
6966,61770662101,1789006637073031,1789006637074596,74076,0,1,1,43185,43185,43185
6967,61770695410,1789006637106772,1789006637108166,74076,0,1,1,42408,42408,42408
6968,61770728719,1789006637139984,1789006637141085,74076,0,1,1,42587,42587,42587
6969,61770762027,1789006637173290,1789006637175549,74076,0,1,1,42263,42263,42263
6970,61770795336,1789006637206178,1789006637207648,74076,0,1,1,42346,42346,42346
6971,61770828644,1789006637239475,1789006637241043,74076,0,1,1,42958,42958,42958
6972,61770861953,1789006637272897,1789006637275322,74076,0,1,1,42318,42318,42318
6973,61770895262,1789006637306097,1789006637307578,74076,0,1,1,42501,42501,42501
6974,61770928570,1789006637339558,1789006637340957,74076,0,1,1,42498,42498,42498
6975,61770961879,1789006637372830,1789006637374276,74076,0,1,1,43089,43089,43089
6976,61770995187,1789006637406090,1789006637407624,74076,0,1,1,42416,42416,42416
6977,61771028496,1789006637439401,1789006637440831,74076,0,1,1,43226,43226,43226
6978,61771061805,1789006637473215,1789006637474868,74076,0,1,1,43255,43255,43255
6979,61771095113,1789006637506218,1789006637507452,74076,0,1,1,43163,43163,43163
6980,61771128422,1789006637539451,1789006637540806,74076,0,1,1,43240,43240,43240
6981,61771161730,1789006637572899,1789006637574996,74076,0,1,1,43184,43184,43184
6982,61771195039,1789006637606474,1789006637608083,74076,0,1,1,42418,42418,42418
6983,61771228348,1789006637639262,1789006637640705,74076,0,1,1,43162,43162,43162
6984,61771261656,1789006637672570,1789006637673962,74076,0,1,1,42444,42444,42444
6985,61771294965,1789006637706198,1789006637707992,74076,0,1,1,42449,42449,42449
6986,61771328273,1789006637739340,1789006637740767,74076,0,1,1,43063,43063,43063
6987,61771361582,1789006637772534,1789006637773931,74076,0,1,1,43242,43242,43242
6988,61771394891,1789006637806868,1789006637808318,74076,0,1,1,42980,42980,42980
6989,61771428199,1789006637839117,1789006637840855,74076,0,1,1,42519,42519,42519
6990,61771461508,1789006637872414,1789006637873807,74076,0,1,1,42500,42500,42500
6991,61771494816,1789006637906164,1789006637908624,74076,0,1,1,42422,42422,42422
6992,61771528125,1789006637939127,1789006637940692,74076,0,1,1,43430,43430,43430
6993,61771561434,1789006637972365,1789006637973757,74076,0,1,1,43431,43431,43431
6994,61771594742,1789006638006075,1789006638007657,74076,0,1,1,43028,43028,43028
6995,61771628051,1789006638039285,1789006638040606,74076,0,1,1,43214,43214,43214
6996,61771661359,1789006638072319,1789006638073730,74076,0,1,1,43155,43155,43155
6997,61771694668,1789006638106022,1789006638108024,74076,0,1,1,43106,43106,43106
6998,61771727977,1789006638139045,1789006638140477,74076,0,1,1,43110,43110,43110
6999,61771761285,1789006638172233,1789006638173623,74076,0,1,1,43219,43219,43219
7000,61771794594,1789006638205532,1789006638206858,74076,0,1,1,42299,42299,42299
7001,61771827902,1789006638238828,1789006638240232,74076,0,1,1,42292,42292,42292
7002,61771861211,1789006638272169,1789006638273582,74076,0,1,1,42378,42378,42378
7003,61771894520,1789006638305420,1789006638306828,74076,0,1,1,43174,43174,43174
7004,61771927828,1789006638338939,1789006638340394,74076,0,1,1,43212,43212,43212
7005,61771961137,1789006638372161,1789006638373651,74076,0,1,1,42443,42443,42443
7006,61771994445,1789006638405361,1789006638406751,74076,0,1,1,42329,42329,42329
7007,61772027754,1789006638438672,1789006638440115,74076,0,1,1,43184,43184,43184
7008,61772061063,1789006638472118,1789006638473523,74076,0,1,1,42502,42502,42502
7009,61772094371,1789006638505344,1789006638506832,74076,0,1,1,42998,42998,42998
7010,61772127680,1789006638538680,1789006638540111,74076,0,1,1,42435,42435,42435
7011,61772160988,1789006638571919,1789006638573320,74076,0,1,1,42617,42617,42617
7012,61772194297,1789006638605679,1789006638607352,74076,0,1,1,42847,42847,42847
7013,61772227606,1789006638638754,1789006638640801,74076,0,1,1,42559,42559,42559
7014,61772260914,1789006638671820,1789006638673241,74076,0,1,1,43207,43207,43207
7015,61772294223,1789006638705634,1789006638707422,74076,0,1,1,43008,43008,43008
7016,61772327531,1789006638738947,1789006638740990,74076,0,1,1,42445,42445,42445
7017,61772360840,1789006638771800,1789006638773241,74076,0,1,1,42439,42439,42439
7018,61772394149,1789006638805236,1789006638806620,74076,0,1,1,42411,42411,42411
7019,61772427457,1789006638838754,1789006638841037,74076,0,1,1,42424,42424,42424
7020,61772460766,1789006638871647,1789006638873080,74076,0,1,1,42475,42475,42475
7021,61772494074,1789006638904944,1789006638906655,74076,0,1,1,43053,43053,43053
7022,61772527383,1789006638938583,1789006638940715,74076,0,1,1,43261,43261,43261
7023,61772560692,1789006638971629,1789006638973026,74076,0,1,1,43232,43232,43232
7024,61772594000,1789006639004860,1789006639006352,74076,0,1,1,42999,42999,42999
7025,61772627309,1789006639038592,1789006639040796,74076,0,1,1,43119,43119,43119
7026,61772660617,1789006639071546,1789006639073005,74076,0,1,1,42439,42439,42439
7027,61772693926,1789006639104784,1789006639106261,74076,0,1,1,43102,43102,43102
7028,61772727235,1789006639138692,1789006639140815,74076,0,1,1,43190,43190,43190
7029,61772760543,1789006639171644,1789006639172984,74076,0,1,1,42515,42515,42515
7030,61772793852,1789006639204678,1789006639206298,74076,0,1,1,42373,42373,42373
7031,61772827160,1789006639238369,1789006639240545,74076,0,1,1,42457,42457,42457
7032,61772860469,1789006639271389,1789006639272793,74076,0,1,1,42552,42552,42552
7033,61772893778,1789006639304711,1789006639306092,74076,0,1,1,42461,42461,42461
7034,61772927086,1789006639339183,1789006639340465,74076,0,1,1,42711,42711,42711
7035,61772960395,1789006639371337,1789006639372878,74076,0,1,1,43240,43240,43240
7036,61772993703,1789006639404609,1789006639406000,74076,0,1,1,42491,42491,42491
7037,61773027012,1789006639437898,1789006639439588,74076,0,1,1,42534,42534,42534
7038,61773060321,1789006639471208,1789006639472809,74076,0,1,1,43105,43105,43105
7039,61773093629,1789006639504511,1789006639505949,74076,0,1,1,42344,42344,42344
7040,61773126938,1789006639537931,1789006639539445,74076,0,1,1,42438,42438,42438
7041,61773160246,1789006639571211,1789006639572731,74076,0,1,1,42535,42535,42535
7042,61773193555,1789006639604473,1789006639605888,74076,0,1,1,42465,42465,42465
7043,61773226864,1789006639638095,1789006639640435,74076,0,1,1,42540,42540,42540
7044,61773260172,1789006639671718,1789006639672743,74076,0,1,1,42541,42541,42541
7045,61773293481,1789006639704372,1789006639705900,74076,0,1,1,43171,43171,43171
7046,61773326789,1789006639737750,1789006639739222,74076,0,1,1,42308,42308,42308
7047,61773360098,1789006639771482,1789006639772947,74076,0,1,1,43225,43225,43225
7048,61773393407,1789006639804292,1789006639805830,74076,0,1,1,42271,42271,42271
7049,61773426715,1789006639837672,1789006639839080,74076,0,1,1,42283,42283,42283
7050,61773460024,1789006639872076,1789006639873860,74076,0,1,1,42456,42456,42456
7051,61773493332,1789006639904233,1789006639905802,74076,0,1,1,42353,42353,42353
7052,61773526641,1789006639937561,1789006639938889,74076,0,1,1,42237,42237,42237
7053,61773559950,1789006639971248,1789006639973244,74076,0,1,1,43266,43266,43266
7054,61773593258,1789006640004187,1789006640005728,74076,0,1,1,42377,42377,42377
7055,61773626567,1789006640037436,1789006640039013,74076,0,1,1,42364,42364,42364
7056,61773659875,1789006640070714,1789006640072199,74076,0,1,1,42464,42464,42464
7057,61773693184,1789006640104305,1789006640105648,74076,0,1,1,42990,42990,42990
7058,61773726493,1789006640137334,1789006640138933,74076,0,1,1,42437,42437,42437
7059,61773759801,1789006640170722,1789006640172462,74076,0,1,1,42301,42301,42301
7060,61773793110,1789006640203973,1789006640205483,74076,0,1,1,43045,43045,43045
7061,61773826418,1789006640237311,1789006640238852,74076,0,1,1,43045,43045,43045
7062,61773859727,1789006640271116,1789006640273040,74076,0,1,1,43199,43199,43199
7063,61773893036,1789006640304011,1789006640305411,74076,0,1,1,43097,43097,43097
7064,61773926344,1789006640337272,1789006640338953,74076,0,1,1,42497,42497,42497
7065,61773959653,1789006640370678,1789006640372125,74076,0,1,1,43213,43213,43213
7066,61773992961,1789006640403810,1789006640405229,74076,0,1,1,42393,42393,42393
7067,61774026270,1789006640437244,1789006640438745,74076,0,1,1,43082,43082,43082
7068,61774059579,1789006640470501,1789006640472254,74076,0,1,1,42406,42406,42406
7069,61774092887,1789006640503821,1789006640505367,74076,0,1,1,43121,43121,43121
7070,61774126196,1789006640537054,1789006640538686,74076,0,1,1,43220,43220,43220
7071,61774159504,1789006640571125,1789006640572103,74076,0,1,1,43014,43014,43014
7072,61774192813,1789006640603699,1789006640605231,74076,0,1,1,43195,43195,43195
7073,61774226122,1789006640637026,1789006640638544,74076,0,1,1,42326,42326,42326
7074,61774259430,1789006640671062,1789006640671944,74076,0,1,1,42441,42441,42441
7075,61774292739,1789006640703708,1789006640705095,74076,0,1,1,42239,42239,42239
7076,61774326047,1789006640737045,1789006640738436,74076,0,1,1,42398,42398,42398
7077,61774359356,1789006640771115,1789006640772456,74076,0,1,1,42890,42890,42890
7078,61774392665,1789006640803661,1789006640805061,74076,0,1,1,42980,42980,42980
7079,61774425973,1789006640836890,1789006640838300,74076,0,1,1,42414,42414,42414
7080,61774459282,1789006640870480,1789006640872960,74076,0,1,1,42538,42538,42538
7081,61774492590,1789006640904081,1789006640905483,74076,0,1,1,43265,43265,43265
7082,61774525899,1789006640936747,1789006640938306,74076,0,1,1,42442,42442,42442
7083,61774559208,1789006640972880,1789006640973583,74076,0,1,1,43247,43247,43247
7084,61774592516,1789006641003858,1789006641005547,74076,0,1,1,43319,43319,43319
7085,61774625825,1789006641036985,1789006641038378,74076,0,1,1,42490,42490,42490
7086,61774659133,1789006641070769,1789006641071782,74076,0,1,1,42466,42466,42466
7087,61774692442,1789006641103831,1789006641105502,74076,0,1,1,43227,43227,43227
7088,61774725751,1789006641136664,1789006641138124,74076,0,1,1,43077,43077,43077
7089,61774759059,1789006641170027,1789006641172076,74076,0,1,1,43271,43271,43271
7090,61774792368,1789006641204078,1789006641205591,74076,0,1,1,42546,42546,42546
7091,61774825676,1789006641236573,1789006641238035,74076,0,1,1,43165,43165,43165
7092,61774858985,1789006641270026,1789006641271764,74076,0,1,1,43168,43168,43168
7093,61774892294,1789006641304228,1789006641305802,74076,0,1,1,43267,43267,43267
7094,61774925602,1789006641336541,1789006641338007,74076,0,1,1,43222,43222,43222
7095,61774958911,1789006641369903,1789006641371846,74076,0,1,1,42397,42397,42397
7096,61774992219,1789006641403597,1789006641406030,74076,0,1,1,43155,43155,43155
7097,61775025528,1789006641436439,1789006641437964,74076,0,1,1,42409,42409,42409
7098,61775058837,1789006641470542,1789006641471644,74076,0,1,1,42591,42591,42591
7099,61775092145,1789006641503153,1789006641505069,74076,0,1,1,42391,42391,42391
7100,61775125454,1789006641536400,1789006641537900,74076,0,1,1,43062,43062,43062
7101,61775158762,1789006641569672,1789006641571271,74076,0,1,1,43162,43162,43162
7102,61775192071,1789006641602944,1789006641604988,74076,0,1,1,43145,43145,43145
7103,61775225380,1789006641636338,1789006641637959,74076,0,1,1,43106,43106,43106
7104,61775258688,1789006641670335,1789006641671306,74076,0,1,1,43158,43158,43158
7105,61775291997,1789006641703471,1789006641705180,74076,0,1,1,42408,42408,42408
7106,61775325305,1789006641736202,1789006641737871,74076,0,1,1,43066,43066,43066
7107,61775358614,1789006641769463,1789006641771091,74076,0,1,1,43130,43130,43130
7108,61775391923,1789006641802864,1789006641804256,74076,0,1,1,42528,42528,42528
7109,61775425231,1789006641836488,1789006641837776,74076,0,1,1,42424,42424,42424
7110,61775458540,1789006641869492,1789006641871032,74076,0,1,1,42500,42500,42500
7111,61775491848,1789006641902903,1789006641904290,74076,0,1,1,42442,42442,42442
7112,61775525157,1789006641936093,1789006641937967,74076,0,1,1,43076,43076,43076
7113,61775558466,1789006641969308,1789006641970781,74076,0,1,1,42390,42390,42390
7114,61775591774,1789006642002859,1789006642004605,74076,0,1,1,42479,42479,42479
7115,61775625083,1789006642035872,1789006642037993,74076,0,1,1,42111,42111,42111
7116,61775658391,1789006642069258,1789006642071529,74076,0,1,1,42347,42347,42347
7117,61775691700,1789006642102685,1789006642104085,74076,0,1,1,42316,42316,42316
7118,61775725009,1789006642136399,1789006642137983,74076,0,1,1,42336,42336,42336
7119,61775758317,1789006642169166,1789006642170783,74076,0,1,1,42468,42468,42468
7120,61775791626,1789006642202533,1789006642204215,74076,0,1,1,42587,42587,42587
7121,61775824934,1789006642237488,1789006642238433,74076,0,1,1,43080,43080,43080
7122,61775858243,1789006642269118,1789006642270611,74076,0,1,1,42277,42277,42277
7123,61775891552,1789006642302532,1789006642304001,74076,0,1,1,42463,42463,42463
7124,61775924860,1789006642335767,1789006642338084,74076,0,1,1,42373,42373,42373
7125,61775958169,1789006642369072,1789006642370587,74076,0,1,1,42414,42414,42414
7126,61775991477,1789006642402392,1789006642403868,74076,0,1,1,42466,42466,42466
7127,61776024786,1789006642435740,1789006642438042,74076,0,1,1,43370,43370,43370
7128,61776058095,1789006642469004,1789006642470438,74076,0,1,1,42535,42535,42535
7129,61776091403,1789006642502380,1789006642503803,74076,0,1,1,42912,42912,42912
7130,61776124712,1789006642535611,1789006642538202,74076,0,1,1,42283,42283,42283
7131,61776158020,1789006642568966,1789006642570539,74076,0,1,1,42396,42396,42396
7132,61776191329,1789006642602213,1789006642603705,74076,0,1,1,42359,42359,42359
7133,61776224638,1789006642636360,1789006642638021,74076,0,1,1,43065,43065,43065
7134,61776257946,1789006642668871,1789006642670395,74076,0,1,1,42461,42461,42461
7135,61776291255,1789006642702226,1789006642703687,74076,0,1,1,42416,42416,42416
7136,61776324563,1789006642735440,1789006642738159,74076,0,1,1,43249,43249,43249
7137,61776357872,1789006642768752,1789006642770167,74076,0,1,1,43060,43060,43060
7138,61776391181,1789006642802120,1789006642803528,74076,0,1,1,42445,42445,42445
7139,61776424489,1789006642835897,1789006642838074,74076,0,1,1,42403,42403,42403
7140,61776457798,1789006642868753,1789006642870218,74076,0,1,1,43082,43082,43082
7141,61776491106,1789006642902146,1789006642903504,74076,0,1,1,42527,42527,42527
7142,61776524415,1789006642935488,1789006642937510,74076,0,1,1,42527,42527,42527
7143,61776557724,1789006642968647,1789006642970204,74076,0,1,1,42503,42503,42503
7144,61776591032,1789006643001997,1789006643003388,74076,0,1,1,43194,43194,43194
7145,61776624341,1789006643036776,1789006643038352,74076,0,1,1,43173,43173,43173
7146,61776657649,1789006643072424,1789006643075441,74076,0,1,1,43207,43207,43207
7147,61776690958,1789006643102011,1789006643103422,74076,0,1,1,42544,42544,42544
7148,61776724267,1789006643135239,1789006643137999,74076,0,1,1,43124,43124,43124
7149,61776757575,1789006643168874,1789006643170698,74076,0,1,1,43103,43103,43103
7150,61776790884,1789006643201832,1789006643203278,74076,0,1,1,42313,42313,42313
7151,61776824192,1789006643235105,1789006643237470,74076,0,1,1,43182,43182,43182
7152,61776857501,1789006643268811,1789006643270570,74076,0,1,1,42571,42571,42571
7153,61776890810,1789006643301811,1789006643303245,74076,0,1,1,43218,43218,43218
7154,61776924118,1789006643335109,1789006643336531,74076,0,1,1,42237,42237,42237
7155,61776957427,1789006643368629,1789006643370675,74076,0,1,1,42280,42280,42280
7156,61776990735,1789006643401658,1789006643403084,74076,0,1,1,42209,42209,42209
7157,61777024044,1789006643435022,1789006643436491,74076,0,1,1,42176,42176,42176
7158,61777057353,1789006643468575,1789006643470574,74076,0,1,1,42284,42284,42284
7159,61777090661,1789006643501645,1789006643503045,74076,0,1,1,42432,42432,42432
7160,61777123970,1789006643534971,1789006643536403,74076,0,1,1,42279,42279,42279
7161,61777157278,1789006643568613,1789006643570590,74076,0,1,1,43289,43289,43289
7162,61777190587,1789006643602481,1789006643603559,74076,0,1,1,42564,42564,42564
7163,61777223896,1789006643634896,1789006643636324,74076,0,1,1,43067,43067,43067
7164,61777257204,1789006643668700,1789006643670777,74076,0,1,1,42306,42306,42306
7165,61777290513,1789006643701494,1789006643702834,74076,0,1,1,42197,42197,42197
7166,61777323821,1789006643734702,1789006643736297,74076,0,1,1,42381,42381,42381
7167,61777357130,1789006643768457,1789006643770508,74076,0,1,1,42863,42863,42863
7168,61777390439,1789006643801560,1789006643802879,74076,0,1,1,42599,42599,42599
7169,61777423747,1789006643834891,1789006643836339,74076,0,1,1,42355,42355,42355
7170,61777457056,1789006643868052,1789006643870135,74076,0,1,1,43219,43219,43219
7171,61777490364,1789006643901352,1789006643902649,74076,0,1,1,43116,43116,43116
7172,61777523673,1789006643934573,1789006643936075,74076,0,1,1,43108,43108,43108
7173,61777556982,1789006643968299,1789006643970318,74076,0,1,1,42292,42292,42292
7174,61777590290,1789006644001271,1789006644002567,74076,0,1,1,43069,43069,43069
7175,61777623599,1789006644034486,1789006644035999,74076,0,1,1,43004,43004,43004
7176,61777656907,1789006644067874,1789006644069250,74076,0,1,1,42150,42150,42150
7177,61777690216,1789006644101240,1789006644102582,74076,0,1,1,43234,43234,43234
7178,61777723525,1789006644134436,1789006644135874,74076,0,1,1,43269,43269,43269
7179,61777756833,1789006644167809,1789006644169185,74076,0,1,1,43128,43128,43128
7180,61777790142,1789006644201237,1789006644202660,74076,0,1,1,42401,42401,42401
7181,61777823450,1789006644234356,1789006644235810,74076,0,1,1,42484,42484,42484
7182,61777856759,1789006644268669,1789006644270589,74076,0,1,1,42424,42424,42424
7183,61777890068,1789006644301850,1789006644302988,74076,0,1,1,42406,42406,42406
7184,61777923376,1789006644334335,1789006644335803,74076,0,1,1,42395,42395,42395
7185,61777956685,1789006644367564,1789006644369283,74076,0,1,1,42498,42498,42498
7186,61777989993,1789006644401527,1789006644403438,74076,0,1,1,43138,43138,43138
7187,61778023302,1789006644434200,1789006644435756,74076,0,1,1,43183,43183,43183
7188,61778056611,1789006644467505,1789006644468893,74076,0,1,1,42472,42472,42472
7189,61778089919,1789006644501622,1789006644503213,74076,0,1,1,42567,42567,42567
7190,61778123228,1789006644534179,1789006644535632,74076,0,1,1,42570,42570,42570
7191,61778156536,1789006644567449,1789006644568856,74076,0,1,1,43129,43129,43129
7192,61778189845,1789006644601780,1789006644603425,74076,0,1,1,43132,43132,43132
7193,61778223154,1789006644634226,1789006644638071,74076,0,1,1,43022,43022,43022
7194,61778256462,1789006644667372,1789006644668904,74076,0,1,1,42435,42435,42435
7195,61778289771,1789006644701320,1789006644703461,74076,0,1,1,42553,42553,42553
7196,61778323079,1789006644734066,1789006644735518,74076,0,1,1,43338,43338,43338
7197,61778356388,1789006644767353,1789006644768752,74076,0,1,1,43219,43219,43219
7198,61778389697,1789006644801141,1789006644802885,74076,0,1,1,43009,43009,43009
7199,61778423005,1789006644833994,1789006644835437,74076,0,1,1,42467,42467,42467
7200,61778456314,1789006644867340,1789006644868657,74076,0,1,1,42370,42370,42370
7201,61778489622,1789006644901124,1789006644902910,74076,0,1,1,43141,43141,43141
7202,61778522931,1789006644933893,1789006644935328,74076,0,1,1,42474,42474,42474
7203,61778556240,1789006644967277,1789006644968570,74076,0,1,1,43051,43051,43051
7204,61778589548,1789006645001020,1789006645002614,74076,0,1,1,42475,42475,42475
7205,61778622857,1789006645033776,1789006645035211,74076,0,1,1,42507,42507,42507
7206,61778656165,1789006645067191,1789006645068743,74076,0,1,1,43183,43183,43183
7207,61778689474,1789006645101017,1789006645102755,74076,0,1,1,42311,42311,42311
7208,61778722783,1789006645133727,1789006645135171,74076,0,1,1,42479,42479,42479
7209,61778756091,1789006645167213,1789006645168591,74076,0,1,1,42391,42391,42391
7210,61778789400,1789006645200387,1789006645201874,74076,0,1,1,42429,42429,42429
7211,61778822708,1789006645233663,1789006645235061,74076,0,1,1,43086,43086,43086
7212,61778856017,1789006645267079,1789006645268453,74076,0,1,1,43160,43160,43160
7213,61778889326,1789006645300781,1789006645302440,74076,0,1,1,42419,42419,42419
7214,61778922634,1789006645334208,1789006645335165,74076,0,1,1,42483,42483,42483
7215,61778955943,1789006645366884,1789006645368448,74076,0,1,1,42374,42374,42374
7216,61778989251,1789006645400233,1789006645401780,74076,0,1,1,43267,43267,43267
7217,61779022560,1789006645433938,1789006645435420,74076,0,1,1,43098,43098,43098
7218,61779055869,1789006645467239,1789006645468232,74076,0,1,1,42463,42463,42463
7219,61779089177,1789006645500934,1789006645502548,74076,0,1,1,43197,43197,43197
7220,61779122486,1789006645533922,1789006645535593,74076,0,1,1,43367,43367,43367
7221,61779155794,1789006645566662,1789006645568572,74076,0,1,1,43015,43015,43015
7222,61779189103,1789006645600095,1789006645601644,74076,0,1,1,42364,42364,42364
7223,61779222412,1789006645633768,1789006645635687,74076,0,1,1,43229,43229,43229
7224,61779255720,1789006645667608,1789006645668775,74076,0,1,1,42387,42387,42387
7225,61779289029,1789006645700083,1789006645701450,74076,0,1,1,42384,42384,42384
7226,61779322337,1789006645733791,1789006645736679,74076,0,1,1,43077,43077,43077
7227,61779355646,1789006645766523,1789006645768139,74076,0,1,1,42435,42435,42435
7228,61779388955,1789006645799887,1789006645801537,74076,0,1,1,43107,43107,43107
7229,61779422263,1789006645833725,1789006645835362,74076,0,1,1,42534,42534,42534
7230,61779455572,1789006645866483,1789006645868006,74076,0,1,1,43054,43054,43054
7231,61779488880,1789006645899979,1789006645901375,74076,0,1,1,43288,43288,43288
7232,61779522189,1789006645933215,1789006645935453,74076,0,1,1,42363,42363,42363
7233,61779555498,1789006645966424,1789006645967955,74076,0,1,1,43137,43137,43137
7234,61779588806,1789006645999729,1789006646001131,74076,0,1,1,42358,42358,42358
7235,61779622115,1789006646033087,1789006646034587,74076,0,1,1,42367,42367,42367
7236,61779655423,1789006646066383,1789006646067945,74076,0,1,1,42260,42260,42260
7237,61779688732,1789006646099763,1789006646101131,74076,0,1,1,43035,43035,43035
7238,61779722041,1789006646133021,1789006646134484,74076,0,1,1,42340,42340,42340
7239,61779755349,1789006646166273,1789006646167872,74076,0,1,1,42535,42535,42535
7240,61779788658,1789006646199573,1789006646201204,74076,0,1,1,43132,43132,43132
7241,61779821966,1789006646233160,1789006646235302,74076,0,1,1,42551,42551,42551
7242,61779855275,1789006646266243,1789006646267827,74076,0,1,1,42410,42410,42410
7243,61779888584,1789006646299612,1789006646300998,74076,0,1,1,43119,43119,43119
7244,61779921892,1789006646333223,1789006646335476,74076,0,1,1,42318,42318,42318
7245,61779955201,1789006646366211,1789006646367631,74076,0,1,1,43195,43195,43195
7246,61779988509,1789006646399468,1789006646400982,74076,0,1,1,43247,43247,43247
7247,61780021818,1789006646433247,1789006646434859,74076,0,1,1,43191,43191,43191
7248,61780055127,1789006646466306,1789006646467974,74076,0,1,1,42250,42250,42250
7249,61780088435,1789006646499618,1789006646501184,74076,0,1,1,43120,43120,43120
7250,61780121744,1789006646533275,1789006646535042,74076,0,1,1,43213,43213,43213
7251,61780155052,1789006646567260,1789006646568635,74076,0,1,1,42379,42379,42379
7252,61780188361,1789006646599347,1789006646600825,74076,0,1,1,42390,42390,42390
7253,61780221670,1789006646632627,1789006646634040,74076,0,1,1,42534,42534,42534
7254,61780254978,1789006646666332,1789006646668691,74076,0,1,1,42430,42430,42430
7255,61780288287,1789006646699519,1789006646701041,74076,0,1,1,43296,43296,43296
7256,61780321595,1789006646732620,1789006646734014,74076,0,1,1,42416,42416,42416
7257,61780354904,1789006646766218,1789006646768253,74076,0,1,1,43104,43104,43104
7258,61780388213,1789006646799196,1789006646800731,74076,0,1,1,43076,43076,43076
7259,61780421521,1789006646832486,1789006646834003,74076,0,1,1,42443,42443,42443
7260,61780454830,1789006646866259,1789006646867873,74076,0,1,1,43167,43167,43167
7261,61780488138,1789006646899459,1789006646901024,74076,0,1,1,43051,43051,43051
7262,61780521447,1789006646932464,1789006646934120,74076,0,1,1,43263,43263,43263
7263,61780554756,1789006646966186,1789006646967875,74076,0,1,1,42553,42553,42553
7264,61780588064,1789006646999302,1789006647000529,74076,0,1,1,42358,42358,42358
7265,61780621373,1789006647032486,1789006647033997,74076,0,1,1,43289,43289,43289
7266,61780654681,1789006647066060,1789006647067851,74076,0,1,1,42895,42895,42895
7267,61780687990,1789006647099201,1789006647100409,74076,0,1,1,42455,42455,42455
7268,61780721299,1789006647132319,1789006647133805,74076,0,1,1,42457,42457,42457
7269,61780754607,1789006647165967,1789006647167503,74076,0,1,1,43103,43103,43103
7270,61780787916,1789006647198936,1789006647200242,74076,0,1,1,42389,42389,42389
7271,61780821224,1789006647236909,1789006647237410,74076,0,1,1,42527,42527,42527
7272,61780854533,1789006647265490,1789006647266888,74076,0,1,1,42463,42463,42463
7273,61780887842,1789006647298946,1789006647300268,74076,0,1,1,42283,42283,42283
7274,61780921150,1789006647332192,1789006647333671,74076,0,1,1,43088,43088,43088
7275,61780954459,1789006647365430,1789006647366783,74076,0,1,1,43113,43113,43113
7276,61780987767,1789006647398770,1789006647400075,74076,0,1,1,42962,42962,42962
7277,61781021076,1789006647432458,1789006647433488,74076,0,1,1,42407,42407,42407
7278,61781054385,1789006647465753,1789006647467303,74076,0,1,1,42316,42316,42316
7279,61781087693,1789006647498902,1789006647500282,74076,0,1,1,42342,42342,42342
7280,61781121002,1789006647531999,1789006647533411,74076,0,1,1,43319,43319,43319
7281,61781154310,1789006647565277,1789006647566729,74076,0,1,1,43005,43005,43005
7282,61781187619,1789006647598716,1789006647600101,74076,0,1,1,43199,43199,43199
7283,61781220928,1789006647631949,1789006647633291,74076,0,1,1,42981,42981,42981
7284,61781254236,1789006647665196,1789006647667384,74076,0,1,1,42303,42303,42303
7285,61781287545,1789006647699143,1789006647700541,74076,0,1,1,42298,42298,42298
7286,61781320853,1789006647731894,1789006647733344,74076,0,1,1,42601,42601,42601
7287,61781354162,1789006647765083,1789006647766506,74076,0,1,1,43014,43014,43014
7288,61781387471,1789006647798896,1789006647800890,74076,0,1,1,42917,42917,42917
7289,61781420779,1789006647831809,1789006647833231,74076,0,1,1,42276,42276,42276
7290,61781454088,1789006647865057,1789006647866334,74076,0,1,1,42316,42316,42316
7291,61781487396,1789006647899055,1789006647900533,74076,0,1,1,42132,42132,42132
7292,61781520705,1789006647931734,1789006647933166,74076,0,1,1,43103,43103,43103
7293,61781554014,1789006647964989,1789006647966254,74076,0,1,1,42451,42451,42451
7294,61781587322,1789006647999252,1789006648000862,74076,0,1,1,42387,42387,42387
7295,61781620631,1789006648031697,1789006648032980,74076,0,1,1,43213,43213,43213
7296,61781653939,1789006648064925,1789006648066285,74076,0,1,1,42483,42483,42483
7297,61781687248,1789006648098165,1789006648099806,74076,0,1,1,43034,43034,43034
7298,61781720557,1789006648131568,1789006648133012,74076,0,1,1,42809,42809,42809
7299,61781753865,1789006648164815,1789006648166290,74076,0,1,1,43052,43052,43052
7300,61781787174,1789006648198566,1789006648200352,74076,0,1,1,42460,42460,42460
7301,61781820482,1789006648231536,1789006648232893,74076,0,1,1,43121,43121,43121
7302,61781853791,1789006648264885,1789006648266244,74076,0,1,1,43214,43214,43214
7303,61781887100,1789006648298086,1789006648299469,74076,0,1,1,42387,42387,42387
7304,61781920408,1789006648331955,1789006648332910,74076,0,1,1,42467,42467,42467
7305,61781953717,1789006648364784,1789006648366208,74076,0,1,1,42397,42397,42397
7306,61781987025,1789006648398046,1789006648400071,74076,0,1,1,43092,43092,43092
7307,61782020334,1789006648431346,1789006648432820,74076,0,1,1,42419,42419,42419
7308,61782053643,1789006648464629,1789006648466073,74076,0,1,1,42974,42974,42974
7309,61782086951,1789006648498366,1789006648500065,74076,0,1,1,43110,43110,43110
7310,61782120260,1789006648531233,1789006648532771,74076,0,1,1,43081,43081,43081
7311,61782153568,1789006648564532,1789006648566003,74076,0,1,1,42170,42170,42170
7312,61782186877,1789006648597953,1789006648599243,74076,0,1,1,43227,43227,43227
7313,61782220186,1789006648631233,1789006648632589,74076,0,1,1,42488,42488,42488
7314,61782253494,1789006648664482,1789006648665878,74076,0,1,1,42449,42449,42449
7315,61782286803,1789006648697775,1789006648699189,74076,0,1,1,42397,42397,42397
7316,61782320111,1789006648731295,1789006648732663,74076,0,1,1,42900,42900,42900
7317,61782353420,1789006648764433,1789006648765921,74076,0,1,1,42974,42974,42974
7318,61782386729,1789006648798912,1789006648800018,74076,0,1,1,43010,43010,43010
7319,61782420037,1789006648831546,1789006648833057,74076,0,1,1,43044,43044,43044
7320,61782453346,1789006648864386,1789006648865858,74076,0,1,1,42389,42389,42389
7321,61782486654,1789006648897673,1789006648899746,74076,0,1,1,43016,43016,43016
7322,61782519963,1789006648931691,1789006648933225,74076,0,1,1,43120,43120,43120
7323,61782553272,1789006648964166,1789006648965700,74076,0,1,1,43170,43170,43170
7324,61782586580,1789006648997557,1789006648999073,74076,0,1,1,43133,43133,43133
7325,61782619889,1789006649031481,1789006649033036,74076,0,1,1,43164,43164,43164
7326,61782653197,1789006649064172,1789006649065617,74076,0,1,1,43002,43002,43002
7327,61782686506,1789006649097478,1789006649099106,74076,0,1,1,42472,42472,42472
7328,61782719815,1789006649131370,1789006649132585,74076,0,1,1,42337,42337,42337
7329,61782753123,1789006649164082,1789006649165534,74076,0,1,1,42428,42428,42428
7330,61782786432,1789006649197485,1789006649198934,74076,0,1,1,43190,43190,43190
7331,61782819740,1789006649231320,1789006649232869,74076,0,1,1,43263,43263,43263
7332,61782853049,1789006649264002,1789006649265452,74076,0,1,1,43146,43146,43146
7333,61782886358,1789006649297316,1789006649298746,74076,0,1,1,43085,43085,43085
7334,61782919666,1789006649331325,1789006649332295,74076,0,1,1,43143,43143,43143
7335,61782952975,1789006649363959,1789006649365323,74076,0,1,1,43078,43078,43078
7336,61782986283,1789006649397534,1789006649398814,74076,0,1,1,43025,43025,43025
7337,61783019592,1789006649431156,1789006649432114,74076,0,1,1,42313,42313,42313
7338,61783052901,1789006649463914,1789006649465430,74076,0,1,1,42427,42427,42427
7339,61783086209,1789006649497142,1789006649498992,74076,0,1,1,42109,42109,42109
7340,61783119518,1789006649530994,1789006649532023,74076,0,1,1,42396,42396,42396
7341,61783152826,1789006649563838,1789006649565294,74076,0,1,1,42943,42943,42943
7342,61783186135,1789006649597028,1789006649598477,74076,0,1,1,43045,43045,43045
7343,61783219444,1789006649631269,1789006649632722,74076,0,1,1,43219,43219,43219
7344,61783252752,1789006649663690,1789006649665171,74076,0,1,1,42325,42325,42325
7345,61783286061,1789006649696984,1789006649698417,74076,0,1,1,42378,42378,42378
7346,61783319369,1789006649730856,1789006649733039,74076,0,1,1,42956,42956,42956
7347,61783352678,1789006649763716,1789006649765138,74076,0,1,1,43157,43157,43157
7348,61783385987,1789006649796900,1789006649798354,74076,0,1,1,42348,42348,42348
7349,61783419295,1789006649831616,1789006649834165,74076,0,1,1,42258,42258,42258
7350,61783452604,1789006649863756,1789006649865094,74076,0,1,1,43092,43092,43092
7351,61783485912,1789006649896919,1789006649898279,74076,0,1,1,42994,42994,42994
7352,61783519221,1789006649932291,1789006649932963,74076,0,1,1,42326,42326,42326
7353,61783552530,1789006649963920,1789006649965369,74076,0,1,1,43151,43151,43151
7354,61783585838,1789006649996832,1789006649998266,74076,0,1,1,42912,42912,42912
7355,61783619147,1789006650030218,1789006650032030,74076,0,1,1,43264,43264,43264
7356,61783652455,1789006650063462,1789006650064965,74076,0,1,1,42319,42319,42319
7357,61783685764,1789006650096751,1789006650098186,74076,0,1,1,43035,43035,43035
7358,61783719073,1789006650130845,1789006650131761,74076,0,1,1,42458,42458,42458
7359,61783752381,1789006650163752,1789006650165851,74076,0,1,1,43147,43147,43147
7360,61783785690,1789006650196749,1789006650198219,74076,0,1,1,43115,43115,43115
7361,61783818998,1789006650230748,1789006650231677,74076,0,1,1,42925,42925,42925
7362,61783852307,1789006650263339,1789006650265547,74076,0,1,1,42293,42293,42293
7363,61783885616,1789006650296635,1789006650298146,74076,0,1,1,43129,43129,43129
7364,61783918924,1789006650330616,1789006650331554,74076,0,1,1,43184,43184,43184
7365,61783952233,1789006650363718,1789006650365328,74076,0,1,1,43073,43073,43073
7366,61783985541,1789006650396471,1789006650398144,74076,0,1,1,42486,42486,42486
7367,61784018850,1789006650430607,1789006650431642,74076,0,1,1,42525,42525,42525
7368,61784052159,1789006650463695,1789006650465221,74076,0,1,1,42488,42488,42488
7369,61784085467,1789006650496351,1789006650498122,74076,0,1,1,42293,42293,42293
7370,61784118776,1789006650530508,1789006650531417,74076,0,1,1,42271,42271,42271
7371,61784152084,1789006650563573,1789006650565087,74076,0,1,1,42500,42500,42500
7372,61784185393,1789006650596301,1789006650597828,74076,0,1,1,43117,43117,43117
7373,61784218702,1789006650629746,1789006650631853,74076,0,1,1,43113,43113,43113
7374,61784252010,1789006650663565,1789006650665098,74076,0,1,1,42425,42425,42425
7375,61784285319,1789006650696290,1789006650697722,74076,0,1,1,42999,42999,42999
7376,61784318627,1789006650729655,1789006650731546,74076,0,1,1,42333,42333,42333
7377,61784351936,1789006650763492,1789006650765028,74076,0,1,1,42423,42423,42423
7378,61784385245,1789006650796260,1789006650797722,74076,0,1,1,43166,43166,43166
7379,61784418553,1789006650829490,1789006650831068,74076,0,1,1,43153,43153,43153
7380,61784451862,1789006650863553,1789006650865012,74076,0,1,1,42338,42338,42338
7381,61784485170,1789006650901543,1789006650901898,74076,0,1,1,42384,42384,42384
7382,61784518479,1789006650929831,1789006650931565,74076,0,1,1,42359,42359,42359
7383,61784551788,1789006650962807,1789006650964745,74076,0,1,1,42420,42420,42420
7384,61784585096,1789006650996896,1789006650997871,74076,0,1,1,43343,43343,43343
7385,61784618405,1789006651029408,1789006651031806,74076,0,1,1,43088,43088,43088
7386,61784651713,1789006651062770,1789006651064660,74076,0,1,1,42930,42930,42930
7387,61784685022,1789006651096577,1789006651098056,74076,0,1,1,43062,43062,43062
7388,61784718331,1789006651129393,1789006651131334,74076,0,1,1,43130,43130,43130
7389,61784751639,1789006651162645,1789006651164068,74076,0,1,1,43143,43143,43143
7390,61784784948,1789006651196531,1789006651198214,74076,0,1,1,43268,43268,43268
7391,61784818256,1789006651229362,1789006651231178,74076,0,1,1,42425,42425,42425
7392,61784851565,1789006651262587,1789006651263934,74076,0,1,1,43055,43055,43055
7393,61784884874,1789006651295914,1789006651297889,74076,0,1,1,42873,42873,42873
7394,61784918182,1789006651329289,1789006651330606,74076,0,1,1,42881,42881,42881
7395,61784951491,1789006651362655,1789006651363858,74076,0,1,1,42469,42469,42469
7396,61784984799,1789006651395817,1789006651397394,74076,0,1,1,42927,42927,42927
7397,61785018108,1789006651429161,1789006651430758,74076,0,1,1,42227,42227,42227
7398,61785051417,1789006651462408,1789006651464257,74076,0,1,1,42239,42239,42239
7399,61785084725,1789006651495781,1789006651497879,74076,0,1,1,43004,43004,43004
7400,61785118034,1789006651529120,1789006651530583,74076,0,1,1,42418,42418,42418
7401,61785151342,1789006651562276,1789006651563796,74076,0,1,1,42943,42943,42943
7402,61785184651,1789006651596168,1789006651597524,74076,0,1,1,42165,42165,42165
7403,61785217960,1789006651629048,1789006651630585,74076,0,1,1,42401,42401,42401
7404,61785251268,1789006651662318,1789006651663735,74076,0,1,1,43102,43102,43102
7405,61785284577,1789006651695508,1789006651698230,74076,0,1,1,43013,43013,43013
7406,61785317885,1789006651728986,1789006651730368,74076,0,1,1,43091,43091,43091
7407,61785351194,1789006651762151,1789006651763612,74076,0,1,1,42427,42427,42427
7408,61785384503,1789006651795612,1789006651796794,74076,0,1,1,42403,42403,42403
7409,61785417811,1789006651828913,1789006651830364,74076,0,1,1,43098,43098,43098
7410,61785451120,1789006651862163,1789006651863541,74076,0,1,1,42426,42426,42426
7411,61785484428,1789006651895410,1789006651896769,74076,0,1,1,43002,43002,43002
7412,61785517737,1789006651929680,1789006651930650,74076,0,1,1,42995,42995,42995
7413,61785551046,1789006651962088,1789006651963460,74076,0,1,1,42942,42942,42942
7414,61785584354,1789006651995333,1789006651996683,74076,0,1,1,42211,42211,42211
7415,61785617663,1789006652029144,1789006652030375,74076,0,1,1,43077,43077,43077
7416,61785650971,1789006652062051,1789006652063468,74076,0,1,1,42384,42384,42384
7417,61785684280,1789006652095292,1789006652096852,74076,0,1,1,43038,43038,43038
7418,61785717589,1789006652129024,1789006652130672,74076,0,1,1,43135,43135,43135
7419,61785750897,1789006652162072,1789006652163296,74076,0,1,1,43119,43119,43119
7420,61785784206,1789006652195137,1789006652196603,74076,0,1,1,42891,42891,42891
7421,61785817514,1789006652229025,1789006652230329,74076,0,1,1,43008,43008,43008
7422,61785850823,1789006652261850,1789006652263533,74076,0,1,1,43089,43089,43089
7423,61785884132,1789006652295198,1789006652296658,74076,0,1,1,42157,42157,42157
7424,61785917440,1789006652328897,1789006652330417,74076,0,1,1,43023,43023,43023
7425,61785950749,1789006652361721,1789006652363139,74076,0,1,1,43186,43186,43186
7426,61785984057,1789006652395094,1789006652396590,74076,0,1,1,43142,43142,43142
7427,61786017366,1789006652428872,1789006652430430,74076,0,1,1,42429,42429,42429
7428,61786050675,1789006652463857,1789006652466931,74076,0,1,1,42237,42237,42237
7429,61786083983,1789006652495038,1789006652496456,74076,0,1,1,42441,42441,42441
7430,61786117292,1789006652528403,1789006652529810,74076,0,1,1,42465,42465,42465
7431,61786150600,1789006652561566,1789006652562907,74076,0,1,1,43204,43204,43204
7432,61786183909,1789006652594911,1789006652596416,74076,0,1,1,42562,42562,42562
7433,61786217218,1789006652628795,1789006652630413,74076,0,1,1,43022,43022,43022
7434,61786250526,1789006652661609,1789006652662879,74076,0,1,1,42428,42428,42428
7435,61786283835,1789006652695163,1789006652696306,74076,0,1,1,43085,43085,43085
7436,61786317143,1789006652728705,1789006652730228,74076,0,1,1,42185,42185,42185
7437,61786350452,1789006652761500,1789006652762853,74076,0,1,1,43029,43029,43029
7438,61786383761,1789006652794739,1789006652796498,74076,0,1,1,42461,42461,42461
7439,61786417069,1789006652828837,1789006652830411,74076,0,1,1,43165,43165,43165
7440,61786450378,1789006652861485,1789006652862704,74076,0,1,1,42488,42488,42488
7441,61786483686,1789006652894662,1789006652896066,74076,0,1,1,42405,42405,42405
7442,61786516995,1789006652928425,1789006652930007,74076,0,1,1,42263,42263,42263
7443,61786550304,1789006652961348,1789006652962748,74076,0,1,1,43213,43213,43213
7444,61786583612,1789006652994619,1789006652995948,74076,0,1,1,42837,42837,42837
7445,61786616921,1789006653028732,1789006653030280,74076,0,1,1,42308,42308,42308
7446,61786650229,1789006653061844,1789006653063517,74076,0,1,1,42435,42435,42435
7447,61786683538,1789006653094545,1789006653096003,74076,0,1,1,42326,42326,42326
7448,61786716847,1789006653129140,1789006653130560,74076,0,1,1,43038,43038,43038
7449,61786750155,1789006653161606,1789006653163371,74076,0,1,1,42479,42479,42479
7450,61786783464,1789006653194457,1789006653195796,74076,0,1,1,42355,42355,42355
7451,61786816772,1789006653227810,1789006653229257,74076,0,1,1,42541,42541,42541
7452,61786850081,1789006653261593,1789006653263079,74076,0,1,1,42457,42457,42457
7453,61786883390,1789006653294448,1789006653295878,74076,0,1,1,43047,43047,43047
7454,61786916698,1789006653327714,1789006653329172,74076,0,1,1,42371,42371,42371
7455,61786950007,1789006653361434,1789006653363496,74076,0,1,1,43081,43081,43081
7456,61786983315,1789006653394334,1789006653395810,74076,0,1,1,42297,42297,42297
7457,61787016624,1789006653427635,1789006653429114,74076,0,1,1,42456,42456,42456
7458,61787049933,1789006653461294,1789006653462986,74076,0,1,1,42317,42317,42317
7459,61787083241,1789006653494329,1789006653495704,74076,0,1,1,43037,43037,43037
7460,61787116550,1789006653527604,1789006653529106,74076,0,1,1,43152,43152,43152
7461,61787149858,1789006653561361,1789006653562859,74076,0,1,1,42552,42552,42552
7462,61787183167,1789006653594278,1789006653595528,74076,0,1,1,42432,42432,42432
7463,61787216476,1789006653627533,1789006653629031,74076,0,1,1,42320,42320,42320
7464,61787249784,1789006653660815,1789006653662107,74076,0,1,1,42530,42530,42530
7465,61787283093,1789006653694167,1789006653695514,74076,0,1,1,42359,42359,42359
7466,61787316401,1789006653727414,1789006653728938,74076,0,1,1,42342,42342,42342
7467,61787349710,1789006653760765,1789006653762911,74076,0,1,1,43162,43162,43162
7468,61787383019,1789006653794062,1789006653795429,74076,0,1,1,42394,42394,42394
7469,61787416327,1789006653827467,1789006653828992,74076,0,1,1,42428,42428,42428
7470,61787449636,1789006653860720,1789006653862012,74076,0,1,1,42398,42398,42398
7471,61787482944,1789006653893991,1789006653895378,74076,0,1,1,42934,42934,42934
7472,61787516253,1789006653927420,1789006653928906,74076,0,1,1,43164,43164,43164
7473,61787549562,1789006653961118,1789006653962561,74076,0,1,1,42160,42160,42160
7474,61787582870,1789006653993929,1789006653995232,74076,0,1,1,42471,42471,42471
7475,61787616179,1789006654027638,1789006654028804,74076,0,1,1,42485,42485,42485
7476,61787649487,1789006654060567,1789006654061946,74076,0,1,1,42677,42677,42677
7477,61787682796,1789006654093860,1789006654095255,74076,0,1,1,42938,42938,42938
7478,61787716105,1789006654127168,1789006654128756,74076,0,1,1,43115,43115,43115
7479,61787749413,1789006654160468,1789006654161933,74076,0,1,1,42379,42379,42379
7480,61787782722,1789006654194169,1789006654195292,74076,0,1,1,43177,43177,43177
7481,61787816030,1789006654227117,1789006654228580,74076,0,1,1,42415,42415,42415
7482,61787849339,1789006654260454,1789006654261892,74076,0,1,1,42335,42335,42335
7483,61787882648,1789006654294236,1789006654296849,74076,0,1,1,42277,42277,42277
7484,61787915956,1789006654326955,1789006654329111,74076,0,1,1,42381,42381,42381
7485,61787949265,1789006654360351,1789006654361882,74076,0,1,1,42312,42312,42312
7486,61787982573,1789006654394273,1789006654395670,74076,0,1,1,43016,43016,43016
7487,61788015882,1789006654426930,1789006654428404,74076,0,1,1,42333,42333,42333
7488,61788049191,1789006654460435,1789006654461810,74076,0,1,1,42956,42956,42956
7489,61788082499,1789006654494026,1789006654496888,74076,0,1,1,42436,42436,42436
7490,61788115808,1789006654526899,1789006654529068,74076,0,1,1,42947,42947,42947
7491,61788149116,1789006654560462,1789006654561649,74076,0,1,1,42459,42459,42459
7492,61788182425,1789006654593879,1789006654595633,74076,0,1,1,42298,42298,42298
7493,61788215734,1789006654626730,1789006654628278,74076,0,1,1,42925,42925,42925
7494,61788249042,1789006654660152,1789006654661524,74076,0,1,1,42036,42036,42036
7495,61788282351,1789006654693874,1789006654695438,74076,0,1,1,42109,42109,42109
7496,61788315659,1789006654726670,1789006654728271,74076,0,1,1,43142,43142,43142
7497,61788348968,1789006654760037,1789006654761440,74076,0,1,1,42471,42471,42471
7498,61788382277,1789006654793798,1789006654795319,74076,0,1,1,43152,43152,43152
7499,61788415585,1789006654826639,1789006654828170,74076,0,1,1,43070,43070,43070
7500,61788448894,1789006654859887,1789006654861459,74076,0,1,1,42458,42458,42458
7501,61788482202,1789006654893724,1789006654895286,74076,0,1,1,42335,42335,42335
7502,61788515511,1789006654926554,1789006654928055,74076,0,1,1,42313,42313,42313
7503,61788548820,1789006654959929,1789006654961316,74076,0,1,1,42416,42416,42416
7504,61788582128,1789006654993177,1789006654994681,74076,0,1,1,43078,43078,43078
7505,61788615437,1789006655026479,1789006655027984,74076,0,1,1,42441,42441,42441
7506,61788648745,1789006655060002,1789006655061704,74076,0,1,1,42122,42122,42122
7507,61788682054,1789006655093435,1789006655094490,74076,0,1,1,43089,43089,43089
7508,61788715363,1789006655126388,1789006655128160,74076,0,1,1,42938,42938,42938
7509,61788748671,1789006655159724,1789006655161130,74076,0,1,1,43181,43181,43181
7510,61788781980,1789006655193047,1789006655194353,74076,0,1,1,42978,42978,42978
7511,61788815288,1789006655226464,1789006655228007,74076,0,1,1,42385,42385,42385
7512,61788848597,1789006655259702,1789006655261071,74076,0,1,1,43063,43063,43063
7513,61788881906,1789006655292996,1789006655295123,74076,0,1,1,42432,42432,42432
7514,61788915214,1789006655326594,1789006655329006,74076,0,1,1,42310,42310,42310
7515,61788948523,1789006655359626,1789006655360986,74076,0,1,1,43215,43215,43215
7516,61788981831,1789006655392961,1789006655394861,74076,0,1,1,42366,42366,42366
7517,61789015140,1789006655426631,1789006655428987,74076,0,1,1,42237,42237,42237
7518,61789048449,1789006655459632,1789006655461045,74076,0,1,1,42478,42478,42478
7519,61789081757,1789006655492880,1789006655494163,74076,0,1,1,43270,43270,43270
7520,61789115066,1789006655526048,1789006655528436,74076,0,1,1,43294,43294,43294
7521,61789148374,1789006655559427,1789006655560980,74076,0,1,1,42480,42480,42480
7522,61789181683,1789006655592773,1789006655594085,74076,0,1,1,43214,43214,43214
7523,61789214992,1789006655626386,1789006655628112,74076,0,1,1,42354,42354,42354
7524,61789248300,1789006655659617,1789006655660746,74076,0,1,1,43009,43009,43009
7525,61789281609,1789006655692713,1789006655694082,74076,0,1,1,42544,42544,42544
7526,61789314917,1789006655726381,1789006655727988,74076,0,1,1,42405,42405,42405
7527,61789348226,1789006655759307,1789006655760794,74076,0,1,1,42475,42475,42475
7528,61789381535,1789006655792625,1789006655794042,74076,0,1,1,42458,42458,42458
7529,61789414843,1789006655826424,1789006655827924,74076,0,1,1,42570,42570,42570
7530,61789448152,1789006655859591,1789006655860596,74076,0,1,1,42426,42426,42426
7531,61789481460,1789006655892602,1789006655893905,74076,0,1,1,43146,43146,43146
7532,61789514769,1789006655925783,1789006655927993,74076,0,1,1,43057,43057,43057
7533,61789548078,1789006655959288,1789006655960491,74076,0,1,1,42479,42479,42479
7534,61789581386,1789006655992500,1789006655993940,74076,0,1,1,42501,42501,42501
7535,61789614695,1789006656026210,1789006656027886,74076,0,1,1,42987,42987,42987
7536,61789648003,1789006656059138,1789006656060524,74076,0,1,1,42522,42522,42522
7537,61789681312,1789006656095576,1789006656099278,74076,0,1,1,42445,42445,42445
7538,61789714621,1789006656126168,1789006656127884,74076,0,1,1,43010,43010,43010
7539,61789747929,1789006656159058,1789006656160386,74076,0,1,1,42460,42460,42460
7540,61789781238,1789006656192312,1789006656193698,74076,0,1,1,42399,42399,42399
7541,61789814546,1789006656226031,1789006656227889,74076,0,1,1,43118,43118,43118
7542,61789847855,1789006656259056,1789006656260477,74076,0,1,1,42520,42520,42520
7543,61789881164,1789006656292232,1789006656293556,74076,0,1,1,42497,42497,42497
7544,61789914472,1789006656325520,1789006656327040,74076,0,1,1,43188,43188,43188
7545,61789947781,1789006656359289,1789006656360345,74076,0,1,1,43138,43138,43138
7546,61789981089,1789006656392178,1789006656393543,74076,0,1,1,42497,42497,42497
7547,61790014398,1789006656425973,1789006656427603,74076,0,1,1,43031,43031,43031
7548,61790047707,1789006656459390,1789006656461083,74076,0,1,1,43068,43068,43068
7549,61790081015,1789006656492099,1789006656493433,74076,0,1,1,42171,42171,42171
7550,61790114324,1789006656525562,1789006656526980,74076,0,1,1,42354,42354,42354
7551,61790147632,1789006656558996,1789006656561212,74076,0,1,1,43093,43093,43093
7552,61790180941,1789006656592070,1789006656593463,74076,0,1,1,43118,43118,43118
7553,61790214250,1789006656625473,1789006656626593,74076,0,1,1,42381,42381,42381
7554,61790247558,1789006656659111,1789006656660767,74076,0,1,1,42485,42485,42485
7555,61790280867,1789006656691991,1789006656693295,74076,0,1,1,42238,42238,42238
7556,61790314175,1789006656725149,1789006656726644,74076,0,1,1,43079,43079,43079
7557,61790347484,1789006656759011,1789006656760560,74076,0,1,1,43215,43215,43215
7558,61790380793,1789006656791892,1789006656793325,74076,0,1,1,43106,43106,43106
7559,61790414101,1789006656825135,1789006656826565,74076,0,1,1,43040,43040,43040
7560,61790447410,1789006656858840,1789006656860328,74076,0,1,1,43022,43022,43022
7561,61790480718,1789006656891833,1789006656893242,74076,0,1,1,42402,42402,42402
7562,61790514027,1789006656925094,1789006656926513,74076,0,1,1,42344,42344,42344
7563,61790547336,1789006656958613,1789006656961198,74076,0,1,1,43020,43020,43020
7564,61790580644,1789006656991745,1789006656993149,74076,0,1,1,43264,43264,43264
7565,61790613953,1789006657024954,1789006657026387,74076,0,1,1,42271,42271,42271
7566,61790647261,1789006657058296,1789006657060049,74076,0,1,1,43089,43089,43089
7567,61790680570,1789006657091841,1789006657093083,74076,0,1,1,43280,43280,43280
7568,61790713879,1789006657125016,1789006657127038,74076,0,1,1,43038,43038,43038
7569,61790747187,1789006657158201,1789006657159637,74076,0,1,1,42317,42317,42317
7570,61790780496,1789006657191665,1789006657193127,74076,0,1,1,42574,42574,42574
7571,61790813804,1789006657224880,1789006657226334,74076,0,1,1,42413,42413,42413
7572,61790847113,1789006657258155,1789006657259697,74076,0,1,1,42986,42986,42986
7573,61790880422,1789006657291785,1789006657292894,74076,0,1,1,42299,42299,42299
7574,61790913730,1789006657324855,1789006657326268,74076,0,1,1,42108,42108,42108
7575,61790947039,1789006657358522,1789006657360198,74076,0,1,1,42306,42306,42306
7576,61790980347,1789006657391509,1789006657392979,74076,0,1,1,43043,43043,43043
7577,61791013656,1789006657424753,1789006657426142,74076,0,1,1,43128,43128,43128
7578,61791046965,1789006657458598,1789006657460209,74076,0,1,1,42961,42961,42961
7579,61791080273,1789006657491821,1789006657493219,74076,0,1,1,43271,43271,43271
7580,61791113582,1789006657524623,1789006657526112,74076,0,1,1,42967,42967,42967
7581,61791146890,1789006657557995,1789006657560128,74076,0,1,1,42977,42977,42977
7582,61791180199,1789006657591806,1789006657593397,74076,0,1,1,42511,42511,42511
7583,61791213508,1789006657624522,1789006657625991,74076,0,1,1,43007,43007,43007
7584,61791246816,1789006657659412,1789006657667793,74076,0,1,1,43085,43085,43085
7585,61791280125,1789006657691877,1789006657693446,74076,0,1,1,43156,43156,43156
7586,61791313433,1789006657724410,1789006657725956,74076,0,1,1,42399,42399,42399
7587,61791346742,1789006657757848,1789006657759227,74076,0,1,1,42325,42325,42325
7588,61791380051,1789006657791813,1789006657793299,74076,0,1,1,42484,42484,42484
7589,61791413359,1789006657824366,1789006657825877,74076,0,1,1,42961,42961,42961
7590,61791446668,1789006657857672,1789006657859227,74076,0,1,1,42987,42987,42987
7591,61791479976,1789006657891142,1789006657893262,74076,0,1,1,42512,42512,42512
7592,61791513285,1789006657924284,1789006657925776,74076,0,1,1,43051,43051,43051
7593,61791546594,1789006657957985,1789006657959174,74076,0,1,1,43056,43056,43056
7594,61791579902,1789006657992645,1789006657993302,74076,0,1,1,42440,42440,42440
7595,61791613211,1789006658024339,1789006658025672,74076,0,1,1,42252,42252,42252
7596,61791646519,1789006658057533,1789006658059088,74076,0,1,1,42399,42399,42399
7597,61791679828,1789006658090955,1789006658092364,74076,0,1,1,43019,43019,43019
7598,61791713137,1789006658124204,1789006658125722,74076,0,1,1,42942,42942,42942
7599,61791746445,1789006658157546,1789006658158919,74076,0,1,1,43032,43032,43032
7600,61791779754,1789006658191263,1789006658192806,74076,0,1,1,42609,42609,42609
7601,61791813062,1789006658224166,1789006658225631,74076,0,1,1,42245,42245,42245
7602,61791846371,1789006658257363,1789006658259010,74076,0,1,1,42209,42209,42209
7603,61791879680,1789006658291198,1789006658292952,74076,0,1,1,42381,42381,42381
7604,61791912988,1789006658324074,1789006658325545,74076,0,1,1,42944,42944,42944
7605,61791946297,1789006658357434,1789006658358803,74076,0,1,1,42231,42231,42231
7606,61791979605,1789006658391733,1789006658393138,74076,0,1,1,42500,42500,42500
7607,61792012914,1789006658424071,1789006658425476,74076,0,1,1,42317,42317,42317
7608,61792046223,1789006658457253,1789006658458707,74076,0,1,1,42365,42365,42365
7609,61792079531,1789006658490617,1789006658492200,74076,0,1,1,42342,42342,42342
7610,61792112840,1789006658524037,1789006658525364,74076,0,1,1,43006,43006,43006
7611,61792146148,1789006658557182,1789006658558668,74076,0,1,1,42286,42286,42286
7612,61792179457,1789006658590923,1789006658594755,74076,0,1,1,42939,42939,42939
7613,61792212766,1789006658624422,1789006658625647,74076,0,1,1,42393,42393,42393
7614,61792246074,1789006658657145,1789006658658673,74076,0,1,1,42478,42478,42478
7615,61792279383,1789006658691511,1789006658693044,74076,0,1,1,43181,43181,43181
7616,61792312691,1789006658724224,1789006658725677,74076,0,1,1,42363,42363,42363
7617,61792346000,1789006658757146,1789006658758542,74076,0,1,1,43106,43106,43106
7618,61792379309,1789006658791097,1789006658791999,74076,0,1,1,42274,42274,42274
7619,61792412617,1789006658824668,1789006658826098,74076,0,1,1,43080,43080,43080
7620,61792445926,1789006658857011,1789006658858708,74076,0,1,1,42836,42836,42836
7621,61792479234,1789006658891057,1789006658891887,74076,0,1,1,43098,43098,43098
7622,61792512543,1789006658923550,1789006658926256,74076,0,1,1,43044,43044,43044
7623,61792545852,1789006658956995,1789006658958248,74076,0,1,1,42328,42328,42328
7624,61792579160,1789006658990930,1789006658991749,74076,0,1,1,43146,43146,43146
7625,61792612469,1789006659023524,1789006659025876,74076,0,1,1,42244,42244,42244
7626,61792645777,1789006659057168,1789006659058336,74076,0,1,1,43152,43152,43152
7627,61792679086,1789006659090955,1789006659091802,74076,0,1,1,42527,42527,42527
7628,61792712395,1789006659123932,1789006659125554,74076,0,1,1,42227,42227,42227
7629,61792745703,1789006659156698,1789006659158253,74076,0,1,1,42867,42867,42867
7630,61792779012,1789006659190752,1789006659191661,74076,0,1,1,43118,43118,43118
7631,61792812320,1789006659223461,1789006659225699,74076,0,1,1,43051,43051,43051
7632,61792845629,1789006659256644,1789006659258096,74076,0,1,1,42470,42470,42470
7633,61792878938,1789006659290139,1789006659291849,74076,0,1,1,42441,42441,42441
7634,61792912246,1789006659323326,1789006659325487,74076,0,1,1,42173,42173,42173
7635,61792945555,1789006659356618,1789006659358051,74076,0,1,1,42464,42464,42464
7636,61792978863,1789006659390599,1789006659391474,74076,0,1,1,42416,42416,42416
7637,61793012172,1789006659424019,1789006659425523,74076,0,1,1,43039,43039,43039
7638,61793045481,1789006659456594,1789006659457936,74076,0,1,1,43111,43111,43111
7639,61793078789,1789006659490759,1789006659491692,74076,0,1,1,42495,42495,42495
7640,61793112098,1789006659523749,1789006659525317,74076,0,1,1,43302,43302,43302
7641,61793145406,1789006659556551,1789006659557894,74076,0,1,1,42961,42961,42961
7642,61793178715,1789006659590768,1789006659591766,74076,0,1,1,42454,42454,42454
7643,61793212024,1789006659623714,1789006659625214,74076,0,1,1,43007,43007,43007
7644,61793245332,1789006659656508,1789006659657980,74076,0,1,1,43170,43170,43170
7645,61793278641,1789006659689787,1789006659691518,74076,0,1,1,43028,43028,43028
7646,61793311949,1789006659723036,1789006659724531,74076,0,1,1,42457,42457,42457
7647,61793345258,1789006659759023,1789006659759342,74076,0,1,1,43009,43009,43009
7648,61793378567,1789006659789669,1789006659791492,74076,0,1,1,42443,42443,42443
7649,61793411875,1789006659823229,1789006659824442,74076,0,1,1,43167,43167,43167
7650,61793445184,1789006659856652,1789006659858370,74076,0,1,1,43049,43049,43049
7651,61793478492,1789006659889600,1789006659891552,74076,0,1,1,43089,43089,43089
7652,61793511801,1789006659922875,1789006659925456,74076,0,1,1,43322,43322,43322
7653,61793545110,1789006659956765,1789006659958279,74076,0,1,1,42326,42326,42326
7654,61793578418,1789006659989561,1789006659991050,74076,0,1,1,42390,42390,42390
7655,61793611727,1789006660022854,1789006660024152,74076,0,1,1,42441,42441,42441
7656,61793645035,1789006660056133,1789006660057542,74076,0,1,1,42386,42386,42386
7657,61793678344,1789006660089472,1789006660091069,74076,0,1,1,42557,42557,42557
7658,61793711653,1789006660122673,1789006660124132,74076,0,1,1,43111,43111,43111
7659,61793744961,1789006660157625,1789006660158229,74076,0,1,1,42432,42432,42432
7660,61793778270,1789006660189457,1789006660191505,74076,0,1,1,43339,43339,43339
7661,61793811578,1789006660222695,1789006660224093,74076,0,1,1,42544,42544,42544
7662,61793844887,1789006660256542,1789006660258061,74076,0,1,1,43159,43159,43159
7663,61793878196,1789006660289316,1789006660290848,74076,0,1,1,43458,43458,43458
7664,61793911504,1789006660322592,1789006660324050,74076,0,1,1,43326,43326,43326
7665,61793944813,1789006660357613,1789006660358755,74076,0,1,1,43503,43503,43503
7666,61793978121,1789006660389284,1789006660390726,74076,0,1,1,43349,43349,43349
7667,61794011430,1789006660422575,1789006660423876,74076,0,1,1,42539,42539,42539
7668,61794044739,1789006660457948,1789006660459255,74076,0,1,1,43403,43403,43403
7669,61794078047,1789006660489197,1789006660490529,74076,0,1,1,43294,43294,43294
7670,61794111356,1789006660522382,1789006660523910,74076,0,1,1,43235,43235,43235
7671,61794144664,1789006660556253,1789006660557714,74076,0,1,1,42492,42492,42492
7672,61794177973,1789006660589181,1789006660590551,74076,0,1,1,42689,42689,42689
7673,61794211282,1789006660622383,1789006660623813,74076,0,1,1,43350,43350,43350
7674,61794244590,1789006660656092,1789006660657696,74076,0,1,1,42838,42838,42838
7675,61794277899,1789006660689024,1789006660690460,74076,0,1,1,43417,43417,43417
7676,61794311207,1789006660722270,1789006660723777,74076,0,1,1,43319,43319,43319
7677,61794344516,1789006660755543,1789006660756872,74076,0,1,1,43215,43215,43215
7678,61794377825,1789006660789322,1789006660790430,74076,0,1,1,42635,42635,42635
7679,61794411133,1789006660822304,1789006660823681,74076,0,1,1,43358,43358,43358
7680,61794444442,1789006660855531,1789006660857059,74076,0,1,1,42757,42757,42757
7681,61794477750,1789006660890175,1789006660891413,74076,0,1,1,43664,43664,43664
7682,61794511059,1789006660922163,1789006660923572,74076,0,1,1,43466,43466,43466
7683,61794544368,1789006660955398,1789006660956948,74076,0,1,1,43494,43494,43494
7684,61794577676,1789006660989258,1789006660990720,74076,0,1,1,42860,42860,42860
7685,61794610985,1789006661022252,1789006661023540,74076,0,1,1,43299,43299,43299
7686,61794644293,1789006661055391,1789006661056945,74076,0,1,1,43506,43506,43506
7687,61794677602,1789006661089238,1789006661090697,74076,0,1,1,42877,42877,42877
7688,61794710911,1789006661122010,1789006661123561,74076,0,1,1,42838,42838,42838
7689,61794744219,1789006661155353,1789006661156884,74076,0,1,1,42683,42683,42683
7690,61794777528,1789006661189104,1789006661190500,74076,0,1,1,42765,42765,42765
7691,61794810836,1789006661221945,1789006661223407,74076,0,1,1,42908,42908,42908
7692,61794844145,1789006661255299,1789006661256748,74076,0,1,1,42716,42716,42716
7693,61794877454,1789006661289093,1789006661290645,74076,0,1,1,43496,43496,43496
7694,61794910762,1789006661321983,1789006661323260,74076,0,1,1,42703,42703,42703
7695,61794944071,1789006661355243,1789006661356541,74076,0,1,1,43337,43337,43337
7696,61794977379,1789006661388980,1789006661390534,74076,0,1,1,42707,42707,42707
7697,61795010688,1789006661421867,1789006661423199,74076,0,1,1,43577,43577,43577
7698,61795043997,1789006661455164,1789006661456646,74076,0,1,1,43306,43306,43306
7699,61795077305,1789006661488923,1789006661490626,74076,0,1,1,43326,43326,43326
7700,61795110614,1789006661521753,1789006661523089,74076,0,1,1,43312,43312,43312
7701,61795143922,1789006661555004,1789006661556565,74076,0,1,1,42813,42813,42813
7702,61795177231,1789006661588435,1789006661589916,74076,0,1,1,42751,42751,42751
7703,61795210540,1789006661621706,1789006661622936,74076,0,1,1,43555,43555,43555
7704,61795243848,1789006661654932,1789006661656378,74076,0,1,1,43420,43420,43420
7705,61795277157,1789006661689192,1789006661690582,74076,0,1,1,43498,43498,43498
7706,61795310465,1789006661721691,1789006661722900,74076,0,1,1,42877,42877,42877
7707,61795343774,1789006661754863,1789006661756247,74076,0,1,1,42882,42882,42882
7708,61795377083,1789006661789004,1789006661790485,74076,0,1,1,42640,42640,42640
7709,61795410391,1789006661821614,1789006661823018,74076,0,1,1,42787,42787,42787
7710,61795443700,1789006661855634,1789006661859164,74076,0,1,1,43698,43698,43698
7711,61795477008,1789006661889199,1789006661890754,74076,0,1,1,42761,42761,42761
7712,61795510317,1789006661921485,1789006661922763,74076,0,1,1,43517,43517,43517
7713,61795543626,1789006661954673,1789006661956247,74076,0,1,1,42713,42713,42713
7714,61795576934,1789006661988105,1789006661989436,74076,0,1,1,43420,43420,43420
7715,61795610243,1789006662021787,1789006662023209,74076,0,1,1,42921,42921,42921
7716,61795643551,1789006662054658,1789006662056028,74076,0,1,1,43497,43497,43497
7717,61795676860,1789006662087986,1789006662089353,74076,0,1,1,43502,43502,43502
7718,61795710169,1789006662121443,1789006662122711,74076,0,1,1,43426,43426,43426
7719,61795743477,1789006662154607,1789006662156041,74076,0,1,1,42687,42687,42687
7720,61795776786,1789006662187961,1789006662189281,74076,0,1,1,42766,42766,42766
7721,61795810094,1789006662221532,1789006662223864,74076,0,1,1,42818,42818,42818
7722,61795843403,1789006662254497,1789006662256094,74076,0,1,1,43401,43401,43401
7723,61795876712,1789006662287891,1789006662289293,74076,0,1,1,42646,42646,42646
7724,61795910020,1789006662321555,1789006662323207,74076,0,1,1,42486,42486,42486
7725,61795943329,1789006662354445,1789006662355885,74076,0,1,1,42491,42491,42491
7726,61795976637,1789006662387880,1789006662389105,74076,0,1,1,43158,43158,43158
7727,61796009946,1789006662421423,1789006662423157,74076,0,1,1,43308,43308,43308
7728,61796043255,1789006662454403,1789006662455846,74076,0,1,1,43308,43308,43308
7729,61796076563,1789006662487707,1789006662489127,74076,0,1,1,42618,42618,42618
7730,61796109872,1789006662521407,1789006662523047,74076,0,1,1,42676,42676,42676
7731,61796143180,1789006662554368,1789006662555713,74076,0,1,1,42661,42661,42661
7732,61796176489,1789006662587657,1789006662589136,74076,0,1,1,42537,42537,42537
7733,61796209798,1789006662621358,1789006662623154,74076,0,1,1,43390,43390,43390
7734,61796243106,1789006662654170,1789006662655708,74076,0,1,1,42682,42682,42682
7735,61796276415,1789006662687537,1789006662689183,74076,0,1,1,42611,42611,42611
7736,61796309723,1789006662720864,1789006662722216,74076,0,1,1,42695,42695,42695
7737,61796343032,1789006662754122,1789006662755581,74076,0,1,1,42640,42640,42640
7738,61796376341,1789006662787448,1789006662789062,74076,0,1,1,43511,43511,43511
7739,61796409649,1789006662820832,1789006662822212,74076,0,1,1,43479,43479,43479
7740,61796442958,1789006662854079,1789006662855461,74076,0,1,1,42541,42541,42541
7741,61796476266,1789006662887427,1789006662888878,74076,0,1,1,42626,42626,42626
7742,61796509575,1789006662920703,1789006662922450,74076,0,1,1,43319,43319,43319
7743,61796542884,1789006662953996,1789006662955385,74076,0,1,1,43164,43164,43164
7744,61796576192,1789006662987651,1789006662988789,74076,0,1,1,43354,43354,43354
7745,61796609501,1789006663021229,1789006663022716,74076,0,1,1,43334,43334,43334
7746,61796642809,1789006663053992,1789006663055543,74076,0,1,1,43146,43146,43146
7747,61796676118,1789006663087447,1789006663088703,74076,0,1,1,43611,43611,43611
7748,61796709427,1789006663121064,1789006663122598,74076,0,1,1,43233,43233,43233
7749,61796742735,1789006663154384,1789006663156155,74076,0,1,1,43265,43265,43265
7750,61796776044,1789006663187201,1789006663188631,74076,0,1,1,42543,42543,42543
7751,61796809352,1789006663220591,1789006663222483,74076,0,1,1,43308,43308,43308
7752,61796842661,1789006663254297,1789006663255869,74076,0,1,1,42660,42660,42660
7753,61796875970,1789006663287190,1789006663288567,74076,0,1,1,43144,43144,43144
7754,61796909278,1789006663320436,1789006663321945,74076,0,1,1,42653,42653,42653
7755,61796942587,1789006663354253,1789006663355843,74076,0,1,1,42440,42440,42440
7756,61796975895,1789006663387021,1789006663388492,74076,0,1,1,42290,42290,42290
7757,61797009204,1789006663420635,1789006663421860,74076,0,1,1,43289,43289,43289
7758,61797042513,1789006663454220,1789006663455641,74076,0,1,1,43185,43185,43185
7759,61797075821,1789006663486985,1789006663488407,74076,0,1,1,42438,42438,42438
7760,61797109130,1789006663520217,1789006663521734,74076,0,1,1,43449,43449,43449
7761,61797142438,1789006663553943,1789006663555687,74076,0,1,1,42963,42963,42963
7762,61797175747,1789006663586924,1789006663588459,74076,0,1,1,42504,42504,42504
7763,61797209056,1789006663620262,1789006663621633,74076,0,1,1,42444,42444,42444
7764,61797242364,1789006663653562,1789006663655845,74076,0,1,1,43068,43068,43068
7765,61797275673,1789006663686774,1789006663688271,74076,0,1,1,42587,42587,42587
7766,61797308981,1789006663720139,1789006663721484,74076,0,1,1,43119,43119,43119
7767,61797342290,1789006663753820,1789006663756089,74076,0,1,1,42326,42326,42326
7768,61797375599,1789006663786736,1789006663788268,74076,0,1,1,42393,42393,42393
7769,61797408907,1789006663820161,1789006663821502,74076,0,1,1,42955,42955,42955
7770,61797442216,1789006663853777,1789006663855416,74076,0,1,1,42809,42809,42809
7771,61797475524,1789006663886587,1789006663888158,74076,0,1,1,42420,42420,42420
7772,61797508833,1789006663920116,1789006663921454,74076,0,1,1,42393,42393,42393
7773,61797542142,1789006663953829,1789006663955594,74076,0,1,1,42350,42350,42350
7774,61797575450,1789006663986563,1789006663988168,74076,0,1,1,42405,42405,42405
7775,61797608759,1789006664019990,1789006664021364,74076,0,1,1,43235,43235,43235
7776,61797642067,1789006664053434,1789006664054598,74076,0,1,1,42247,42247,42247
7777,61797675376,1789006664086744,1789006664088017,74076,0,1,1,42336,42336,42336
7778,61797708685,1789006664119865,1789006664121368,74076,0,1,1,42467,42467,42467
7779,61797741993,1789006664153634,1789006664155189,74076,0,1,1,43026,43026,43026
7780,61797775302,1789006664186608,1789006664188099,74076,0,1,1,42091,42091,42091
7781,61797808610,1789006664220086,1789006664221234,74076,0,1,1,42273,42273,42273
7782,61797841919,1789006664253112,1789006664254534,74076,0,1,1,42272,42272,42272
7783,61797875228,1789006664286689,1789006664288563,74076,0,1,1,42259,42259,42259
7784,61797908536,1789006664319737,1789006664321094,74076,0,1,1,42205,42205,42205
7785,61797941845,1789006664353056,1789006664354415,74076,0,1,1,43035,43035,43035
7786,61797975153,1789006664386848,1789006664388249,74076,0,1,1,42929,42929,42929
7787,61798008462,1789006664419676,1789006664421104,74076,0,1,1,42264,42264,42264
7788,61798041771,1789006664452907,1789006664454264,74076,0,1,1,42102,42102,42102
7789,61798075079,1789006664487359,1789006664488760,74076,0,1,1,42959,42959,42959
7790,61798108388,1789006664519858,1789006664521000,74076,0,1,1,42209,42209,42209
7791,61798141696,1789006664552879,1789006664554302,74076,0,1,1,42091,42091,42091
7792,61798175005,1789006664586152,1789006664588354,74076,0,1,1,42197,42197,42197
7793,61798208314,1789006664619768,1789006664621266,74076,0,1,1,43214,43214,43214
7794,61798241622,1789006664652791,1789006664654212,74076,0,1,1,42293,42293,42293
7795,61798274931,1789006664686481,1789006664688086,74076,0,1,1,42938,42938,42938
7796,61798308239,1789006664719502,1789006664720776,74076,0,1,1,43259,43259,43259
7797,61798341548,1789006664752704,1789006664754081,74076,0,1,1,42880,42880,42880
7798,61798374857,1789006664785991,1789006664788189,74076,0,1,1,42783,42783,42783
7799,61798408165,1789006664819401,1789006664820779,74076,0,1,1,42868,42868,42868
7800,61798441474,1789006664852877,1789006664854101,74076,0,1,1,43017,43017,43017
7801,61798474782,1789006664886360,1789006664887986,74076,0,1,1,43009,43009,43009
7802,61798508091,1789006664919263,1789006664920621,74076,0,1,1,42234,42234,42234
7803,61798541400,1789006664952510,1789006664954145,74076,0,1,1,42140,42140,42140
7804,61798574708,1789006664988723,1789006664989751,74076,0,1,1,42125,42125,42125
7805,61798608017,1789006665019233,1789006665020655,74076,0,1,1,42248,42248,42248
7806,61798641325,1789006665052396,1789006665053864,74076,0,1,1,42164,42164,42164
7807,61798674634,1789006665085767,1789006665087323,74076,0,1,1,42185,42185,42185
7808,61798707943,1789006665119153,1789006665120503,74076,0,1,1,42950,42950,42950
7809,61798741251,1789006665152405,1789006665153779,74076,0,1,1,42166,42166,42166
7810,61798774560,1789006665186153,1789006665187999,74076,0,1,1,42793,42793,42793
7811,61798807868,1789006665219198,1789006665220414,74076,0,1,1,42952,42952,42952
7812,61798841177,1789006665252300,1789006665253713,74076,0,1,1,42212,42212,42212
7813,61798874486,1789006665286103,1789006665287663,74076,0,1,1,42278,42278,42278
7814,61798907794,1789006665319567,1789006665320732,74076,0,1,1,42106,42106,42106
7815,61798941103,1789006665352294,1789006665353614,74076,0,1,1,42179,42179,42179
7816,61798974411,1789006665385754,1789006665387124,74076,0,1,1,43194,43194,43194
7817,61799007720,1789006665419450,1789006665420984,74076,0,1,1,43108,43108,43108
7818,61799041029,1789006665452203,1789006665453731,74076,0,1,1,42239,42239,42239
7819,61799074337,1789006665485423,1789006665487337,74076,0,1,1,42955,42955,42955
7820,61799107646,1789006665519351,1789006665520899,74076,0,1,1,42303,42303,42303
7821,61799140954,1789006665552128,1789006665553454,74076,0,1,1,43031,43031,43031
7822,61799174263,1789006665585368,1789006665586837,74076,0,1,1,42208,42208,42208
7823,61799207572,1789006665618756,1789006665620363,74076,0,1,1,42325,42325,42325
7824,61799240880,1789006665652097,1789006665653496,74076,0,1,1,42276,42276,42276
7825,61799274189,1789006665685354,1789006665686701,74076,0,1,1,42106,42106,42106
7826,61799307497,1789006665719716,1789006665721220,74076,0,1,1,42966,42966,42966
7827,61799340806,1789006665751918,1789006665753332,74076,0,1,1,42249,42249,42249
7828,61799374115,1789006665785233,1789006665786646,74076,0,1,1,43049,43049,43049
7829,61799407423,1789006665818935,1789006665821137,74076,0,1,1,42261,42261,42261
7830,61799440732,1789006665851933,1789006665853360,74076,0,1,1,42318,42318,42318
7831,61799474040,1789006665885139,1789006665886470,74076,0,1,1,42881,42881,42881
7832,61799507349,1789006665918474,1789006665919989,74076,0,1,1,43162,43162,43162
7833,61799540658,1789006665951882,1789006665953245,74076,0,1,1,43194,43194,43194
7834,61799573966,1789006665985112,1789006665986574,74076,0,1,1,42422,42422,42422
7835,61799607275,1789006666019083,1789006666020654,74076,0,1,1,42267,42267,42267
7836,61799640583,1789006666051799,1789006666053108,74076,0,1,1,42387,42387,42387
7837,61799673892,1789006666085163,1789006666086457,74076,0,1,1,42118,42118,42118
7838,61799707201,1789006666118401,1789006666119787,74076,0,1,1,43099,43099,43099
7839,61799740509,1789006666151741,1789006666153112,74076,0,1,1,42364,42364,42364
7840,61799773818,1789006666184985,1789006666186406,74076,0,1,1,42275,42275,42275
7841,61799807126,1789006666218604,1789006666220249,74076,0,1,1,42385,42385,42385
7842,61799840435,1789006666251666,1789006666253149,74076,0,1,1,42163,42163,42163
7843,61799873744,1789006666284892,1789006666286390,74076,0,1,1,42286,42286,42286
7844,61799907052,1789006666318287,1789006666319653,74076,0,1,1,42973,42973,42973
7845,61799940361,1789006666351932,1789006666353416,74076,0,1,1,42263,42263,42263
7846,61799973669,1789006666384845,1789006666386185,74076,0,1,1,42997,42997,42997
7847,61800006978,1789006666418170,1789006666419608,74076,0,1,1,43403,43403,43403
7848,61800040287,1789006666451927,1789006666453452,74076,0,1,1,42399,42399,42399
7849,61800073595,1789006666484836,1789006666486228,74076,0,1,1,42900,42900,42900
7850,61800106904,1789006666518146,1789006666519590,74076,0,1,1,42358,42358,42358
7851,61800140212,1789006666551978,1789006666553755,74076,0,1,1,43188,43188,43188
7852,61800173521,1789006666584591,1789006666586364,74076,0,1,1,42309,42309,42309
7853,61800206830,1789006666618052,1789006666619496,74076,0,1,1,43164,43164,43164
7854,61800240138,1789006666651783,1789006666653176,74076,0,1,1,43206,43206,43206
7855,61800273447,1789006666684727,1789006666685923,74076,0,1,1,43170,43170,43170
7856,61800306755,1789006666717918,1789006666719511,74076,0,1,1,43156,43156,43156
7857,61800340064,1789006666751732,1789006666753246,74076,0,1,1,42996,42996,42996
7858,61800373373,1789006666784521,1789006666785946,74076,0,1,1,42287,42287,42287
7859,61800406681,1789006666818152,1789006666819367,74076,0,1,1,43174,43174,43174
7860,61800439990,1789006666851676,1789006666853260,74076,0,1,1,42428,42428,42428
7861,61800473298,1789006666884438,1789006666885817,74076,0,1,1,42265,42265,42265
7862,61800506607,1789006666917698,1789006666919429,74076,0,1,1,42469,42469,42469
7863,61800539916,1789006666951098,1789006666953229,74076,0,1,1,42454,42454,42454
7864,61800573224,1789006666984444,1789006666985878,74076,0,1,1,43088,43088,43088
7865,61800606533,1789006667017643,1789006667019202,74076,0,1,1,43086,43086,43086
7866,61800639841,1789006667051547,1789006667053071,74076,0,1,1,42448,42448,42448
7867,61800673150,1789006667084372,1789006667085768,74076,0,1,1,42358,42358,42358
7868,61800706459,1789006667117532,1789006667118998,74076,0,1,1,43159,43159,43159
7869,61800739767,1789006667150987,1789006667152327,74076,0,1,1,43170,43170,43170
7870,61800773076,1789006667184334,1789006667185713,74076,0,1,1,43062,43062,43062
7871,61800806384,1789006667217561,1789006667219174,74076,0,1,1,42419,42419,42419
7872,61800839693,1789006667251076,1789006667252395,74076,0,1,1,43325,43325,43325
7873,61800873002,1789006667284593,1789006667285701,74076,0,1,1,42266,42266,42266
7874,61800906310,1789006667317535,1789006667319106,74076,0,1,1,43165,43165,43165
7875,61800939619,1789006667351136,1789006667352266,74076,0,1,1,43093,43093,43093
7876,61800972927,1789006667385082,1789006667386373,74076,0,1,1,43037,43037,43037
7877,61801006236,1789006667417741,1789006667419032,74076,0,1,1,42945,42945,42945
7878,61801039545,1789006667450882,1789006667452074,74076,0,1,1,43113,43113,43113
7879,61801072853,1789006667484378,1789006667486018,74076,0,1,1,42374,42374,42374
7880,61801106162,1789006667517471,1789006667518872,74076,0,1,1,42311,42311,42311
7881,61801139470,1789006667551059,1789006667551991,74076,0,1,1,43065,43065,43065
7882,61801172779,1789006667584518,1789006667586143,74076,0,1,1,42941,42941,42941
7883,61801206088,1789006667617823,1789006667619933,74076,0,1,1,43129,43129,43129
7884,61801239396,1789006667650809,1789006667652072,74076,0,1,1,42255,42255,42255
7885,61801272705,1789006667684373,1789006667685785,74076,0,1,1,42952,42952,42952
7886,61801306013,1789006667717249,1789006667718529,74076,0,1,1,42166,42166,42166
7887,61801339322,1789006667751187,1789006667752253,74076,0,1,1,42515,42515,42515
7888,61801372631,1789006667783873,1789006667785876,74076,0,1,1,42294,42294,42294
7889,61801405939,1789006667817239,1789006667818613,74076,0,1,1,42188,42188,42188
7890,61801439248,1789006667851081,1789006667851999,74076,0,1,1,43110,43110,43110
7891,61801472556,1789006667884148,1789006667885720,74076,0,1,1,43175,43175,43175
7892,61801505865,1789006667916977,1789006667918518,74076,0,1,1,43055,43055,43055
7893,61801539174,1789006667951059,1789006667952080,74076,0,1,1,42236,42236,42236
7894,61801572482,1789006667984196,1789006667985754,74076,0,1,1,43073,43073,43073
7895,61801605791,1789006668016888,1789006668018436,74076,0,1,1,42400,42400,42400
7896,61801639099,1789006668050328,1789006668052208,74076,0,1,1,43067,43067,43067
7897,61801672408,1789006668083525,1789006668085024,74076,0,1,1,43005,43005,43005
7898,61801705717,1789006668116815,1789006668118244,74076,0,1,1,42951,42951,42951
7899,61801739025,1789006668150948,1789006668151890,74076,0,1,1,42379,42379,42379
7900,61801772334,1789006668183574,1789006668185779,74076,0,1,1,42400,42400,42400
7901,61801805642,1789006668216769,1789006668218238,74076,0,1,1,43048,43048,43048
7902,61801838951,1789006668250927,1789006668251790,74076,0,1,1,43138,43138,43138
7903,61801872260,1789006668283876,1789006668285401,74076,0,1,1,42299,42299,42299
7904,61801905568,1789006668316782,1789006668318181,74076,0,1,1,42388,42388,42388
7905,61801938877,1789006668350886,1789006668352289,74076,0,1,1,42510,42510,42510
7906,61801972185,1789006668383401,1789006668384870,74076,0,1,1,43023,43023,43023
7907,61802005494,1789006668416768,1789006668418255,74076,0,1,1,43150,43150,43150
7908,61802038803,1789006668450689,1789006668451638,74076,0,1,1,43207,43207,43207
7909,61802072111,1789006668483256,1789006668484737,74076,0,1,1,42381,42381,42381
7910,61802105420,1789006668517005,1789006668518335,74076,0,1,1,42396,42396,42396
7911,61802138728,1789006668550704,1789006668551618,74076,0,1,1,42988,42988,42988
7912,61802172037,1789006668583238,1789006668585372,74076,0,1,1,42289,42289,42289
7913,61802205346,1789006668618014,1789006668619691,74076,0,1,1,42110,42110,42110
7914,61802238654,1789006668655825,1789006668658775,74076,0,1,1,42415,42415,42415
7915,61802271963,1789006668683167,1789006668685339,74076,0,1,1,42285,42285,42285
7916,61802305271,1789006668717193,1789006668718848,74076,0,1,1,42370,42370,42370
7917,61802338580,1789006668749784,1789006668751761,74076,0,1,1,43345,43345,43345
7918,61802371889,1789006668783149,1789006668784457,74076,0,1,1,42425,42425,42425
7919,61802405197,1789006668817353,1789006668818919,74076,0,1,1,42470,42470,42470
7920,61802438506,1789006668849752,1789006668851911,74076,0,1,1,43205,43205,43205
7921,61802471814,1789006668882977,1789006668884422,74076,0,1,1,42405,42405,42405
7922,61802505123,1789006668918695,1789006668919405,74076,0,1,1,43199,43199,43199
7923,61802538432,1789006668950612,1789006668951490,74076,0,1,1,42518,42518,42518
7924,61802571740,1789006668983056,1789006668984371,74076,0,1,1,42810,42810,42810
7925,61802605049,1789006669016676,1789006669018094,74076,0,1,1,42417,42417,42417
7926,61802638357,1789006669049542,1789006669051704,74076,0,1,1,42404,42404,42404
7927,61802671666,1789006669082854,1789006669084293,74076,0,1,1,42349,42349,42349
7928,61802704975,1789006669116606,1789006669118205,74076,0,1,1,42400,42400,42400
7929,61802738283,1789006669149487,1789006669151550,74076,0,1,1,43143,43143,43143
7930,61802771592,1789006669182754,1789006669184148,74076,0,1,1,42314,42314,42314
7931,61802804900,1789006669217676,1789006669219355,74076,0,1,1,43016,43016,43016
7932,61802838209,1789006669249450,1789006669251381,74076,0,1,1,43226,43226,43226
7933,61802871518,1789006669282694,1789006669284103,74076,0,1,1,43127,43127,43127
7934,61802904826,1789006669315997,1789006669317540,74076,0,1,1,43026,43026,43026
7935,61802938135,1789006669349341,1789006669350678,74076,0,1,1,43156,43156,43156
7936,61802971443,1789006669382703,1789006669384045,74076,0,1,1,42985,42985,42985
7937,61803004752,1789006669416495,1789006669417921,74076,0,1,1,42940,42940,42940
7938,61803038061,1789006669449281,1789006669450715,74076,0,1,1,42437,42437,42437
7939,61803071369,1789006669482722,1789006669484000,74076,0,1,1,43088,43088,43088
7940,61803104678,1789006669516372,1789006669517802,74076,0,1,1,43163,43163,43163
7941,61803137986,1789006669549362,1789006669550678,74076,0,1,1,43162,43162,43162
7942,61803171295,1789006669582521,1789006669584040,74076,0,1,1,43150,43150,43150
7943,61803204604,1789006669615811,1789006669617240,74076,0,1,1,43108,43108,43108
7944,61803237912,1789006669649635,1789006669650898,74076,0,1,1,43113,43113,43113
7945,61803271221,1789006669683075,1789006669684430,74076,0,1,1,42982,42982,42982
7946,61803304529,1789006669715726,1789006669717802,74076,0,1,1,42435,42435,42435
7947,61803337838,1789006669749512,1789006669750944,74076,0,1,1,42451,42451,42451
7948,61803371147,1789006669782361,1789006669783799,74076,0,1,1,42963,42963,42963
7949,61803404455,1789006669815676,1789006669817904,74076,0,1,1,42465,42465,42465
7950,61803437764,1789006669849488,1789006669851002,74076,0,1,1,42423,42423,42423
7951,61803471072,1789006669882221,1789006669883645,74076,0,1,1,42361,42361,42361
7952,61803504381,1789006669915662,1789006669917047,74076,0,1,1,42409,42409,42409
7953,61803537690,1789006669949429,1789006669950948,74076,0,1,1,43063,43063,43063
7954,61803570998,1789006669982272,1789006669983464,74076,0,1,1,43193,43193,43193
7955,61803604307,1789006670015894,1789006670016956,74076,0,1,1,43275,43275,43275
7956,61803637615,1789006670049338,1789006670050890,74076,0,1,1,42258,42258,42258
7957,61803670924,1789006670082129,1789006670083517,74076,0,1,1,42979,42979,42979
7958,61803704233,1789006670115429,1789006670117053,74076,0,1,1,42107,42107,42107
7959,61803737541,1789006670149295,1789006670150759,74076,0,1,1,42430,42430,42430
7960,61803770850,1789006670182148,1789006670183421,74076,0,1,1,42866,42866,42866
7961,61803804158,1789006670215755,1789006670217375,74076,0,1,1,42393,42393,42393
7962,61803837467,1789006670249075,1789006670250495,74076,0,1,1,43244,43244,43244
7963,61803870776,1789006670281998,1789006670283410,74076,0,1,1,43286,43286,43286
7964,61803904084,1789006670315179,1789006670316700,74076,0,1,1,43188,43188,43188
7965,61803937393,1789006670349616,1789006670351161,74076,0,1,1,43142,43142,43142
7966,61803970701,1789006670381981,1789006670383224,74076,0,1,1,43242,43242,43242
7967,61804004010,1789006670415162,1789006670416582,74076,0,1,1,43096,43096,43096
7968,61804037319,1789006670448966,1789006670450592,74076,0,1,1,42412,42412,42412
7969,61804070627,1789006670481868,1789006670483191,74076,0,1,1,42949,42949,42949
7970,61804103936,1789006670515135,1789006670516559,74076,0,1,1,42343,42343,42343
7971,61804137244,1789006670548930,1789006670550508,74076,0,1,1,42358,42358,42358
7972,61804170553,1789006670581803,1789006670583135,74076,0,1,1,43244,43244,43244
7973,61804203862,1789006670615090,1789006670616415,74076,0,1,1,42328,42328,42328
7974,61804237170,1789006670648450,1789006670649764,74076,0,1,1,42432,42432,42432
7975,61804270479,1789006670681743,1789006670683152,74076,0,1,1,42370,42370,42370
7976,61804303787,1789006670715038,1789006670716446,74076,0,1,1,42360,42360,42360
7977,61804337096,1789006670748374,1789006670749763,74076,0,1,1,42295,42295,42295
7978,61804370405,1789006670781903,1789006670784395,74076,0,1,1,42260,42260,42260
7979,61804403713,1789006670814855,1789006670816545,74076,0,1,1,42968,42968,42968
7980,61804437022,1789006670848398,1789006670850369,74076,0,1,1,43173,43173,43173
7981,61804470330,1789006670881905,1789006670883627,74076,0,1,1,42260,42260,42260
7982,61804503639,1789006670914771,1789006670916401,74076,0,1,1,42265,42265,42265
7983,61804536948,1789006670948247,1789006670949646,74076,0,1,1,42344,42344,42344
7984,61804570256,1789006670982314,1789006670984011,74076,0,1,1,42374,42374,42374
7985,61804603565,1789006671014660,1789006671016197,74076,0,1,1,42258,42258,42258
7986,61804636873,1789006671048172,1789006671049451,74076,0,1,1,43076,43076,43076
7987,61804670182,1789006671081444,1789006671082743,74076,0,1,1,42505,42505,42505
7988,61804703491,1789006671114659,1789006671116119,74076,0,1,1,43092,43092,43092
7989,61804736799,1789006671148062,1789006671149536,74076,0,1,1,43230,43230,43230
7990,61804770108,1789006671181646,1789006671183319,74076,0,1,1,42887,42887,42887
7991,61804803416,1789006671214557,1789006671216091,74076,0,1,1,43214,43214,43214
7992,61804836725,1789006671249307,1789006671249702,74076,0,1,1,43115,43115,43115
7993,61804870034,1789006671281276,1789006671283530,74076,0,1,1,42434,42434,42434
7994,61804903342,1789006671314537,1789006671316006,74076,0,1,1,42348,42348,42348
7995,61804936651,1789006671347942,1789006671349282,74076,0,1,1,42428,42428,42428
7996,61804969959,1789006671381567,1789006671384060,74076,0,1,1,43107,43107,43107
7997,61805003268,1789006671414510,1789006671415928,74076,0,1,1,43128,43128,43128
7998,61805036577,1789006671447759,1789006671449312,74076,0,1,1,43192,43192,43192
7999,61805069885,1789006671481597,1789006671483026,74076,0,1,1,42334,42334,42334
8000,61805103194,1789006671514456,1789006671515822,74076,0,1,1,42490,42490,42490
8001,61805136502,1789006671547730,1789006671549256,74076,0,1,1,42511,42511,42511
8002,61805169811,1789006671581565,1789006671583219,74076,0,1,1,42383,42383,42383
8003,61805203120,1789006671614389,1789006671615763,74076,0,1,1,42428,42428,42428
8004,61805236428,1789006671647510,1789006671649170,74076,0,1,1,43240,43240,43240
8005,61805269737,1789006671680969,1789006671682428,74076,0,1,1,42419,42419,42419
8006,61805303045,1789006671714350,1789006671715690,74076,0,1,1,43103,43103,43103
8007,61805336354,1789006671747586,1789006671749049,74076,0,1,1,42349,42349,42349
8008,61805369663,1789006671781218,1789006671782248,74076,0,1,1,42974,42974,42974
8009,61805402971,1789006671814316,1789006671815852,74076,0,1,1,42999,42999,42999
8010,61805436280,1789006671847553,1789006671849072,74076,0,1,1,43212,43212,43212
8011,61805469588,1789006671880752,1789006671882452,74076,0,1,1,43065,43065,43065
8012,61805502897,1789006671914676,1789006671916231,74076,0,1,1,43080,43080,43080
8013,61805536206,1789006671947609,1789006671948997,74076,0,1,1,43097,43097,43097
8014,61805569514,1789006671980664,1789006671982107,74076,0,1,1,43059,43059,43059
8015,61805602823,1789006672014647,1789006672016244,74076,0,1,1,43198,43198,43198
8016,61805636131,1789006672047311,1789006672048904,74076,0,1,1,42345,42345,42345
8017,61805669440,1789006672080583,1789006672082029,74076,0,1,1,42981,42981,42981
8018,61805702749,1789006672114090,1789006672115362,74076,0,1,1,42276,42276,42276
8019,61805736057,1789006672147529,1789006672148839,74076,0,1,1,43147,43147,43147
8020,61805769366,1789006672180723,1789006672181984,74076,0,1,1,43184,43184,43184
8021,61805802674,1789006672215849,1789006672217220,74076,0,1,1,43077,43077,43077
8022,61805835983,1789006672247170,1789006672248678,74076,0,1,1,43240,43240,43240
8023,61805869292,1789006672280647,1789006672281964,74076,0,1,1,42424,42424,42424
8024,61805902600,1789006672314209,1789006672315717,74076,0,1,1,42032,42032,42032
8025,61805935909,1789006672347116,1789006672348648,74076,0,1,1,42964,42964,42964
8026,61805969217,1789006672380561,1789006672381917,74076,0,1,1,43268,43268,43268
8027,61806002526,1789006672414221,1789006672415824,74076,0,1,1,42466,42466,42466
8028,61806035835,1789006672447068,1789006672448596,74076,0,1,1,42477,42477,42477
8029,61806069143,1789006672480409,1789006672481840,74076,0,1,1,42475,42475,42475
8030,61806102452,1789006672513662,1789006672515873,74076,0,1,1,42453,42453,42453
8031,61806135760,1789006672546944,1789006672548427,74076,0,1,1,42382,42382,42382
8032,61806169069,1789006672580493,1789006672581752,74076,0,1,1,43253,43253,43253
8033,61806202378,1789006672614036,1789006672615712,74076,0,1,1,42320,42320,42320
8034,61806235686,1789006672646861,1789006672648409,74076,0,1,1,42256,42256,42256
8035,61806268995,1789006672680273,1789006672681666,74076,0,1,1,43062,43062,43062
8036,61806302303,1789006672714053,1789006672715548,74076,0,1,1,42312,42312,42312
8037,61806335612,1789006672746767,1789006672748342,74076,0,1,1,43216,43216,43216
8038,61806368921,1789006672780351,1789006672781583,74076,0,1,1,42404,42404,42404
8039,61806402229,1789006672818914,1789006672826084,74076,0,1,1,42334,42334,42334
8040,61806435538,1789006672846720,1789006672848202,74076,0,1,1,42416,42416,42416
8041,61806468846,1789006672880349,1789006672881477,74076,0,1,1,43169,43169,43169
8042,61806502155,1789006672913414,1789006672914753,74076,0,1,1,43002,43002,43002
8043,61806535464,1789006672946742,1789006672948312,74076,0,1,1,43221,43221,43221
8044,61806568772,1789006672980096,1789006672981608,74076,0,1,1,43118,43118,43118
8045,61806602081,1789006673013341,1789006673014826,74076,0,1,1,42498,42498,42498
8046,61806635389,1789006673046993,1789006673048773,74076,0,1,1,43063,43063,43063
8047,61806668698,1789006673079887,1789006673081256,74076,0,1,1,42450,42450,42450
8048,61806702007,1789006673113785,1789006673115184,74076,0,1,1,42873,42873,42873
8049,61806735315,1789006673147115,1789006673148738,74076,0,1,1,43009,43009,43009
8050,61806768624,1789006673179949,1789006673181265,74076,0,1,1,42127,42127,42127
8051,61806801932,1789006673213215,1789006673214548,74076,0,1,1,42990,42990,42990
8052,61806835241,1789006673246953,1789006673248681,74076,0,1,1,43210,43210,43210
8053,61806868550,1789006673279777,1789006673281124,74076,0,1,1,42410,42410,42410
8054,61806901858,1789006673313305,1789006673314407,74076,0,1,1,43118,43118,43118
8055,61806935167,1789006673347850,1789006673349223,74076,0,1,1,42410,42410,42410
8056,61806968475,1789006673379911,1789006673381205,74076,0,1,1,43262,43262,43262
8057,61807001784,1789006673413047,1789006673414322,74076,0,1,1,42338,42338,42338
8058,61807035093,1789006673446316,1789006673447681,74076,0,1,1,43166,43166,43166
8059,61807068401,1789006673479707,1789006673481094,74076,0,1,1,42474,42474,42474
8060,61807101710,1789006673512990,1789006673514388,74076,0,1,1,42362,42362,42362
8061,61807135018,1789006673547815,1789006673548773,74076,0,1,1,43089,43089,43089
8062,61807168327,1789006673579738,1789006673581033,74076,0,1,1,42650,42650,42650
8063,61807201636,1789006673612903,1789006673614221,74076,0,1,1,42990,42990,42990
8064,61807234944,1789006673646579,1789006673649256,74076,0,1,1,42389,42389,42389
8065,61807268253,1789006673679502,1789006673680953,74076,0,1,1,42321,42321,42321
8066,61807301561,1789006673712766,1789006673714161,74076,0,1,1,42924,42924,42924
8067,61807334870,1789006673746579,1789006673748180,74076,0,1,1,42449,42449,42449
8068,61807368179,1789006673779990,1789006673781056,74076,0,1,1,42409,42409,42409
8069,61807401487,1789006673812697,1789006673814155,74076,0,1,1,42428,42428,42428
8070,61807434796,1789006673845959,1789006673847901,74076,0,1,1,42999,42999,42999
8071,61807468104,1789006673879457,1789006673880677,74076,0,1,1,42485,42485,42485
8072,61807501413,1789006673912718,1789006673914186,74076,0,1,1,42458,42458,42458
8073,61807534722,1789006673946534,1789006673948171,74076,0,1,1,43180,43180,43180
8074,61807568030,1789006673979464,1789006673980868,74076,0,1,1,42583,42583,42583
8075,61807601339,1789006674012594,1789006674014090,74076,0,1,1,43292,43292,43292
8076,61807634647,1789006674046234,1789006674047890,74076,0,1,1,42421,42421,42421
8077,61807667956,1789006674079207,1789006674080649,74076,0,1,1,43163,43163,43163
8078,61807701265,1789006674112529,1789006674113980,74076,0,1,1,42077,42077,42077
8079,61807734573,1789006674145797,1789006674147197,74076,0,1,1,42523,42523,42523
8080,61807767882,1789006674179544,1789006674181219,74076,0,1,1,42544,42544,42544
8081,61807801190,1789006674212679,1789006674213896,74076,0,1,1,42336,42336,42336
8082,61807834499,1789006674245703,1789006674247149,74076,0,1,1,42469,42469,42469
8083,61807867808,1789006674279645,1789006674281172,74076,0,1,1,43148,43148,43148
8084,61807901116,1789006674312350,1789006674314006,74076,0,1,1,42385,42385,42385
8085,61807934425,1789006674345675,1789006674347306,74076,0,1,1,42351,42351,42351
8086,61807967733,1789006674379662,1789006674381411,74076,0,1,1,43149,43149,43149
8087,61808001042,1789006674412277,1789006674413646,74076,0,1,1,43077,43077,43077
8088,61808034351,1789006674445577,1789006674447237,74076,0,1,1,43130,43130,43130
8089,61808067659,1789006674479384,1789006674480863,74076,0,1,1,43381,43381,43381
8090,61808100968,1789006674512217,1789006674513650,74076,0,1,1,43179,43179,43179
8091,61808134276,1789006674545709,1789006674547129,74076,0,1,1,43086,43086,43086
8092,61808167585,1789006674579340,1789006674581029,74076,0,1,1,43064,43064,43064
8093,61808200894,1789006674612265,1789006674613586,74076,0,1,1,42990,42990,42990
8094,61808234202,1789006674645348,1789006674647590,74076,0,1,1,42391,42391,42391
8095,61808267511,1789006674679148,1789006674680791,74076,0,1,1,42326,42326,42326
8096,61808300819,1789006674712038,1789006674713436,74076,0,1,1,42404,42404,42404
8097,61808334128,1789006674745305,1789006674746647,74076,0,1,1,42954,42954,42954
8098,61808367437,1789006674779022,1789006674781059,74076,0,1,1,43102,43102,43102
8099,61808400745,1789006674811916,1789006674813339,74076,0,1,1,42917,42917,42917
8100,61808434054,1789006674845266,1789006674846641,74076,0,1,1,42825,42825,42825
8101,61808467362,1789006674879025,1789006674880788,74076,0,1,1,42284,42284,42284
8102,61808500671,1789006674911965,1789006674914035,74076,0,1,1,43079,43079,43079
8103,61808533980,1789006674945154,1789006674946481,74076,0,1,1,43292,43292,43292
8104,61808567288,1789006674978593,1789006674980072,74076,0,1,1,42352,42352,42352
8105,61808600597,1789006675011786,1789006675013189,74076,0,1,1,42272,42272,42272
8106,61808633905,1789006675045079,1789006675046404,74076,0,1,1,43016,43016,43016
8107,61808667214,1789006675078625,1789006675079846,74076,0,1,1,43136,43136,43136
8108,61808700523,1789006675112276,1789006675113769,74076,0,1,1,42347,42347,42347
8109,61808733831,1789006675144999,1789006675146360,74076,0,1,1,42592,42592,42592
8110,61808767140,1789006675178643,1789006675180961,74076,0,1,1,43070,43070,43070
8111,61808800448,1789006675212199,1789006675213723,74076,0,1,1,42306,42306,42306
8112,61808833757,1789006675244985,1789006675246500,74076,0,1,1,42403,42403,42403
8113,61808867066,1789006675278231,1789006675279712,74076,0,1,1,42415,42415,42415
8114,61808900374,1789006675311950,1789006675313829,74076,0,1,1,43037,43037,43037
8115,61808933683,1789006675344903,1789006675346387,74076,0,1,1,42241,42241,42241
8116,61808966991,1789006675378224,1789006675379714,74076,0,1,1,42480,42480,42480
8117,61809000300,1789006675411957,1789006675413613,74076,0,1,1,43138,43138,43138
8118,61809033609,1789006675446883,1789006675448799,74076,0,1,1,43180,43180,43180
8119,61809066917,1789006675478152,1789006675479541,74076,0,1,1,43147,43147,43147
8120,61809100226,1789006675511838,1789006675513113,74076,0,1,1,43214,43214,43214
8121,61809133534,1789006675544773,1789006675546398,74076,0,1,1,42375,42375,42375
8122,61809166843,1789006675578148,1789006675579478,74076,0,1,1,43104,43104,43104
8123,61809200152,1789006675611915,1789006675614245,74076,0,1,1,43074,43074,43074
8124,61809233460,1789006675644725,1789006675646369,74076,0,1,1,42453,42453,42453
8125,61809266769,1789006675677968,1789006675679383,74076,0,1,1,43157,43157,43157
8126,61809300077,1789006675711776,1789006675713410,74076,0,1,1,42433,42433,42433
8127,61809333386,1789006675744807,1789006675746099,74076,0,1,1,43033,43033,43033
8128,61809366695,1789006675777849,1789006675779390,74076,0,1,1,43095,43095,43095
8129,61809400003,1789006675811643,1789006675813304,74076,0,1,1,42892,42892,42892
8130,61809433312,1789006675844458,1789006675846322,74076,0,1,1,43134,43134,43134
8131,61809466620,1789006675877839,1789006675879246,74076,0,1,1,42474,42474,42474
8132,61809499929,1789006675911664,1789006675913030,74076,0,1,1,42428,42428,42428
8133,61809533238,1789006675944434,1789006675945846,74076,0,1,1,43266,43266,43266
8134,61809566546,1789006675977855,1789006675979242,74076,0,1,1,43005,43005,43005
8135,61809599855,1789006676011615,1789006676013183,74076,0,1,1,42989,42989,42989
8136,61809633163,1789006676044412,1789006676045783,74076,0,1,1,43091,43091,43091
8137,61809666472,1789006676077639,1789006676079223,74076,0,1,1,42414,42414,42414
8138,61809699781,1789006676111047,1789006676112398,74076,0,1,1,43076,43076,43076
8139,61809733089,1789006676144967,1789006676146540,74076,0,1,1,42424,42424,42424
8140,61809766398,1789006676177787,1789006676179170,74076,0,1,1,42425,42425,42425
8141,61809799706,1789006676210985,1789006676212427,74076,0,1,1,43136,43136,43136
8142,61809833015,1789006676244678,1789006676246278,74076,0,1,1,42590,42590,42590
8143,61809866324,1789006676277615,1789006676279352,74076,0,1,1,42475,42475,42475
8144,61809899632,1789006676311315,1789006676312226,74076,0,1,1,42366,42366,42366
8145,61809932941,1789006676344768,1789006676346332,74076,0,1,1,42514,42514,42514
8146,61809966249,1789006676377403,1789006676378976,74076,0,1,1,42565,42565,42565
8147,61809999558,1789006676411325,1789006676412303,74076,0,1,1,42432,42432,42432
8148,61810032867,1789006676444591,1789006676446186,74076,0,1,1,42515,42515,42515
8149,61810066175,1789006676477610,1789006676478852,74076,0,1,1,43237,43237,43237
8150,61810099484,1789006676510746,1789006676512149,74076,0,1,1,42316,42316,42316
8151,61810132792,1789006676544724,1789006676546456,74076,0,1,1,42348,42348,42348
8152,61810166101,1789006676577339,1789006676578950,74076,0,1,1,42559,42559,42559
8153,61810199410,1789006676610963,1789006676612136,74076,0,1,1,42426,42426,42426
8154,61810232718,1789006676644442,1789006676645903,74076,0,1,1,43280,43280,43280
8155,61810266027,1789006676677327,1789006676678642,74076,0,1,1,42540,42540,42540
8156,61810299335,1789006676711367,1789006676712500,74076,0,1,1,43114,43114,43114
8157,61810332644,1789006676744449,1789006676746166,74076,0,1,1,43057,43057,43057
8158,61810365953,1789006676777273,1789006676778595,74076,0,1,1,43190,43190,43190
8159,61810399261,1789006676810986,1789006676811878,74076,0,1,1,42433,42433,42433
8160,61810432570,1789006676844276,1789006676845825,74076,0,1,1,42647,42647,42647
8161,61810465878,1789006676877184,1789006676878546,74076,0,1,1,43264,43264,43264
8162,61810499187,1789006676911087,1789006676912164,74076,0,1,1,43184,43184,43184
8163,61810532496,1789006676943857,1789006676945164,74076,0,1,1,43203,43203,43203
8164,61810565804,1789006676977065,1789006676978535,74076,0,1,1,42490,42490,42490
8165,61810599113,1789006677010961,1789006677012084,74076,0,1,1,42256,42256,42256
8166,61810632421,1789006677043600,1789006677045840,74076,0,1,1,43192,43192,43192
8167,61810665730,1789006677077026,1789006677078400,74076,0,1,1,42335,42335,42335
8168,61810699039,1789006677111055,1789006677112021,74076,0,1,1,43137,43137,43137
8169,61810732347,1789006677143925,1789006677145731,74076,0,1,1,43150,43150,43150
8170,61810765656,1789006677176959,1789006677178406,74076,0,1,1,43217,43217,43217
8171,61810798964,1789006677211022,1789006677211847,74076,0,1,1,42610,42610,42610
8172,61810832273,1789006677243521,1789006677245705,74076,0,1,1,43211,43211,43211
8173,61810865582,1789006677277631,1789006677278665,74076,0,1,1,42486,42486,42486
8174,61810898890,1789006677310913,1789006677311780,74076,0,1,1,43257,43257,43257
8175,61810932199,1789006677343499,1789006677345553,74076,0,1,1,42480,42480,42480
8176,61810965507,1789006677376961,1789006677379100,74076,0,1,1,42448,42448,42448
8177,61810998816,1789006677410123,1789006677411593,74076,0,1,1,43161,43161,43161
8178,61811032125,1789006677443392,1789006677445520,74076,0,1,1,42426,42426,42426
8179,61811065433,1789006677477760,1789006677479704,74076,0,1,1,43286,43286,43286
8180,61811098742,1789006677510096,1789006677512036,74076,0,1,1,43245,43245,43245
8181,61811132050,1789006677543398,1789006677544773,74076,0,1,1,43228,43228,43228
8182,61811165359,1789006677577063,1789006677579777,74076,0,1,1,43301,43301,43301
8183,61811198668,1789006677610012,1789006677611944,74076,0,1,1,42586,42586,42586
8184,61811231976,1789006677643247,1789006677644683,74076,0,1,1,42392,42392,42392
8185,61811265285,1789006677676478,1789006677678964,74076,0,1,1,42388,42388,42388
8186,61811298593,1789006677709894,1789006677712020,74076,0,1,1,43124,43124,43124
8187,61811331902,1789006677743175,1789006677744650,74076,0,1,1,42426,42426,42426
8188,61811365211,1789006677776442,1789006677778693,74076,0,1,1,42429,42429,42429
8189,61811398519,1789006677809820,1789006677811938,74076,0,1,1,43204,43204,43204
8190,61811431828,1789006677843550,1789006677844533,74076,0,1,1,42452,42452,42452
8191,61811465136,1789006677876869,1789006677878324,74076,0,1,1,42413,42413,42413
8192,61811498445,1789006677909739,1789006677911913,74076,0,1,1,42694,42694,42694
8193,61811531754,1789006677943077,1789006677944474,74076,0,1,1,42969,42969,42969
8194,61811565062,1789006677976774,1789006677978158,74076,0,1,1,43232,43232,43232
8195,61811598371,1789006678009647,1789006678011227,74076,0,1,1,43158,43158,43158
8196,61811631679,1789006678042931,1789006678044392,74076,0,1,1,43111,43111,43111
8197,61811664988,1789006678076326,1789006678077716,74076,0,1,1,43105,43105,43105
8198,61811698297,1789006678109576,1789006678111130,74076,0,1,1,43251,43251,43251
8199,61811731605,1789006678143199,1789006678144246,74076,0,1,1,42479,42479,42479
8200,61811764914,1789006678176207,1789006678183109,74076,0,1,1,43153,43153,43153
8201,61811798222,1789006678209541,1789006678211835,74076,0,1,1,42681,42681,42681
8202,61811831531,1789006678242730,1789006678244195,74076,0,1,1,42491,42491,42491
8203,61811864840,1789006678276311,1789006678277643,74076,0,1,1,42433,42433,42433
8204,61811898148,1789006678309550,1789006678311284,74076,0,1,1,42390,42390,42390
8205,61811931457,1789006678342730,1789006678344238,74076,0,1,1,43086,43086,43086
8206,61811964765,1789006678375966,1789006678378648,74076,0,1,1,43105,43105,43105
8207,61811998074,1789006678409714,1789006678410973,74076,0,1,1,42960,42960,42960
8208,61812031383,1789006678442613,1789006678444135,74076,0,1,1,42367,42367,42367
8209,61812064691,1789006678475855,1789006678478214,74076,0,1,1,43010,43010,43010
8210,61812098000,1789006678509801,1789006678511571,74076,0,1,1,43172,43172,43172
8211,61812131308,1789006678542654,1789006678544063,74076,0,1,1,43155,43155,43155
8212,61812164617,1789006678575809,1789006678578235,74076,0,1,1,42357,42357,42357
8213,61812197926,1789006678609956,1789006678611664,74076,0,1,1,43248,43248,43248
8214,61812231234,1789006678642525,1789006678643992,74076,0,1,1,43023,43023,43023
8215,61812264543,1789006678675792,1789006678677235,74076,0,1,1,42412,42412,42412
8216,61812297851,1789006678710162,1789006678711644,74076,0,1,1,42360,42360,42360
8217,61812331160,1789006678742520,1789006678743908,74076,0,1,1,42999,42999,42999
8218,61812364469,1789006678775620,1789006678777242,74076,0,1,1,43068,43068,43068
8219,61812397777,1789006678809511,1789006678811803,74076,0,1,1,43171,43171,43171
8220,61812431086,1789006678842397,1789006678843869,74076,0,1,1,43072,43072,43072
8221,61812464394,1789006678875606,1789006678877053,74076,0,1,1,42417,42417,42417
8222,61812497703,1789006678909532,1789006678911389,74076,0,1,1,42463,42463,42463
8223,61812531012,1789006678942349,1789006678943616,74076,0,1,1,42472,42472,42472
8224,61812564320,1789006678975574,1789006678977104,74076,0,1,1,42310,42310,42310
8225,61812597629,1789006679009364,1789006679011358,74076,0,1,1,43303,43303,43303
8226,61812630937,1789006679042178,1789006679043702,74076,0,1,1,43019,43019,43019
8227,61812664246,1789006679075504,1789006679077005,74076,0,1,1,43203,43203,43203
8228,61812697555,1789006679118165,1789006679118656,74076,0,1,1,43341,43341,43341
8229,61812730863,1789006679142250,1789006679144016,74076,0,1,1,43054,43054,43054
8230,61812764172,1789006679175424,1789006679177002,74076,0,1,1,42365,42365,42365
8231,61812797480,1789006679209245,1789006679210721,74076,0,1,1,42602,42602,42602
8232,61812830789,1789006679242376,1789006679243436,74076,0,1,1,42521,42521,42521
8233,61812864098,1789006679275389,1789006679276856,74076,0,1,1,42410,42410,42410
8234,61812897406,1789006679308684,1789006679310199,74076,0,1,1,42479,42479,42479
8235,61812930715,1789006679341961,1789006679343726,74076,0,1,1,42610,42610,42610
8236,61812964023,1789006679375290,1789006679376796,74076,0,1,1,43308,43308,43308
8237,61812997332,1789006679409078,1789006679410698,74076,0,1,1,43273,43273,43273
8238,61813030641,1789006679442008,1789006679443426,74076,0,1,1,42332,42332,42332
8239,61813063949,1789006679475184,1789006679476717,74076,0,1,1,43225,43225,43225
8240,61813097258,1789006679509059,1789006679510682,74076,0,1,1,42261,42261,42261
8241,61813130566,1789006679542214,1789006679544141,74076,0,1,1,42472,42472,42472
8242,61813163875,1789006679575856,1789006679576787,74076,0,1,1,42319,42319,42319
8243,61813197184,1789006679608614,1789006679610725,74076,0,1,1,43136,43136,43136
8244,61813230492,1789006679647845,1789006679648578,74076,0,1,1,42320,42320,42320
8245,61813263801,1789006679675077,1789006679676452,74076,0,1,1,43038,43038,43038
8246,61813297109,1789006679708487,1789006679709951,74076,0,1,1,43161,43161,43161
8247,61813330418,1789006679741969,1789006679743775,74076,0,1,1,43224,43224,43224
8248,61813363727,1789006679775063,1789006679776368,74076,0,1,1,42378,42378,42378
8249,61813397035,1789006679808324,1789006679809971,74076,0,1,1,42540,42540,42540
8250,61813430344,1789006679842022,1789006679843792,74076,0,1,1,42402,42402,42402
8251,61813463652,1789006679874838,1789006679876345,74076,0,1,1,42352,42352,42352
8252,61813496961,1789006679908362,1789006679909824,74076,0,1,1,42454,42454,42454
8253,61813530270,1789006679941629,1789006679943042,74076,0,1,1,42547,42547,42547
8254,61813563578,1789006679974831,1789006679976261,74076,0,1,1,43342,43342,43342
8255,61813596887,1789006680008525,1789006680009734,74076,0,1,1,42441,42441,42441
8256,61813630195,1789006680042055,1789006680043704,74076,0,1,1,43256,43256,43256
8257,61813663504,1789006680074742,1789006680076236,74076,0,1,1,42460,42460,42460
8258,61813696813,1789006680108085,1789006680109573,74076,0,1,1,43299,43299,43299
8259,61813730121,1789006680141500,1789006680142837,74076,0,1,1,42438,42438,42438
8260,61813763430,1789006680174757,1789006680176202,74076,0,1,1,42401,42401,42401
8261,61813796738,1789006680208057,1789006680209429,74076,0,1,1,43113,43113,43113
8262,61813830047,1789006680242302,1789006680243818,74076,0,1,1,42395,42395,42395
8263,61813863356,1789006680274668,1789006680276071,74076,0,1,1,43107,43107,43107
8264,61813896664,1789006680307858,1789006680309388,74076,0,1,1,42441,42441,42441
8265,61813929973,1789006680342297,1789006680344095,74076,0,1,1,43318,43318,43318
8266,61813963281,1789006680374721,1789006680376200,74076,0,1,1,42517,42517,42517
8267,61813996590,1789006680407853,1789006680409280,74076,0,1,1,43233,43233,43233
8268,61814029899,1789006680441708,1789006680443348,74076,0,1,1,43171,43171,43171
8269,61814063207,1789006680474633,1789006680476171,74076,0,1,1,42155,42155,42155
8270,61814096516,1789006680507810,1789006680509279,74076,0,1,1,42220,42220,42220
8271,61814129824,1789006680541598,1789006680543275,74076,0,1,1,42167,42167,42167
8272,61814163133,1789006680575111,1789006680577802,74076,0,1,1,43052,43052,43052
8273,61814196442,1789006680607667,1789006680609352,74076,0,1,1,42600,42600,42600
8274,61814229750,1789006680641013,1789006680643365,74076,0,1,1,43046,43046,43046
8275,61814263059,1789006680677464,1789006680678131,74076,0,1,1,42526,42526,42526
8276,61814296367,1789006680707849,1789006680709240,74076,0,1,1,42661,42661,42661
8277,61814329676,1789006680740978,1789006680742346,74076,0,1,1,42954,42954,42954
8278,61814362985,1789006680776963,1789006680778674,74076,0,1,1,43117,43117,43117
8279,61814396293,1789006680807659,1789006680809189,74076,0,1,1,43310,43310,43310
8280,61814429602,1789006680840852,1789006680842247,74076,0,1,1,42364,42364,42364
8281,61814462910,1789006680874159,1789006680876984,74076,0,1,1,42456,42456,42456
8282,61814496219,1789006680907641,1789006680909121,74076,0,1,1,42425,42425,42425
8283,61814529528,1789006680940898,1789006680942151,74076,0,1,1,42448,42448,42448
8284,61814562836,1789006680974708,1789006680976387,74076,0,1,1,42501,42501,42501
8285,61814596145,1789006681007423,1789006681008983,74076,0,1,1,43384,43384,43384
8286,61814629453,1789006681040773,1789006681042292,74076,0,1,1,43002,43002,43002
8287,61814662762,1789006681074052,1789006681076548,74076,0,1,1,43049,43049,43049
8288,61814696071,1789006681107428,1789006681109034,74076,0,1,1,42387,42387,42387
8289,61814729379,1789006681140743,1789006681142163,74076,0,1,1,42458,42458,42458
8290,61814762688,1789006681174296,1789006681176125,74076,0,1,1,43175,43175,43175
8291,61814795996,1789006681213216,1789006681215542,74076,0,1,1,42555,42555,42555
8292,61814829305,1789006681240633,1789006681242097,74076,0,1,1,43315,43315,43315
8293,61814862614,1789006681273886,1789006681275343,74076,0,1,1,43172,43172,43172
8294,61814895922,1789006681307660,1789006681308787,74076,0,1,1,42318,42318,42318
8295,61814929231,1789006681340679,1789006681341916,74076,0,1,1,42977,42977,42977
8296,61814962539,1789006681374248,1789006681375818,74076,0,1,1,42572,42572,42572
8297,61814995848,1789006681407165,1789006681408660,74076,0,1,1,43315,43315,43315
8298,61815029157,1789006681440516,1789006681441961,74076,0,1,1,42591,42591,42591
8299,61815062465,1789006681473808,1789006681475245,74076,0,1,1,42426,42426,42426
8300,61815095774,1789006681507174,1789006681508600,74076,0,1,1,43175,43175,43175
8301,61815129082,1789006681540704,1789006681541826,74076,0,1,1,43275,43275,43275
8302,61815162391,1789006681573670,1789006681576161,74076,0,1,1,43078,43078,43078
8303,61815195700,1789006681607420,1789006681609070,74076,0,1,1,43511,43511,43511
8304,61815229008,1789006681640321,1789006681641825,74076,0,1,1,42994,42994,42994
8305,61815262317,1789006681673649,1789006681675219,74076,0,1,1,43017,43017,43017
8306,61815295625,1789006681707766,1789006681709314,74076,0,1,1,42521,42521,42521
8307,61815328934,1789006681740363,1789006681741764,74076,0,1,1,42510,42510,42510
8308,61815362243,1789006681773605,1789006681775045,74076,0,1,1,43153,43153,43153
8309,61815395551,1789006681807205,1789006681809157,74076,0,1,1,42341,42341,42341
8310,61815428860,1789006681840122,1789006681841532,74076,0,1,1,42492,42492,42492
8311,61815462168,1789006681873519,1789006681874957,74076,0,1,1,43162,43162,43162
8312,61815495477,1789006681907276,1789006681908957,74076,0,1,1,43190,43190,43190
8313,61815528786,1789006681940181,1789006681941454,74076,0,1,1,43207,43207,43207
8314,61815562094,1789006681973524,1789006681974974,74076,0,1,1,43093,43093,43093
8315,61815595403,1789006682007099,1789006682008950,74076,0,1,1,43285,43285,43285
8316,61815628711,1789006682040041,1789006682041371,74076,0,1,1,43260,43260,43260
8317,61815662020,1789006682073341,1789006682074982,74076,0,1,1,43069,43069,43069
8318,61815695329,1789006682106617,1789006682108206,74076,0,1,1,43302,43302,43302
8319,61815728637,1789006682140012,1789006682141400,74076,0,1,1,43204,43204,43204
8320,61815761946,1789006682173227,1789006682174586,74076,0,1,1,42984,42984,42984
8321,61815795254,1789006682206599,1789006682208121,74076,0,1,1,42551,42551,42551
8322,61815828563,1789006682239904,1789006682241288,74076,0,1,1,43097,43097,43097
8323,61815861872,1789006682273164,1789006682274416,74076,0,1,1,42485,42485,42485
8324,61815895180,1789006682307070,1789006682309254,74076,0,1,1,43232,43232,43232
8325,61815928489,1789006682339772,1789006682341345,74076,0,1,1,42328,42328,42328
8326,61815961797,1789006682373135,1789006682374540,74076,0,1,1,42299,42299,42299
8327,61815995106,1789006682407208,1789006682408859,74076,0,1,1,42279,42279,42279
8328,61816028415,1789006682439796,1789006682441205,74076,0,1,1,43151,43151,43151
8329,61816061723,1789006682473069,1789006682474468,74076,0,1,1,43110,43110,43110
8330,61816095032,1789006682506776,1789006682508661,74076,0,1,1,42478,42478,42478
8331,61816128340,1789006682539671,1789006682541303,74076,0,1,1,43311,43311,43311
8332,61816161649,1789006682573029,1789006682574392,74076,0,1,1,43122,43122,43122
8333,61816194958,1789006682606840,1789006682608641,74076,0,1,1,42469,42469,42469
8334,61816228266,1789006682639638,1789006682641028,74076,0,1,1,42543,42543,42543
8335,61816261575,1789006682672904,1789006682674262,74076,0,1,1,42484,42484,42484
8336,61816294883,1789006682706177,1789006682707853,74076,0,1,1,43218,43218,43218
8337,61816328192,1789006682739874,1789006682741322,74076,0,1,1,42548,42548,42548
8338,61816361501,1789006682773467,1789006682774687,74076,0,1,1,42942,42942,42942
8339,61816394809,1789006682806068,1789006682807678,74076,0,1,1,43337,43337,43337
8340,61816428118,1789006682839952,1789006682841475,74076,0,1,1,43229,43229,43229
8341,61816461426,1789006682872751,1789006682874227,74076,0,1,1,42591,42591,42591
8342,61816494735,1789006682906083,1789006682907670,74076,0,1,1,42417,42417,42417
8343,61816528044,1789006682939736,1789006682941606,74076,0,1,1,42501,42501,42501
8344,61816561352,1789006682972723,1789006682974217,74076,0,1,1,42491,42491,42491
8345,61816594661,1789006683005983,1789006683007570,74076,0,1,1,43152,43152,43152
8346,61816627969,1789006683039734,1789006683041846,74076,0,1,1,43311,43311,43311
8347,61816661278,1789006683072541,1789006683074041,74076,0,1,1,42376,42376,42376
8348,61816694587,1789006683105939,1789006683107579,74076,0,1,1,42571,42571,42571
8349,61816727895,1789006683139641,1789006683141475,74076,0,1,1,43292,43292,43292
8350,61816761204,1789006683172526,1789006683174038,74076,0,1,1,42441,42441,42441
8351,61816794512,1789006683205804,1789006683207356,74076,0,1,1,43272,43272,43272
8352,61816827821,1789006683239178,1789006683241304,74076,0,1,1,43238,43238,43238
8353,61816861130,1789006683272556,1789006683274029,74076,0,1,1,43112,43112,43112
8354,61816894438,1789006683305888,1789006683307911,74076,0,1,1,43099,43099,43099
8355,61816927747,1789006683339580,1789006683341113,74076,0,1,1,43134,43134,43134
8356,61816961055,1789006683372446,1789006683374022,74076,0,1,1,43070,43070,43070
8357,61816994364,1789006683405676,1789006683407373,74076,0,1,1,43389,43389,43389
8358,61817027673,1789006683439504,1789006683441647,74076,0,1,1,43319,43319,43319
8359,61817060981,1789006683472373,1789006683473951,74076,0,1,1,43100,43100,43100
8360,61817094290,1789006683505631,1789006683507354,74076,0,1,1,42426,42426,42426
8361,61817127598,1789006683539379,1789006683540972,74076,0,1,1,43258,43258,43258
8362,61817160907,1789006683572307,1789006683573868,74076,0,1,1,43023,43023,43023
8363,61817194216,1789006683605521,1789006683607129,74076,0,1,1,43225,43225,43225
8364,61817227524,1789006683638907,1789006683640460,74076,0,1,1,42589,42589,42589
8365,61817260833,1789006683672234,1789006683673808,74076,0,1,1,42468,42468,42468
8366,61817294141,1789006683705509,1789006683707116,74076,0,1,1,42454,42454,42454
8367,61817327450,1789006683739414,1789006683741391,74076,0,1,1,43127,43127,43127
8368,61817360759,1789006683772287,1789006683773814,74076,0,1,1,42438,42438,42438
8369,61817394067,1789006683805391,1789006683806932,74076,0,1,1,42504,42504,42504
8370,61817427376,1789006683838620,1789006683840473,74076,0,1,1,42466,42466,42466
8371,61817460684,1789006683872602,1789006683873913,74076,0,1,1,43144,43144,43144
8372,61817493993,1789006683905258,1789006683906691,74076,0,1,1,42522,42522,42522
8373,61817527302,1789006683938746,1789006683941168,74076,0,1,1,42696,42696,42696
8374,61817560610,1789006683972835,1789006683974367,74076,0,1,1,42535,42535,42535
8375,61817593919,1789006684005269,1789006684006864,74076,0,1,1,43188,43188,43188
8376,61817627227,1789006684038616,1789006684040098,74076,0,1,1,42551,42551,42551
8377,61817660536,1789006684073112,1789006684074411,74076,0,1,1,43250,43250,43250
8378,61817693845,1789006684105230,1789006684106735,74076,0,1,1,43099,43099,43099
8379,61817727153,1789006684138446,1789006684140100,74076,0,1,1,43407,43407,43407
8380,61817760462,1789006684172152,1789006684175026,74076,0,1,1,42516,42516,42516
8381,61817793770,1789006684205123,1789006684206743,74076,0,1,1,42557,42557,42557
8382,61817827079,1789006684238473,1789006684240062,74076,0,1,1,42532,42532,42532
8383,61817860388,1789006684271785,1789006684273765,74076,0,1,1,42478,42478,42478
8384,61817893696,1789006684305051,1789006684306535,74076,0,1,1,42443,42443,42443
8385,61817927005,1789006684338412,1789006684340028,74076,0,1,1,42572,42572,42572
8386,61817960313,1789006684372231,1789006684373757,74076,0,1,1,42337,42337,42337
8387,61817993622,1789006684404937,1789006684406735,74076,0,1,1,43100,43100,43100
8388,61818026931,1789006684438275,1789006684439900,74076,0,1,1,43275,43275,43275
8389,61818060239,1789006684472171,1789006684473657,74076,0,1,1,43154,43154,43154
8390,61818093548,1789006684504929,1789006684506532,74076,0,1,1,42633,42633,42633
8391,61818126856,1789006684538252,1789006684539863,74076,0,1,1,42446,42446,42446
8392,61818160165,1789006684571992,1789006684574101,74076,0,1,1,43332,43332,43332
8393,61818193474,1789006684604797,1789006684606336,74076,0,1,1,42653,42653,42653
8394,61818226782,1789006684638237,1789006684639868,74076,0,1,1,43103,43103,43103
8395,61818260091,1789006684671457,1789006684673698,74076,0,1,1,43275,43275,43275
8396,61818293399,1789006684704707,1789006684706322,74076,0,1,1,42519,42519,42519
8397,61818326708,1789006684738094,1789006684739743,74076,0,1,1,42585,42585,42585
8398,61818360017,1789006684771883,1789006684773365,74076,0,1,1,42443,42443,42443
8399,61818393325,1789006684804717,1789006684806271,74076,0,1,1,43162,43162,43162
8400,61818426634,1789006684838287,1789006684839285,74076,0,1,1,42436,42436,42436
8401,61818459942,1789006684872051,1789006684873128,74076,0,1,1,43274,43274,43274
8402,61818493251,1789006684906251,1789006684906760,74076,0,1,1,43380,43380,43380
8403,61818526560,1789006684938148,1789006684939887,74076,0,1,1,42470,42470,42470
8404,61818559868,1789006684971714,1789006684973774,74076,0,1,1,42522,42522,42522
8405,61818593177,1789006685004977,1789006685007220,74076,0,1,1,43422,43422,43422
8406,61818626485,1789006685037912,1789006685039748,74076,0,1,1,42523,42523,42523
8407,61818659794,1789006685071127,1789006685072710,74076,0,1,1,43018,43018,43018
8408,61818693103,1789006685104967,1789006685106717,74076,0,1,1,42494,42494,42494
8409,61818726411,1789006685137736,1789006685139359,74076,0,1,1,42556,42556,42556
8410,61818759720,1789006685171519,1789006685172522,74076,0,1,1,43171,43171,43171
8411,61818793028,1789006685204859,1789006685207086,74076,0,1,1,43098,43098,43098
8412,61818826337,1789006685237728,1789006685239123,74076,0,1,1,43356,43356,43356
8413,61818859646,1789006685271071,1789006685272738,74076,0,1,1,43270,43270,43270
8414,61818892954,1789006685305175,1789006685306668,74076,0,1,1,42576,42576,42576
8415,61818926263,1789006685337596,1789006685339170,74076,0,1,1,42585,42585,42585
8416,61818959571,1789006685370995,1789006685372635,74076,0,1,1,42430,42430,42430
8417,61818992880,1789006685404607,1789006685406747,74076,0,1,1,43423,43423,43423
8418,61819026189,1789006685437667,1789006685439319,74076,0,1,1,42397,42397,42397
8419,61819059497,1789006685470967,1789006685472376,74076,0,1,1,43204,43204,43204
8420,61819092806,1789006685504194,1789006685506384,74076,0,1,1,42606,42606,42606
8421,61819126114,1789006685537513,1789006685539217,74076,0,1,1,43281,43281,43281
8422,61819159423,1789006685570839,1789006685572397,74076,0,1,1,42424,42424,42424
8423,61819192732,1789006685604602,1789006685606861,74076,0,1,1,43369,43369,43369
8424,61819226040,1789006685637333,1789006685638982,74076,0,1,1,43394,43394,43394
8425,61819259349,1789006685670858,1789006685672409,74076,0,1,1,42467,42467,42467
8426,61819292657,1789006685704499,1789006685706882,74076,0,1,1,42459,42459,42459
8427,61819325966,1789006685737350,1789006685738905,74076,0,1,1,42654,42654,42654
8428,61819359275,1789006685770717,1789006685772239,74076,0,1,1,42487,42487,42487
8429,61819392583,1789006685804823,1789006685806400,74076,0,1,1,43177,43177,43177
8430,61819425892,1789006685837303,1789006685838775,74076,0,1,1,43412,43412,43412
8431,61819459200,1789006685870595,1789006685872142,74076,0,1,1,42544,42544,42544
8432,61819492509,1789006685904533,1789006685906694,74076,0,1,1,42499,42499,42499
8433,61819525818,1789006685937181,1789006685938958,74076,0,1,1,43328,43328,43328
8434,61819559126,1789006685970560,1789006685972124,74076,0,1,1,42632,42632,42632
8435,61819592435,1789006686003836,1789006686005389,74076,0,1,1,42527,42527,42527
8436,61819625743,1789006686037555,1789006686040196,74076,0,1,1,42515,42515,42515
8437,61819659052,1789006686070886,1789006686071956,74076,0,1,1,43232,43232,43232
8438,61819692361,1789006686103725,1789006686105288,74076,0,1,1,43007,43007,43007
8439,61819725669,1789006686137151,1789006686138783,74076,0,1,1,43497,43497,43497
8440,61819758978,1789006686170401,1789006686172021,74076,0,1,1,43254,43254,43254
8441,61819792286,1789006686203624,1789006686205688,74076,0,1,1,43298,43298,43298
8442,61819825595,1789006686237593,1789006686239392,74076,0,1,1,43423,43423,43423
8443,61819858904,1789006686270412,1789006686272169,74076,0,1,1,43138,43138,43138
8444,61819892212,1789006686303539,1789006686305129,74076,0,1,1,43189,43189,43189
8445,61819925521,1789006686337141,1789006686339920,74076,0,1,1,43273,43273,43273
8446,61819958829,1789006686370319,1789006686371867,74076,0,1,1,42553,42553,42553
8447,61819992138,1789006686403527,1789006686405140,74076,0,1,1,42374,42374,42374
8448,61820025447,1789006686437281,1789006686439754,74076,0,1,1,42610,42610,42610
8449,61820058755,1789006686470166,1789006686471763,74076,0,1,1,42494,42494,42494
8450,61820092064,1789006686503457,1789006686505065,74076,0,1,1,43136,43136,43136
8451,61820125372,1789006686537205,1789006686539001,74076,0,1,1,42747,42747,42747
8452,61820158681,1789006686570463,1789006686571925,74076,0,1,1,42301,42301,42301
8453,61820191990,1789006686603377,1789006686605203,74076,0,1,1,43281,43281,43281
8454,61820225298,1789006686636607,1789006686638683,74076,0,1,1,42776,42776,42776
8455,61820258607,1789006686670064,1789006686671571,74076,0,1,1,43243,43243,43243
8456,61820291915,1789006686703343,1789006686704937,74076,0,1,1,42641,42641,42641
8457,61820325224,1789006686736842,1789006686739423,74076,0,1,1,43210,43210,43210
8458,61820358533,1789006686769923,1789006686771570,74076,0,1,1,43357,43357,43357
8459,61820391841,1789006686803161,1789006686804788,74076,0,1,1,43317,43317,43317
8460,61820425150,1789006686836552,1789006686838719,74076,0,1,1,43318,43318,43318
8461,61820458458,1789006686869934,1789006686871474,74076,0,1,1,43413,43413,43413
8462,61820491767,1789006686903145,1789006686904752,74076,0,1,1,42606,42606,42606
8463,61820525076,1789006686936936,1789006686939006,74076,0,1,1,43463,43463,43463
8464,61820558384,1789006686970501,1789006686972679,74076,0,1,1,42592,42592,42592
8465,61820591693,1789006687003019,1789006687004900,74076,0,1,1,43158,43158,43158
8466,61820625001,1789006687036413,1789006687038057,74076,0,1,1,43334,43334,43334
8467,61820658310,1789006687069799,1789006687071339,74076,0,1,1,42509,42509,42509
8468,61820691619,1789006687103017,1789006687104513,74076,0,1,1,42511,42511,42511
8469,61820724927,1789006687136367,1789006687138681,74076,0,1,1,43234,43234,43234
8470,61820758236,1789006687170095,1789006687172333,74076,0,1,1,42510,42510,42510
8471,61820791544,1789006687202937,1789006687204531,74076,0,1,1,42551,42551,42551
8472,61820824853,1789006687236953,1789006687238393,74076,0,1,1,43207,43207,43207
8473,61820858162,1789006687269982,1789006687271462,74076,0,1,1,43318,43318,43318
8474,61820891470,1789006687302982,1789006687304580,74076,0,1,1,42524,42524,42524
8475,61820924779,1789006687336159,1789006687338308,74076,0,1,1,43293,43293,43293
8476,61820958087,1789006687370047,1789006687371617,74076,0,1,1,43349,43349,43349
8477,61820991396,1789006687402706,1789006687404390,74076,0,1,1,43369,43369,43369
8478,61821024705,1789006687435977,1789006687437571,74076,0,1,1,43258,43258,43258
8479,61821058013,1789006687469813,1789006687471682,74076,0,1,1,43267,43267,43267
8480,61821091322,1789006687502655,1789006687504212,74076,0,1,1,43242,43242,43242
8481,61821124630,1789006687535971,1789006687537640,74076,0,1,1,42560,42560,42560
8482,61821157939,1789006687569750,1789006687571880,74076,0,1,1,43193,43193,43193
8483,61821191248,1789006687602633,1789006687604220,74076,0,1,1,43215,43215,43215
8484,61821224556,1789006687635912,1789006687637437,74076,0,1,1,43335,43335,43335
8485,61821257865,1789006687670174,1789006687671983,74076,0,1,1,43376,43376,43376
8486,61821291173,1789006687702628,1789006687704164,74076,0,1,1,43129,43129,43129
8487,61821324482,1789006687735901,1789006687737434,74076,0,1,1,42588,42588,42588
8488,61821357791,1789006687769681,1789006687771411,74076,0,1,1,42696,42696,42696
8489,61821391099,1789006687802454,1789006687804042,74076,0,1,1,42604,42604,42604
8490,61821424408,1789006687835731,1789006687837428,74076,0,1,1,43020,43020,43020
8491,61821457716,1789006687869421,1789006687871077,74076,0,1,1,42592,42592,42592
8492,61821491025,1789006687902485,1789006687904163,74076,0,1,1,43355,43355,43355
8493,61821524334,1789006687935770,1789006687937409,74076,0,1,1,43318,43318,43318
8494,61821557642,1789006687969107,1789006687971425,74076,0,1,1,42639,42639,42639
8495,61821590951,1789006688002403,1789006688003910,74076,0,1,1,42594,42594,42594
8496,61821624259,1789006688035664,1789006688037140,74076,0,1,1,42660,42660,42660
8497,61821657568,1789006688069030,1789006688070596,74076,0,1,1,43202,43202,43202
8498,61821690877,1789006688102340,1789006688103958,74076,0,1,1,42605,42605,42605
8499,61821724185,1789006688135476,1789006688137144,74076,0,1,1,42493,42493,42493
8500,61821757494,1789006688168991,1789006688171320,74076,0,1,1,42523,42523,42523
8501,61821790802,1789006688202223,1789006688203774,74076,0,1,1,42474,42474,42474
8502,61821824111,1789006688235466,1789006688237026,74076,0,1,1,43317,43317,43317
8503,61821857420,1789006688268942,1789006688271074,74076,0,1,1,43265,43265,43265
8504,61821890728,1789006688305424,1789006688305721,74076,0,1,1,43211,43211,43211
8505,61821924037,1789006688335429,1789006688337027,74076,0,1,1,42306,42306,42306
8506,61821957345,1789006688369135,1789006688370591,74076,0,1,1,42420,42420,42420
8507,61821990654,1789006688402450,1789006688404185,74076,0,1,1,42489,42489,42489
8508,61822023963,1789006688435272,1789006688436914,74076,0,1,1,43164,43164,43164
8509,61822057271,1789006688468677,1789006688470185,74076,0,1,1,42595,42595,42595
8510,61822090580,1789006688504399,1789006688505211,74076,0,1,1,43035,43035,43035
8511,61822123888,1789006688535961,1789006688538050,74076,0,1,1,42435,42435,42435
8512,61822157197,1789006688568653,1789006688570155,74076,0,1,1,42671,42671,42671
8513,61822190506,1789006688601940,1789006688603972,74076,0,1,1,43108,43108,43108
8514,61822223814,1789006688635129,1789006688636824,74076,0,1,1,42522,42522,42522
8515,61822257123,1789006688668602,1789006688670019,74076,0,1,1,42776,42776,42776
8516,61822290431,1789006688705570,1789006688705988,74076,0,1,1,43140,43140,43140
8517,61822323740,1789006688735286,1789006688736858,74076,0,1,1,43179,43179,43179
8518,61822357049,1789006688768464,1789006688769930,74076,0,1,1,43225,43225,43225
8519,61822390357,1789006688801775,1789006688803914,74076,0,1,1,42311,42311,42311
8520,61822423666,1789006688835105,1789006688836713,74076,0,1,1,42605,42605,42605
8521,61822456974,1789006688868414,1789006688870020,74076,0,1,1,42759,42759,42759
8522,61822490283,1789006688902115,1789006688904373,74076,0,1,1,42373,42373,42373
8523,61822523592,1789006688935006,1789006688936589,74076,0,1,1,43280,43280,43280
8524,61822556900,1789006688968380,1789006688969945,74076,0,1,1,43080,43080,43080
8525,61822590209,1789006689002000,1789006689003684,74076,0,1,1,42342,42342,42342
8526,61822623517,1789006689034928,1789006689036512,74076,0,1,1,42314,42314,42314
8527,61822656826,1789006689068715,1789006689069500,74076,0,1,1,43421,43421,43421
8528,61822690135,1789006689101877,1789006689103662,74076,0,1,1,42588,42588,42588
8529,61822723443,1789006689134702,1789006689136455,74076,0,1,1,42424,42424,42424
8530,61822756752,1789006689168256,1789006689170173,74076,0,1,1,42583,42583,42583
8531,61822790060,1789006689201503,1789006689203100,74076,0,1,1,43119,43119,43119
8532,61822823369,1789006689234861,1789006689236430,74076,0,1,1,43192,43192,43192
8533,61822856678,1789006689268053,1789006689269534,74076,0,1,1,43150,43150,43150
8534,61822889986,1789006689301419,1789006689302985,74076,0,1,1,42587,42587,42587
8535,61822923295,1789006689334734,1789006689336401,74076,0,1,1,42493,42493,42493
8536,61822956603,1789006689367967,1789006689369522,74076,0,1,1,42559,42559,42559
8537,61822989912,1789006689401365,1789006689403010,74076,0,1,1,43198,43198,43198
8538,61823023221,1789006689435264,1789006689436452,74076,0,1,1,42398,42398,42398
8539,61823056529,1789006689467978,1789006689469426,74076,0,1,1,43324,43324,43324
8540,61823089838,1789006689501811,1789006689503595,74076,0,1,1,42494,42494,42494
8541,61823123146,1789006689535104,1789006689536671,74076,0,1,1,43172,43172,43172
8542,61823156455,1789006689567899,1789006689570934,74076,0,1,1,43504,43504,43504
8543,61823189764,1789006689601118,1789006689602609,74076,0,1,1,42603,42603,42603
8544,61823223072,1789006689634972,1789006689637355,74076,0,1,1,42524,42524,42524
8545,61823256381,1789006689667969,1789006689669490,74076,0,1,1,43186,43186,43186
8546,61823289689,1789006689701195,1789006689702818,74076,0,1,1,42516,42516,42516
8547,61823322998,1789006689735490,1789006689737097,74076,0,1,1,42492,42492,42492
8548,61823356307,1789006689767754,1789006689769244,74076,0,1,1,43528,43528,43528
8549,61823389615,1789006689801039,1789006689802511,74076,0,1,1,42511,42511,42511
8550,61823422924,1789006689834376,1789006689836224,74076,0,1,1,42285,42285,42285
8551,61823456232,1789006689867775,1789006689869325,74076,0,1,1,43265,43265,43265
8552,61823489541,1789006689901037,1789006689902559,74076,0,1,1,42751,42751,42751
8553,61823522850,1789006689934773,1789006689936510,74076,0,1,1,43127,43127,43127
8554,61823556158,1789006689967728,1789006689969291,74076,0,1,1,42502,42502,42502
8555,61823589467,1789006690000917,1789006690002555,74076,0,1,1,43155,43155,43155
8556,61823622775,1789006690034709,1789006690036427,74076,0,1,1,43280,43280,43280
8557,61823656084,1789006690067561,1789006690069274,74076,0,1,1,42488,42488,42488
8558,61823689393,1789006690100901,1789006690102401,74076,0,1,1,43230,43230,43230
8559,61823722701,1789006690134168,1789006690135791,74076,0,1,1,42245,42245,42245
8560,61823756010,1789006690167388,1789006690169183,74076,0,1,1,42655,42655,42655
8561,61823789318,1789006690200766,1789006690202348,74076,0,1,1,43232,43232,43232
8562,61823822627,1789006690235699,1789006690236470,74076,0,1,1,43276,43276,43276
8563,61823855936,1789006690267384,1789006690268895,74076,0,1,1,42512,42512,42512
8564,61823889244,1789006690300849,1789006690302396,74076,0,1,1,42492,42492,42492
8565,61823922553,1789006690334281,1789006690335933,74076,0,1,1,43231,43231,43231
8566,61823955861,1789006690367342,1789006690368962,74076,0,1,1,42566,42566,42566
8567,61823989170,1789006690400627,1789006690402188,74076,0,1,1,42351,42351,42351
8568,61824022479,1789006690434379,1789006690436203,74076,0,1,1,42485,42485,42485
8569,61824055787,1789006690467184,1789006690468834,74076,0,1,1,43247,43247,43247
8570,61824089096,1789006690500877,1789006690502115,74076,0,1,1,43184,43184,43184
8571,61824122404,1789006690534024,1789006690536322,74076,0,1,1,43514,43514,43514
8572,61824155713,1789006690567508,1789006690569769,74076,0,1,1,43503,43503,43503
8573,61824189022,1789006690600475,1789006690602054,74076,0,1,1,42421,42421,42421
8574,61824222330,1789006690634138,1789006690636293,74076,0,1,1,42536,42536,42536
8575,61824255639,1789006690668006,1789006690669577,74076,0,1,1,42379,42379,42379
8576,61824288947,1789006690700680,1789006690701921,74076,0,1,1,42420,42420,42420
8577,61824322256,1789006690733716,1789006690735287,74076,0,1,1,43111,43111,43111
8578,61824355565,1789006690767516,1789006690769725,74076,0,1,1,42582,42582,42582
8579,61824388873,1789006690800339,1789006690801936,74076,0,1,1,42429,42429,42429
8580,61824422182,1789006690833646,1789006690835173,74076,0,1,1,43264,43264,43264
8581,61824455490,1789006690867493,1789006690869353,74076,0,1,1,42451,42451,42451
8582,61824488799,1789006690900825,1789006690901772,74076,0,1,1,43315,43315,43315
8583,61824522108,1789006690933545,1789006690935094,74076,0,1,1,42265,42265,42265
8584,61824555416,1789006690966702,1789006690968922,74076,0,1,1,42619,42619,42619
8585,61824588725,1789006691000146,1789006691001798,74076,0,1,1,42496,42496,42496
8586,61824622033,1789006691033438,1789006691035066,74076,0,1,1,42487,42487,42487
8587,61824655342,1789006691067269,1789006691069093,74076,0,1,1,43210,43210,43210
8588,61824688651,1789006691100901,1789006691101810,74076,0,1,1,42532,42532,42532
8589,61824721959,1789006691133328,1789006691134926,74076,0,1,1,43170,43170,43170
8590,61824755268,1789006691167015,1789006691169297,74076,0,1,1,43386,43386,43386
8591,61824788576,1789006691200018,1789006691201579,74076,0,1,1,43359,43359,43359
8592,61824821885,1789006691233419,1789006691235005,74076,0,1,1,43281,43281,43281
8593,61824855194,1789006691267252,1789006691268903,74076,0,1,1,42491,42491,42491
8594,61824888502,1789006691301635,1789006691302190,74076,0,1,1,43252,43252,43252
8595,61824921811,1789006691333247,1789006691334719,74076,0,1,1,43281,43281,43281
8596,61824955119,1789006691366528,1789006691368455,74076,0,1,1,43264,43264,43264
8597,61824988428,1789006691399850,1789006691401416,74076,0,1,1,43347,43347,43347
8598,61825021737,1789006691433205,1789006691434711,74076,0,1,1,42553,42553,42553
8599,61825055045,1789006691466498,1789006691468071,74076,0,1,1,42522,42522,42522
8600,61825088354,1789006691500933,1789006691501397,74076,0,1,1,43274,43274,43274
8601,61825121662,1789006691533655,1789006691534511,74076,0,1,1,43082,43082,43082
8602,61825154971,1789006691566609,1789006691568712,74076,0,1,1,42548,42548,42548
8603,61825188280,1789006691599819,1789006691601408,74076,0,1,1,42658,42658,42658
8604,61825221588,1789006691633057,1789006691634542,74076,0,1,1,43180,43180,43180
8605,61825254897,1789006691666304,1789006691667968,74076,0,1,1,43010,43010,43010
8606,61825288205,1789006691700514,1789006691704228,74076,0,1,1,43220,43220,43220
8607,61825321514,1789006691732995,1789006691734496,74076,0,1,1,43124,43124,43124
8608,61825354823,1789006691766248,1789006691767940,74076,0,1,1,43224,43224,43224
8609,61825388131,1789006691800047,1789006691801857,74076,0,1,1,42314,42314,42314
8610,61825421440,1789006691832932,1789006691834322,74076,0,1,1,43213,43213,43213
8611,61825454748,1789006691866107,1789006691868078,74076,0,1,1,42528,42528,42528
8612,61825488057,1789006691899884,1789006691901814,74076,0,1,1,42946,42946,42946
8613,61825521366,1789006691932867,1789006691934364,74076,0,1,1,42552,42552,42552
8614,61825554674,1789006691966071,1789006691967718,74076,0,1,1,43245,43245,43245
8615,61825587983,1789006691999922,1789006692001928,74076,0,1,1,43255,43255,43255
8616,61825621291,1789006692032825,1789006692034482,74076,0,1,1,42458,42458,42458
8617,61825654600,1789006692066058,1789006692067675,74076,0,1,1,42481,42481,42481
8618,61825687909,1789006692099969,1789006692101899,74076,0,1,1,43274,43274,43274
8619,61825721217,1789006692132691,1789006692134240,74076,0,1,1,43253,43253,43253
8620,61825754526,1789006692165978,1789006692167538,74076,0,1,1,43198,43198,43198
8621,61825787834,1789006692199830,1789006692201355,74076,0,1,1,43284,43284,43284
8622,61825821143,1789006692232630,1789006692234170,74076,0,1,1,42258,42258,42258
8623,61825854452,1789006692265818,1789006692267460,74076,0,1,1,42559,42559,42559
8624,61825887760,1789006692299679,1789006692301473,74076,0,1,1,42582,42582,42582
8625,61825921069,1789006692332557,1789006692334111,74076,0,1,1,42471,42471,42471
8626,61825954377,1789006692366064,1789006692367630,74076,0,1,1,42517,42517,42517
8627,61825987686,1789006692399166,1789006692401363,74076,0,1,1,42288,42288,42288
8628,61826020995,1789006692432439,1789006692433935,74076,0,1,1,43158,43158,43158
8629,61826054303,1789006692465717,1789006692467604,74076,0,1,1,42491,42491,42491
8630,61826087612,1789006692499702,1789006692501935,74076,0,1,1,42545,42545,42545
8631,61826120920,1789006692532400,1789006692533978,74076,0,1,1,42636,42636,42636
8632,61826154229,1789006692565616,1789006692567272,74076,0,1,1,42528,42528,42528
8633,61826187538,1789006692599030,1789006692601247,74076,0,1,1,43294,43294,43294
8634,61826220846,1789006692632348,1789006692633957,74076,0,1,1,43205,43205,43205
8635,61826254155,1789006692665571,1789006692666971,74076,0,1,1,42597,42597,42597
8636,61826287463,1789006692699294,1789006692701679,74076,0,1,1,42496,42496,42496
8637,61826320772,1789006692733304,1789006692734210,74076,0,1,1,43013,43013,43013
8638,61826354081,1789006692765515,1789006692767028,74076,0,1,1,43191,43191,43191
8639,61826387389,1789006692798876,1789006692800467,74076,0,1,1,42522,42522,42522
8640,61826420698,1789006692832661,1789006692834332,74076,0,1,1,43197,43197,43197
8641,61826454006,1789006692865447,1789006692866886,74076,0,1,1,43379,43379,43379
8642,61826487315,1789006692900707,1789006692902432,74076,0,1,1,42644,42644,42644
8643,61826520624,1789006692932474,1789006692934430,74076,0,1,1,43150,43150,43150
8644,61826553932,1789006692965343,1789006692966915,74076,0,1,1,43262,43262,43262
8645,61826587241,1789006692998676,1789006693000570,74076,0,1,1,43205,43205,43205
8646,61826620549,1789006693032730,1789006693034427,74076,0,1,1,43081,43081,43081
8647,61826653858,1789006693065217,1789006693066599,74076,0,1,1,42621,42621,42621
8648,61826687167,1789006693098633,1789006693100329,74076,0,1,1,43374,43374,43374
8649,61826720475,1789006693132275,1789006693135030,74076,0,1,1,42639,42639,42639
8650,61826753784,1789006693165245,1789006693166642,74076,0,1,1,42501,42501,42501
8651,61826787092,1789006693198582,1789006693200062,74076,0,1,1,43397,43397,43397
8652,61826820401,1789006693231837,1789006693234400,74076,0,1,1,42497,42497,42497
8653,61826853710,1789006693265120,1789006693266507,74076,0,1,1,42603,42603,42603
8654,61826887018,1789006693298498,1789006693300177,74076,0,1,1,42481,42481,42481
8655,61826920327,1789006693332332,1789006693333855,74076,0,1,1,43195,43195,43195
8656,61826953635,1789006693365096,1789006693366550,74076,0,1,1,42423,42423,42423
8657,61826986944,1789006693398312,1789006693399810,74076,0,1,1,43299,43299,43299
8658,61827020253,1789006693432318,1789006693433746,74076,0,1,1,43186,43186,43186
8659,61827053561,1789006693464937,1789006693466382,74076,0,1,1,42633,42633,42633
8660,61827086870,1789006693498365,1789006693500014,74076,0,1,1,42531,42531,42531
8661,61827120178,1789006693532034,1789006693534224,74076,0,1,1,43193,43193,43193
8662,61827153487,1789006693565275,1789006693566582,74076,0,1,1,42352,42352,42352
8663,61827186796,1789006693598338,1789006693599904,74076,0,1,1,43171,43171,43171
8664,61827220104,1789006693631640,1789006693633195,74076,0,1,1,43029,43029,43029
8665,61827253413,1789006693664711,1789006693666370,74076,0,1,1,43248,43248,43248
8666,61827286721,1789006693698324,1789006693700113,74076,0,1,1,43202,43202,43202
8667,61827320030,1789006693731545,1789006693733675,74076,0,1,1,42414,42414,42414
8668,61827353339,1789006693764881,1789006693766608,74076,0,1,1,42381,42381,42381
8669,61827386647,1789006693798623,1789006693799489,74076,0,1,1,42682,42682,42682
8670,61827419956,1789006693831743,1789006693833925,74076,0,1,1,42298,42298,42298
8671,61827453264,1789006693864830,1789006693866277,74076,0,1,1,43088,43088,43088
8672,61827486573,1789006693898007,1789006693900104,74076,0,1,1,42619,42619,42619
8673,61827519882,1789006693931363,1789006693933553,74076,0,1,1,43245,43245,43245
8674,61827553190,1789006693965126,1789006693966651,74076,0,1,1,43289,43289,43289
8675,61827586499,1789006693998030,1789006693999523,74076,0,1,1,43314,43314,43314
8676,61827619807,1789006694031271,1789006694032861,74076,0,1,1,42535,42535,42535
8677,61827653116,1789006694065107,1789006694067066,74076,0,1,1,42446,42446,42446
8678,61827686425,1789006694098002,1789006694099726,74076,0,1,1,43206,43206,43206
8679,61827719733,1789006694131198,1789006694132811,74076,0,1,1,43043,43043,43043
8680,61827753042,1789006694164936,1789006694167233,74076,0,1,1,43525,43525,43525
8681,61827786350,1789006694197844,1789006694199400,74076,0,1,1,43244,43244,43244
8682,61827819659,1789006694231582,1789006694232557,74076,0,1,1,42518,42518,42518
8683,61827852968,1789006694265236,1789006694266755,74076,0,1,1,42589,42589,42589
8684,61827886276,1789006694298383,1789006694299401,74076,0,1,1,42603,42603,42603
8685,61827919585,1789006694331018,1789006694332528,74076,0,1,1,42513,42513,42513
8686,61827952893,1789006694364829,1789006694367050,74076,0,1,1,42399,42399,42399
8687,61827986202,1789006694397769,1789006694399311,74076,0,1,1,42436,42436,42436
8688,61828019511,1789006694430937,1789006694432457,74076,0,1,1,43135,43135,43135
8689,61828052819,1789006694464247,1789006694465542,74076,0,1,1,43012,43012,43012
8690,61828086128,1789006694497642,1789006694498611,74076,0,1,1,43383,43383,43383
8691,61828119436,1789006694530991,1789006694532228,74076,0,1,1,43025,43025,43025
8692,61828152745,1789006694564167,1789006694565577,74076,0,1,1,42442,42442,42442
8693,61828186054,1789006694597468,1789006694599010,74076,0,1,1,42486,42486,42486
8694,61828219362,1789006694630845,1789006694632288,74076,0,1,1,43298,43298,43298
8695,61828252671,1789006694664404,1789006694666225,74076,0,1,1,43316,43316,43316
8696,61828285979,1789006694697466,1789006694699122,74076,0,1,1,42488,42488,42488
8697,61828319288,1789006694730849,1789006694732116,74076,0,1,1,42487,42487,42487
8698,61828352597,1789006694763937,1789006694765447,74076,0,1,1,43081,43081,43081
8699,61828385905,1789006694797342,1789006694798893,74076,0,1,1,42438,42438,42438
8700,61828419214,1789006694830600,1789006694831900,74076,0,1,1,42373,42373,42373
8701,61828452522,1789006694864381,1789006694866121,74076,0,1,1,42212,42212,42212
8702,61828485831,1789006694897370,1789006694899132,74076,0,1,1,42491,42491,42491
8703,61828519140,1789006694930611,1789006694931983,74076,0,1,1,42417,42417,42417
8704,61828552448,1789006694964244,1789006694966017,74076,0,1,1,42935,42935,42935
8705,61828585757,1789006694997552,1789006694999351,74076,0,1,1,43211,43211,43211
8706,61828619065,1789006695030636,1789006695031886,74076,0,1,1,43125,43125,43125
8707,61828652374,1789006695063833,1789006695065297,74076,0,1,1,43217,43217,43217
8708,61828685683,1789006695097707,1789006695100008,74076,0,1,1,43207,43207,43207
8709,61828718991,1789006695130565,1789006695131866,74076,0,1,1,43098,43098,43098
8710,61828752300,1789006695163711,1789006695165235,74076,0,1,1,42414,42414,42414
8711,61828785608,1789006695197624,1789006695199457,74076,0,1,1,42561,42561,42561
8712,61828818917,1789006695230412,1789006695231864,74076,0,1,1,43190,43190,43190
8713,61828852226,1789006695263673,1789006695265043,74076,0,1,1,42236,42236,42236
8714,61828885534,1789006695297358,1789006695299290,74076,0,1,1,43065,43065,43065
8715,61828918843,1789006695330332,1789006695331762,74076,0,1,1,42365,42365,42365
8716,61828952151,1789006695363463,1789006695365135,74076,0,1,1,42409,42409,42409
8717,61828985460,1789006695397382,1789006695399303,74076,0,1,1,43228,43228,43228
8718,61829018769,1789006695430322,1789006695431604,74076,0,1,1,43064,43064,43064
8719,61829052077,1789006695463451,1789006695464913,74076,0,1,1,43047,43047,43047
8720,61829085386,1789006695496742,1789006695498460,74076,0,1,1,42965,42965,42965
8721,61829118694,1789006695530179,1789006695531578,74076,0,1,1,42436,42436,42436
8722,61829152003,1789006695563383,1789006695564947,74076,0,1,1,42079,42079,42079
8723,61829185312,1789006695596790,1789006695599815,74076,0,1,1,42479,42479,42479
8724,61829218620,1789006695630176,1789006695631382,74076,0,1,1,42311,42311,42311
8725,61829251929,1789006695663413,1789006695664864,74076,0,1,1,42932,42932,42932
8726,61829285237,1789006695697217,1789006695699807,74076,0,1,1,42447,42447,42447
8727,61829318546,1789006695730098,1789006695731325,74076,0,1,1,43046,43046,43046
8728,61829351855,1789006695763248,1789006695764707,74076,0,1,1,42170,42170,42170
8729,61829385163,1789006695796576,1789006695798111,74076,0,1,1,42292,42292,42292
8730,61829418472,1789006695829995,1789006695831556,74076,0,1,1,42302,42302,42302
8731,61829451780,1789006695863949,1789006695867514,74076,0,1,1,42171,42171,42171
8732,61829485089,1789006695896973,1789006695898692,74076,0,1,1,42183,42183,42183
8733,61829518398,1789006695929907,1789006695931489,74076,0,1,1,42125,42125,42125
8734,61829551706,1789006695963160,1789006695964669,74076,0,1,1,42060,42060,42060
8735,61829585015,1789006695996391,1789006695998003,74076,0,1,1,42745,42745,42745
8736,61829618323,1789006696030457,1789006696031602,74076,0,1,1,42155,42155,42155
8737,61829651632,1789006696063152,1789006696064651,74076,0,1,1,42134,42134,42134
8738,61829684941,1789006696096372,1789006696097855,74076,0,1,1,42891,42891,42891
8739,61829718249,1789006696129780,1789006696131661,74076,0,1,1,42003,42003,42003
8740,61829751558,1789006696163015,1789006696164532,74076,0,1,1,42149,42149,42149
8741,61829784866,1789006696196548,1789006696197776,74076,0,1,1,41946,41946,41946
8742,61829818175,1789006696230106,1789006696231912,74076,0,1,1,42789,42789,42789
8743,61829851484,1789006696263025,1789006696264545,74076,0,1,1,42692,42692,42692
8744,61829884792,1789006696296165,1789006696297746,74076,0,1,1,42050,42050,42050
8745,61829918101,1789006696329983,1789006696331676,74076,0,1,1,42044,42044,42044
8746,61829951409,1789006696363257,1789006696364430,74076,0,1,1,42070,42070,42070
8747,61829984718,1789006696396147,1789006696397664,74076,0,1,1,42884,42884,42884
8748,61830018027,1789006696429884,1789006696431630,74076,0,1,1,42778,42778,42778
8749,61830051335,1789006696462860,1789006696464323,74076,0,1,1,42103,42103,42103
8750,61830084644,1789006696496147,1789006696497755,74076,0,1,1,42102,42102,42102
8751,61830117952,1789006696530369,1789006696531957,74076,0,1,1,42325,42325,42325
8752,61830151261,1789006696562597,1789006696564197,74076,0,1,1,42299,42299,42299
8753,61830184570,1789006696596080,1789006696597508,74076,0,1,1,42382,42382,42382
8754,61830217878,1789006696629870,1789006696631509,74076,0,1,1,42291,42291,42291
8755,61830251187,1789006696662654,1789006696664157,74076,0,1,1,42839,42839,42839
8756,61830284495,1789006696696266,1789006696697773,74076,0,1,1,42227,42227,42227
8757,61830317804,1789006696729841,1789006696731604,74076,0,1,1,43097,43097,43097
8758,61830351113,1789006696762658,1789006696763955,74076,0,1,1,42889,42889,42889
8759,61830384421,1789006696795775,1789006696797417,74076,0,1,1,42970,42970,42970
8760,61830417730,1789006696829710,1789006696831330,74076,0,1,1,42958,42958,42958
8761,61830451038,1789006696862593,1789006696864036,74076,0,1,1,42280,42280,42280
8762,61830484347,1789006696895743,1789006696897247,74076,0,1,1,42507,42507,42507
8763,61830517656,1789006696929676,1789006696931470,74076,0,1,1,43043,43043,43043
8764,61830550964,1789006696962402,1789006696963828,74076,0,1,1,43024,43024,43024
8765,61830584273,1789006696995777,1789006696997337,74076,0,1,1,43406,43406,43406
8766,61830617581,1789006697029026,1789006697030501,74076,0,1,1,42347,42347,42347
8767,61830650890,1789006697062412,1789006697063724,74076,0,1,1,42474,42474,42474
8768,61830684199,1789006697095893,1789006697097280,74076,0,1,1,43211,43211,43211
8769,61830717507,1789006697128995,1789006697131303,74076,0,1,1,42434,42434,42434
8770,61830750816,1789006697162366,1789006697163633,74076,0,1,1,42476,42476,42476
8771,61830784124,1789006697195627,1789006697197193,74076,0,1,1,43174,43174,43174
8772,61830817433,1789006697228845,1789006697230143,74076,0,1,1,43041,43041,43041
8773,61830850742,1789006697262593,1789006697264202,74076,0,1,1,43195,43195,43195
8774,61830884050,1789006697295546,1789006697297078,74076,0,1,1,43109,43109,43109
8775,61830917359,1789006697329204,1789006697330840,74076,0,1,1,43138,43138,43138
8776,61830950667,1789006697362548,1789006697364185,74076,0,1,1,43143,43143,43143
8777,61830983976,1789006697395547,1789006697397040,74076,0,1,1,42460,42460,42460
8778,61831017285,1789006697428847,1789006697430036,74076,0,1,1,42543,42543,42543
8779,61831050593,1789006697463016,1789006697466927,74076,0,1,1,42960,42960,42960
8780,61831083902,1789006697495271,1789006697496916,74076,0,1,1,43168,43168,43168
8781,61831117210,1789006697528761,1789006697530115,74076,0,1,1,42208,42208,42208
8782,61831150519,1789006697562566,1789006697564286,74076,0,1,1,42034,42034,42034
8783,61831183828,1789006697595293,1789006697596797,74076,0,1,1,42271,42271,42271
8784,61831217136,1789006697628689,1789006697630128,74076,0,1,1,42235,42235,42235
8785,61831250445,1789006697662529,1789006697664201,74076,0,1,1,43068,43068,43068
8786,61831283753,1789006697695184,1789006697696779,74076,0,1,1,43076,43076,43076
8787,61831317062,1789006697728561,1789006697730067,74076,0,1,1,42002,42002,42002
8788,61831350371,1789006697762267,1789006697763868,74076,0,1,1,42413,42413,42413
8789,61831383679,1789006697795143,1789006697796634,74076,0,1,1,42853,42853,42853
8790,61831416988,1789006697828396,1789006697830257,74076,0,1,1,42314,42314,42314
8791,61831450296,1789006697862273,1789006697864033,74076,0,1,1,42383,42383,42383
8792,61831483605,1789006697895099,1789006697896595,74076,0,1,1,42247,42247,42247
8793,61831516914,1789006697928478,1789006697929830,74076,0,1,1,42372,42372,42372
8794,61831550222,1789006697961755,1789006697963396,74076,0,1,1,43075,43075,43075
8795,61831583531,1789006697995019,1789006697996480,74076,0,1,1,43020,43020,43020
8796,61831616839,1789006698028487,1789006698029854,74076,0,1,1,42938,42938,42938
8797,61831650148,1789006698062023,1789006698063693,74076,0,1,1,43158,43158,43158
8798,61831683457,1789006698095013,1789006698096961,74076,0,1,1,42912,42912,42912
8799,61831716765,1789006698128464,1789006698129529,74076,0,1,1,42404,42404,42404
8800,61831750074,1789006698161487,1789006698162986,74076,0,1,1,42297,42297,42297
8801,61831783382,1789006698194949,1789006698196434,74076,0,1,1,43079,43079,43079
8802,61831816691,1789006698228457,1789006698229553,74076,0,1,1,43145,43145,43145
8803,61831850000,1789006698261855,1789006698263517,74076,0,1,1,43007,43007,43007
8804,61831883308,1789006698295014,1789006698296882,74076,0,1,1,42974,42974,42974
8805,61831916617,1789006698328404,1789006698329406,74076,0,1,1,43078,43078,43078
8806,61831949925,1789006698361368,1789006698362817,74076,0,1,1,43096,43096,43096
8807,61831983234,1789006698395250,1789006698396653,74076,0,1,1,43062,43062,43062
8808,61832016543,1789006698428166,1789006698429494,74076,0,1,1,43049,43049,43049
8809,61832049851,1789006698461806,1789006698463534,74076,0,1,1,43039,43039,43039
8810,61832083160,1789006698495217,1789006698496962,74076,0,1,1,42996,42996,42996
8811,61832116468,1789006698528313,1789006698529487,74076,0,1,1,43132,43132,43132
8812,61832149777,1789006698561728,1789006698562731,74076,0,1,1,43062,43062,43062
8813,61832183086,1789006698595009,1789006698596615,74076,0,1,1,42434,42434,42434
8814,61832216394,1789006698628296,1789006698629432,74076,0,1,1,43101,43101,43101
8815,61832249703,1789006698661285,1789006698662577,74076,0,1,1,42426,42426,42426
8816,61832283011,1789006698694914,1789006698696453,74076,0,1,1,42433,42433,42433
8817,61832316320,1789006698728229,1789006698729285,74076,0,1,1,42528,42528,42528
8818,61832349629,1789006698761156,1789006698762576,74076,0,1,1,43063,43063,43063
8819,61832382937,1789006698794723,1789006698796896,74076,0,1,1,43079,43079,43079
8820,61832416246,1789006698828136,1789006698829192,74076,0,1,1,43202,43202,43202
8821,61832449554,1789006698861128,1789006698862489,74076,0,1,1,42975,42975,42975
8822,61832482863,1789006698894666,1789006698896457,74076,0,1,1,42440,42440,42440
8823,61832516172,1789006698927785,1789006698929181,74076,0,1,1,42524,42524,42524
8824,61832549480,1789006698961025,1789006698962413,74076,0,1,1,42394,42394,42394
8825,61832582789,1789006698994661,1789006698996338,74076,0,1,1,43319,43319,43319
8826,61832616097,1789006699027956,1789006699029067,74076,0,1,1,42500,42500,42500
8827,61832649406,1789006699061122,1789006699063929,74076,0,1,1,43246,43246,43246
8828,61832682715,1789006699094272,1789006699096117,74076,0,1,1,42501,42501,42501
8829,61832716023,1789006699128435,1789006699129389,74076,0,1,1,42472,42472,42472
8830,61832749332,1789006699160785,1789006699162167,74076,0,1,1,43119,43119,43119
8831,61832782640,1789006699194206,1789006699195528,74076,0,1,1,42484,42484,42484
8832,61832815949,1789006699227435,1789006699229040,74076,0,1,1,43165,43165,43165
8833,61832849258,1789006699260718,1789006699262028,74076,0,1,1,43180,43180,43180
8834,61832882566,1789006699295515,1789006699297137,74076,0,1,1,42571,42571,42571
8835,61832915875,1789006699327404,1789006699329037,74076,0,1,1,43270,43270,43270
8836,61832949183,1789006699360664,1789006699362047,74076,0,1,1,43002,43002,43002
8837,61832982492,1789006699394054,1789006699395541,74076,0,1,1,42338,42338,42338
8838,61833015801,1789006699427402,1789006699428912,74076,0,1,1,42511,42511,42511
8839,61833049109,1789006699460674,1789006699461888,74076,0,1,1,42411,42411,42411
8840,61833082418,1789006699494219,1789006699496147,74076,0,1,1,43021,43021,43021
8841,61833115726,1789006699527518,1789006699529518,74076,0,1,1,43128,43128,43128
8842,61833149035,1789006699560565,1789006699561909,74076,0,1,1,42362,42362,42362
8843,61833182344,1789006699593847,1789006699595561,74076,0,1,1,43099,43099,43099
8844,61833215652,1789006699627564,1789006699629869,74076,0,1,1,43160,43160,43160
8845,61833248961,1789006699660587,1789006699661763,74076,0,1,1,43116,43116,43116
8846,61833282269,1789006699693752,1789006699695365,74076,0,1,1,43228,43228,43228
8847,61833315578,1789006699727410,1789006699729608,74076,0,1,1,43271,43271,43271
8848,61833348887,1789006699760444,1789006699761870,74076,0,1,1,42480,42480,42480
8849,61833382195,1789006699793670,1789006699795146,74076,0,1,1,43455,43455,43455
8850,61833415504,1789006699827536,1789006699829572,74076,0,1,1,42603,42603,42603
8851,61833448812,1789006699860768,1789006699861829,74076,0,1,1,42393,42393,42393
8852,61833482121,1789006699893610,1789006699895071,74076,0,1,1,43331,43331,43331
8853,61833515430,1789006699926942,1789006699928670,74076,0,1,1,43260,43260,43260
8854,61833548738,1789006699960285,1789006699961805,74076,0,1,1,42385,42385,42385
8855,61833582047,1789006699993532,1789006699995052,74076,0,1,1,43522,43522,43522
8856,61833615355,1789006700027585,1789006700029603,74076,0,1,1,43336,43336,43336
8857,61833648664,1789006700060300,1789006700061542,74076,0,1,1,42411,42411,42411
8858,61833681973,1789006700093457,1789006700094949,74076,0,1,1,42378,42378,42378
8859,61833715281,1789006700126713,1789006700128424,74076,0,1,1,42469,42469,42469
8860,61833748590,1789006700160069,1789006700161549,74076,0,1,1,42475,42475,42475
8861,61833781898,1789006700193460,1789006700194934,74076,0,1,1,42430,42430,42430
8862,61833815207,1789006700227110,1789006700228786,74076,0,1,1,42537,42537,42537
8863,61833848516,1789006700260033,1789006700261711,74076,0,1,1,43090,43090,43090
8864,61833881824,1789006700293386,1789006700294897,74076,0,1,1,42413,42413,42413
8865,61833915133,1789006700326579,1789006700328211,74076,0,1,1,43366,43366,43366
8866,61833948441,1789006700360148,1789006700361419,74076,0,1,1,42356,42356,42356
8867,61833981750,1789006700393330,1789006700394750,74076,0,1,1,43155,43155,43155
8868,61834015059,1789006700427099,1789006700428861,74076,0,1,1,42589,42589,42589
8869,61834048367,1789006700459966,1789006700461315,74076,0,1,1,42442,42442,42442
8870,61834081676,1789006700493244,1789006700494649,74076,0,1,1,42500,42500,42500
8871,61834114984,1789006700526469,1789006700528288,74076,0,1,1,42421,42421,42421
8872,61834148293,1789006700559924,1789006700561385,74076,0,1,1,43345,43345,43345
8873,61834181602,1789006700593170,1789006700594567,74076,0,1,1,42516,42516,42516
8874,61834214910,1789006700626551,1789006700628745,74076,0,1,1,42479,42479,42479
8875,61834248219,1789006700660264,1789006700661925,74076,0,1,1,43261,43261,43261
8876,61834281527,1789006700693065,1789006700694549,74076,0,1,1,42530,42530,42530
8877,61834314836,1789006700726356,1789006700727813,74076,0,1,1,43195,43195,43195
8878,61834348145,1789006700760157,1789006700761963,74076,0,1,1,42368,42368,42368
8879,61834381453,1789006700792934,1789006700794391,74076,0,1,1,43159,43159,43159
8880,61834414762,1789006700826317,1789006700827825,74076,0,1,1,43308,43308,43308
8881,61834448070,1789006700859914,1789006700861557,74076,0,1,1,43184,43184,43184
8882,61834481379,1789006700892912,1789006700894266,74076,0,1,1,43064,43064,43064
8883,61834514688,1789006700926280,1789006700927620,74076,0,1,1,43138,43138,43138
8884,61834547996,1789006700960048,1789006700961745,74076,0,1,1,43062,43062,43062
8885,61834581305,1789006700992806,1789006700994160,74076,0,1,1,43187,43187,43187
8886,61834614613,1789006701026099,1789006701027450,74076,0,1,1,43181,43181,43181
8887,61834647922,1789006701059719,1789006701061615,74076,0,1,1,42375,42375,42375
8888,61834681231,1789006701092715,1789006701094027,74076,0,1,1,42558,42558,42558
8889,61834714539,1789006701125988,1789006701127553,74076,0,1,1,43308,43308,43308
8890,61834747848,1789006701160032,1789006701161857,74076,0,1,1,43205,43205,43205
8891,61834781156,1789006701192640,1789006701194078,74076,0,1,1,42483,42483,42483
8892,61834814465,1789006701225858,1789006701227440,74076,0,1,1,42584,42584,42584
8893,61834847774,1789006701259567,1789006701261280,74076,0,1,1,42404,42404,42404
8894,61834881082,1789006701292661,1789006701294122,74076,0,1,1,42547,42547,42547
8895,61834914391,1789006701325892,1789006701327374,74076,0,1,1,43016,43016,43016
8896,61834947699,1789006701359147,1789006701360698,74076,0,1,1,42363,42363,42363
8897,61834981008,1789006701392518,1789006701394016,74076,0,1,1,43068,43068,43068
8898,61835014317,1789006701425758,1789006701427338,74076,0,1,1,42570,42570,42570
8899,61835047625,1789006701459196,1789006701461342,74076,0,1,1,42483,42483,42483
8900,61835080934,1789006701492483,1789006701493785,74076,0,1,1,42539,42539,42539
8901,61835114242,1789006701525697,1789006701527294,74076,0,1,1,43370,43370,43370
8902,61835147551,1789006701559017,1789006701560591,74076,0,1,1,43112,43112,43112
8903,61835180860,1789006701592443,1789006701593713,74076,0,1,1,42445,42445,42445
8904,61835214168,1789006701625599,1789006701627151,74076,0,1,1,43132,43132,43132
8905,61835247477,1789006701659444,1789006701661009,74076,0,1,1,42337,42337,42337
8906,61835280785,1789006701692492,1789006701693848,74076,0,1,1,42538,42538,42538
8907,61835314094,1789006701725545,1789006701727301,74076,0,1,1,42885,42885,42885
8908,61835347403,1789006701758916,1789006701760502,74076,0,1,1,43150,43150,43150
8909,61835380711,1789006701792769,1789006701794356,74076,0,1,1,42527,42527,42527
8910,61835414020,1789006701825534,1789006701827414,74076,0,1,1,42454,42454,42454
8911,61835447328,1789006701858834,1789006701860976,74076,0,1,1,42449,42449,42449
8912,61835480637,1789006701892722,1789006701894248,74076,0,1,1,42614,42614,42614
8913,61835513946,1789006701925456,1789006701926849,74076,0,1,1,43232,43232,43232
8914,61835547254,1789006701958682,1789006701960255,74076,0,1,1,43067,43067,43067
8915,61835580563,1789006701992556,1789006701994093,74076,0,1,1,42469,42469,42469
8916,61835613871,1789006702025437,1789006702026871,74076,0,1,1,43117,43117,43117
8917,61835647180,1789006702058853,1789006702060147,74076,0,1,1,43169,43169,43169
8918,61835680489,1789006702092087,1789006702094201,74076,0,1,1,42680,42680,42680
8919,61835713797,1789006702125354,1789006702126738,74076,0,1,1,42475,42475,42475
8920,61835747106,1789006702158513,1789006702160145,74076,0,1,1,43150,43150,43150
8921,61835780414,1789006702192367,1789006702194043,74076,0,1,1,42469,42469,42469
8922,61835813723,1789006702225622,1789006702226739,74076,0,1,1,43296,43296,43296
8923,61835847032,1789006702258500,1789006702259964,74076,0,1,1,43056,43056,43056
8924,61835880340,1789006702291901,1789006702293973,74076,0,1,1,42527,42527,42527
8925,61835913649,1789006702325085,1789006702326548,74076,0,1,1,43286,43286,43286
8926,61835946957,1789006702358463,1789006702359854,74076,0,1,1,42359,42359,42359
8927,61835980266,1789006702392133,1789006702394638,74076,0,1,1,42307,42307,42307
8928,61836013575,1789006702424997,1789006702426423,74076,0,1,1,43377,43377,43377
8929,61836046883,1789006702458537,1789006702460045,74076,0,1,1,43195,43195,43195
8930,61836080192,1789006702492197,1789006702494166,74076,0,1,1,42410,42410,42410
8931,61836113500,1789006702524953,1789006702526366,74076,0,1,1,43192,43192,43192
8932,61836146809,1789006702558459,1789006702559706,74076,0,1,1,42407,42407,42407
8933,61836180118,1789006702592152,1789006702593648,74076,0,1,1,43260,43260,43260
8934,61836213426,1789006702624959,1789006702626377,74076,0,1,1,42525,42525,42525
8935,61836246735,1789006702658419,1789006702659633,74076,0,1,1,42531,42531,42531
8936,61836280043,1789006702691596,1789006702693563,74076,0,1,1,43175,43175,43175
8937,61836313352,1789006702724927,1789006702726438,74076,0,1,1,43090,43090,43090
8938,61836346661,1789006702758278,1789006702759544,74076,0,1,1,43204,43204,43204
8939,61836379969,1789006702791827,1789006702793079,74076,0,1,1,43064,43064,43064
8940,61836413278,1789006702825068,1789006702826455,74076,0,1,1,43236,43236,43236
8941,61836446586,1789006702858163,1789006702859476,74076,0,1,1,43133,43133,43133
8942,61836479895,1789006702891528,1789006702893665,74076,0,1,1,43083,43083,43083
8943,61836513204,1789006702925245,1789006702926958,74076,0,1,1,43365,43365,43365
8944,61836546512,1789006702958209,1789006702959313,74076,0,1,1,43194,43194,43194
8945,61836579821,1789006702991387,1789006702992831,74076,0,1,1,43292,43292,43292
8946,61836613129,1789006703025251,1789006703026858,74076,0,1,1,43350,43350,43350
8947,61836646438,1789006703058236,1789006703059349,74076,0,1,1,42466,42466,42466
8948,61836679747,1789006703091527,1789006703092830,74076,0,1,1,42631,42631,42631
8949,61836713055,1789006703125047,1789006703126691,74076,0,1,1,42638,42638,42638
8950,61836746364,1789006703158270,1789006703159405,74076,0,1,1,43135,43135,43135
8951,61836779672,1789006703191117,1789006703192716,74076,0,1,1,42121,42121,42121
8952,61836812981,1789006703224929,1789006703226512,74076,0,1,1,42100,42100,42100
8953,61836846290,1789006703258236,1789006703259385,74076,0,1,1,42515,42515,42515
8954,61836879598,1789006703291181,1789006703292658,74076,0,1,1,42575,42575,42575
8955,61836912907,1789006703324771,1789006703326515,74076,0,1,1,43232,43232,43232
8956,61836946215,1789006703358551,1789006703359679,74076,0,1,1,42384,42384,42384
8957,61836979524,1789006703391143,1789006703392601,74076,0,1,1,43246,43246,43246
8958,61837012833,1789006703424735,1789006703426432,74076,0,1,1,42571,42571,42571
8959,61837046141,1789006703458060,1789006703459078,74076,0,1,1,43125,43125,43125
8960,61837079450,1789006703491033,1789006703492621,74076,0,1,1,43365,43365,43365
8961,61837112758,1789006703524135,1789006703527214,74076,0,1,1,43309,43309,43309
8962,61837146067,1789006703557927,1789006703559030,74076,0,1,1,42527,42527,42527
8963,61837179376,1789006703591272,1789006703592469,74076,0,1,1,42433,42433,42433
8964,61837212684,1789006703624569,1789006703626220,74076,0,1,1,42635,42635,42635
8965,61837245993,1789006703657710,1789006703659075,74076,0,1,1,43078,43078,43078
8966,61837279301,1789006703691086,1789006703692394,74076,0,1,1,42513,42513,42513
8967,61837312610,1789006703724046,1789006703725565,74076,0,1,1,42464,42464,42464
8968,61837345919,1789006703757479,1789006703759100,74076,0,1,1,42317,42317,42317
8969,61837379227,1789006703790859,1789006703793216,74076,0,1,1,42408,42408,42408
8970,61837412536,1789006703824488,1789006703826073,74076,0,1,1,42617,42617,42617
8971,61837445844,1789006703857419,1789006703858995,74076,0,1,1,43119,43119,43119
8972,61837479153,1789006703890964,1789006703892175,74076,0,1,1,43246,43246,43246
8973,61837512462,1789006703924022,1789006703925478,74076,0,1,1,43410,43410,43410
8974,61837545770,1789006703957375,1789006703958890,74076,0,1,1,43208,43208,43208
8975,61837579079,1789006703991352,1789006703992625,74076,0,1,1,42675,42675,42675
8976,61837612387,1789006704024512,1789006704026017,74076,0,1,1,43371,43371,43371
8977,61837645696,1789006704057999,1789006704059619,74076,0,1,1,43143,43143,43143
8978,61837679005,1789006704090615,1789006704092865,74076,0,1,1,43116,43116,43116
8979,61837712313,1789006704123868,1789006704125300,74076,0,1,1,42476,42476,42476
8980,61837745622,1789006704157102,1789006704158734,74076,0,1,1,42318,42318,42318
8981,61837778930,1789006704191120,1789006704192248,74076,0,1,1,42498,42498,42498
8982,61837812239,1789006704223855,1789006704225278,74076,0,1,1,42589,42589,42589
8983,61837845548,1789006704258580,1789006704260194,74076,0,1,1,42518,42518,42518
8984,61837878856,1789006704290452,1789006704292328,74076,0,1,1,42542,42542,42542
8985,61837912165,1789006704323690,1789006704325181,74076,0,1,1,43090,43090,43090
8986,61837945473,1789006704358018,1789006704360013,74076,0,1,1,43273,43273,43273
8987,61837978782,1789006704390373,1789006704392161,74076,0,1,1,43209,43209,43209
8988,61838012091,1789006704423680,1789006704425352,74076,0,1,1,42568,42568,42568
8989,61838045399,1789006704457409,1789006704459967,74076,0,1,1,42492,42492,42492
8990,61838078708,1789006704490284,1789006704492196,74076,0,1,1,42382,42382,42382
